{"type":"FeatureCollection","features":[{"type":"Feature","properties":{"name":"Carretera Panamericana (ECUADOR)","ref":"E35","route":"road"},"geometry":{"type":"MultiLineString","coordinates":[[[-79.29603,-3.823],[-79.29617,-3.82338]],[[-79.29617,-3.82338],[-79.29603,-3.823]],[[-79.29617,-3.82338],[-79.2961,-3.82377]],[[-79.2961,-3.82377],[-79.29617,-3.82338]],[[-79.2961,-3.82377],[-79.29584,-3.82407]],[[-79.29584,-3.82407],[-79.2961,-3.82377]],[[-79.2957,-3.82276],[-79.29603,-3.823]],[[-79.29603,-3.823],[-79.2957,-3.82276]],[[-79.29584,-3.82407],[-79.29552,-3.82417]],[[-79.29552,-3.82417],[-79.29584,-3.82407]],[[-79.29463,-3.82254],[-79.2957,-3.82276]],[[-79.2957,-3.82276],[-79.29463,-3.82254]],[[-79.29552,-3.82417],[-79.29515,-3.82416]],[[-79.29515,-3.82416],[-79.29552,-3.82417]],[[-79.29515,-3.82416],[-79.2945,-3.82405]],[[-79.2945,-3.82405],[-79.29515,-3.82416]],[[-79.29342,-3.82249],[-79.29463,-3.82254]],[[-79.29463,-3.82254],[-79.29342,-3.82249]],[[-79.29437,-3.83443],[-79.29454,-3.83473]],[[-79.29454,-3.83473],[-79.29437,-3.83443]],[[-79.29454,-3.83473],[-79.29453,-3.83522]],[[-79.29453,-3.83522],[-79.29454,-3.83473]],[[-79.29453,-3.83522],[-79.29388,-3.83649]],[[-79.29388,-3.83649],[-79.29453,-3.83522]],[[-79.2945,-3.82405],[-79.2942,-3.82412]],[[-79.2942,-3.82412],[-79.2945,-3.82405]],[[-79.29363,-3.83387],[-79.29437,-3.83443]],[[-79.29437,-3.83443],[-79.29363,-3.83387]],[[-79.29391,-3.83715],[-79.29429,-3.83828]],[[-79.29429,-3.83828],[-79.29391,-3.83715]],[[-79.29429,-3.83828],[-79.29427,-3.83868]],[[-79.29427,-3.83868],[-79.29429,-3.83828]],[[-79.29427,-3.83868],[-79.29407,-3.83949]],[[-79.29407,-3.83949],[-79.29427,-3.83868]],[[-79.29407,-3.83949],[-79.29424,-3.84183]],[[-79.29424,-3.84183],[-79.29407,-3.83949]],[[-79.29424,-3.84183],[-79.29417,-3.84266]],[[-79.29417,-3.84266],[-79.29424,-3.84183]],[[-79.2942,-3.82412],[-79.29395,-3.82423]],[[-79.29395,-3.82423],[-79.2942,-3.82412]],[[-79.29417,-3.84266],[-79.29395,-3.84338]],[[-79.29395,-3.84338],[-79.29417,-3.84266]],[[-79.29402,-3.8026],[-79.29403,-3.8028]],[[-79.29403,-3.8028],[-79.29402,-3.8026]],[[-79.29403,-3.8028],[-79.29398,-3.80294]],[[-79.29398,-3.80294],[-79.29403,-3.8028]],[[-79.29397,-3.80243],[-79.29402,-3.8026]],[[-79.29402,-3.8026],[-79.29397,-3.80243]],[[-79.29398,-3.80294],[-79.29392,-3.80305]],[[-79.29392,-3.80305],[-79.29398,-3.80294]],[[-79.29333,-3.80122],[-79.29397,-3.80243]],[[-79.29397,-3.80243],[-79.29333,-3.80122]],[[-79.29395,-3.82423],[-79.29368,-3.82441]],[[-79.29368,-3.82441],[-79.29395,-3.82423]],[[-79.29395,-3.84338],[-79.29388,-3.84358]],[[-79.29388,-3.84358],[-79.29395,-3.84338]],[[-79.29392,-3.80305],[-79.29379,-3.80321]],[[-79.29379,-3.80321],[-79.29392,-3.80305]],[[-79.29382,-3.83677],[-79.29391,-3.83715]],[[-79.29391,-3.83715],[-79.29382,-3.83677]],[[-79.29388,-3.83649],[-79.29382,-3.83677]],[[-79.29382,-3.83677],[-79.29388,-3.83649]],[[-79.29388,-3.84358],[-79.29366,-3.84391]],[[-79.29366,-3.84391],[-79.29388,-3.84358]],[[-79.29379,-3.80321],[-79.29358,-3.80331]],[[-79.29358,-3.80331],[-79.29379,-3.80321]],[[-79.29368,-3.82441],[-79.29334,-3.82471]],[[-79.29334,-3.82471],[-79.29368,-3.82441]],[[-79.29366,-3.84391],[-79.29308,-3.84481]],[[-79.29308,-3.84481],[-79.29366,-3.84391]],[[-79.29335,-3.83349],[-79.29363,-3.83387]],[[-79.29363,-3.83387],[-79.29335,-3.83349]],[[-79.29358,-3.80331],[-79.29342,-3.80334]],[[-79.29342,-3.80334],[-79.29358,-3.80331]],[[-79.29322,-3.82243],[-79.29342,-3.82249]],[[-79.29342,-3.82249],[-79.29322,-3.82243]],[[-79.29342,-3.80334],[-79.29316,-3.8033]],[[-79.29316,-3.8033],[-79.29342,-3.80334]],[[-79.29224,-3.83164],[-79.29335,-3.83349]],[[-79.29335,-3.83349],[-79.29224,-3.83164]],[[-79.29334,-3.82471],[-79.29304,-3.82487]],[[-79.29304,-3.82487],[-79.29334,-3.82471]],[[-79.29323,-3.80105],[-79.29333,-3.80122]],[[-79.29333,-3.80122],[-79.29323,-3.80105]],[[-79.29307,-3.8009],[-79.29323,-3.80105]],[[-79.29323,-3.80105],[-79.29307,-3.8009]],[[-79.293,-3.82231],[-79.29322,-3.82243]],[[-79.29322,-3.82243],[-79.293,-3.82231]],[[-79.29316,-3.8033],[-79.293,-3.8032]],[[-79.293,-3.8032],[-79.29316,-3.8033]],[[-79.29308,-3.84481],[-79.29254,-3.84532]],[[-79.29254,-3.84532],[-79.29308,-3.84481]],[[-79.29235,-3.80049],[-79.29307,-3.8009]],[[-79.29307,-3.8009],[-79.29235,-3.80049]],[[-79.29304,-3.82487],[-79.29236,-3.82494]],[[-79.29236,-3.82494],[-79.29304,-3.82487]],[[-79.29213,-3.82131],[-79.293,-3.82231]],[[-79.293,-3.82231],[-79.29213,-3.82131]],[[-79.293,-3.8032],[-79.29265,-3.8028]],[[-79.29265,-3.8028],[-79.293,-3.8032]],[[-79.29265,-3.8028],[-79.29249,-3.80262]],[[-79.29249,-3.80262],[-79.29265,-3.8028]],[[-79.29254,-3.84532],[-79.29094,-3.84618]],[[-79.29094,-3.84618],[-79.29254,-3.84532]],[[-79.29249,-3.80262],[-79.29234,-3.80249]],[[-79.29234,-3.80249],[-79.29249,-3.80262]],[[-79.29236,-3.82494],[-79.29203,-3.82504]],[[-79.29203,-3.82504],[-79.29236,-3.82494]],[[-79.29196,-3.8003],[-79.29235,-3.80049]],[[-79.29235,-3.80049],[-79.29196,-3.8003]],[[-79.29234,-3.80249],[-79.29216,-3.80237]],[[-79.29216,-3.80237],[-79.29234,-3.80249]],[[-79.2921,-3.83138],[-79.29224,-3.83164]],[[-79.29224,-3.83164],[-79.2921,-3.83138]],[[-79.29216,-3.80237],[-79.29194,-3.80228]],[[-79.29194,-3.80228],[-79.29216,-3.80237]],[[-79.29189,-3.82109],[-79.29213,-3.82131]],[[-79.29213,-3.82131],[-79.29189,-3.82109]],[[-79.2919,-3.83082],[-79.2921,-3.83138]],[[-79.2921,-3.83138],[-79.2919,-3.83082]],[[-79.29203,-3.82504],[-79.29177,-3.82523]],[[-79.29177,-3.82523],[-79.29203,-3.82504]],[[-79.29091,-3.79987],[-79.29196,-3.8003]],[[-79.29196,-3.8003],[-79.29091,-3.79987]],[[-79.29194,-3.80228],[-79.29176,-3.80223]],[[-79.29176,-3.80223],[-79.29194,-3.80228]],[[-79.29136,-3.8292],[-79.2919,-3.83082]],[[-79.2919,-3.83082],[-79.29136,-3.8292]],[[-79.29167,-3.82101],[-79.29189,-3.82109]],[[-79.29189,-3.82109],[-79.29167,-3.82101]],[[-79.29177,-3.82523],[-79.29145,-3.82599]],[[-79.29145,-3.82599],[-79.29177,-3.82523]],[[-79.29176,-3.80223],[-79.29067,-3.80199]],[[-79.29067,-3.80199],[-79.29176,-3.80223]],[[-79.29121,-3.8209],[-79.29167,-3.82101]],[[-79.29167,-3.82101],[-79.29121,-3.8209]],[[-79.29161,-3.82718],[-79.29161,-3.82732]],[[-79.29161,-3.82732],[-79.29161,-3.82718]],[[-79.29161,-3.82732],[-79.29159,-3.82753]],[[-79.29159,-3.82753],[-79.29161,-3.82732]],[[-79.29157,-3.827],[-79.29161,-3.82718]],[[-79.29161,-3.82718],[-79.29157,-3.827]],[[-79.29154,-3.81606],[-79.29159,-3.81627]],[[-79.29159,-3.81627],[-79.29154,-3.81606]],[[-79.29159,-3.81627],[-79.29157,-3.81648]],[[-79.29157,-3.81648],[-79.29159,-3.81627]],[[-79.29159,-3.82753],[-79.29128,-3.82851]],[[-79.29128,-3.82851],[-79.29159,-3.82753]],[[-79.29157,-3.81648],[-79.2915,-3.81668]],[[-79.2915,-3.81668],[-79.29157,-3.81648]],[[-79.29138,-3.82643],[-79.29157,-3.827]],[[-79.29157,-3.827],[-79.29138,-3.82643]],[[-79.29131,-3.81558],[-79.29154,-3.81606]],[[-79.29154,-3.81606],[-79.29131,-3.81558]],[[-79.2915,-3.81668],[-79.29138,-3.81683]],[[-79.29138,-3.81683],[-79.2915,-3.81668]],[[-79.29145,-3.82599],[-79.29142,-3.82612]],[[-79.29142,-3.82612],[-79.29145,-3.82599]],[[-79.29142,-3.82612],[-79.29137,-3.82627]],[[-79.29137,-3.82627],[-79.29142,-3.82612]],[[-79.29138,-3.81683],[-79.2908,-3.81743]],[[-79.2908,-3.81743],[-79.29138,-3.81683]],[[-79.29137,-3.82627],[-79.29138,-3.82643]],[[-79.29138,-3.82643],[-79.29137,-3.82627]],[[-79.2913,-3.82891],[-79.29136,-3.8292]],[[-79.29136,-3.8292],[-79.2913,-3.82891]],[[-79.29131,-3.81399],[-79.29135,-3.81428]],[[-79.29135,-3.81428],[-79.29131,-3.81399]],[[-79.29135,-3.81428],[-79.29134,-3.81461]],[[-79.29134,-3.81461],[-79.29135,-3.81428]],[[-79.29134,-3.81461],[-79.29127,-3.81504]],[[-79.29127,-3.81504],[-79.29134,-3.81461]],[[-79.29128,-3.81548],[-79.29131,-3.81558]],[[-79.29131,-3.81558],[-79.29128,-3.81548]],[[-79.29121,-3.81368],[-79.29131,-3.81399]],[[-79.29131,-3.81399],[-79.29121,-3.81368]],[[-79.29128,-3.82851],[-79.2913,-3.82891]],[[-79.2913,-3.82891],[-79.29128,-3.82851]],[[-79.29125,-3.81525],[-79.29128,-3.81548]],[[-79.29128,-3.81548],[-79.29125,-3.81525]],[[-79.29127,-3.81504],[-79.29125,-3.81525]],[[-79.29125,-3.81525],[-79.29127,-3.81504]],[[-79.29108,-3.81331],[-79.29121,-3.81368]],[[-79.29121,-3.81368],[-79.29108,-3.81331]],[[-79.29095,-3.82081],[-79.29121,-3.8209]],[[-79.29121,-3.8209],[-79.29095,-3.82081]],[[-79.29094,-3.813],[-79.29108,-3.81331]],[[-79.29108,-3.81331],[-79.29094,-3.813]],[[-79.29073,-3.82069],[-79.29095,-3.82081]],[[-79.29095,-3.82081],[-79.29073,-3.82069]],[[-79.29013,-3.81169],[-79.29094,-3.813]],[[-79.29094,-3.813],[-79.29013,-3.81169]],[[-79.29094,-3.84618],[-79.2906,-3.84628]],[[-79.2906,-3.84628],[-79.29094,-3.84618]],[[-79.29072,-3.79978],[-79.29091,-3.79987]],[[-79.29091,-3.79987],[-79.29072,-3.79978]],[[-79.2908,-3.81743],[-79.2907,-3.81758]],[[-79.2907,-3.81758],[-79.2908,-3.81743]],[[-79.2905,-3.82048],[-79.29073,-3.82069]],[[-79.29073,-3.82069],[-79.2905,-3.82048]],[[-79.29053,-3.79964],[-79.29072,-3.79978]],[[-79.29072,-3.79978],[-79.29053,-3.79964]],[[-79.2907,-3.81758],[-79.29048,-3.81796]],[[-79.29048,-3.81796],[-79.2907,-3.81758]],[[-79.29067,-3.80199],[-79.29028,-3.80197]],[[-79.29028,-3.80197],[-79.29067,-3.80199]],[[-79.2906,-3.84628],[-79.29036,-3.84626]],[[-79.29036,-3.84626],[-79.2906,-3.84628]],[[-79.28962,-3.79872],[-79.29053,-3.79964]],[[-79.29053,-3.79964],[-79.28962,-3.79872]],[[-79.2903,-3.82015],[-79.2905,-3.82048]],[[-79.2905,-3.82048],[-79.2903,-3.82015]],[[-79.29048,-3.81796],[-79.29035,-3.81834]],[[-79.29035,-3.81834],[-79.29048,-3.81796]],[[-79.29036,-3.84626],[-79.29014,-3.8462]],[[-79.29014,-3.8462],[-79.29036,-3.84626]],[[-79.29035,-3.81834],[-79.29027,-3.81883]],[[-79.29027,-3.81883],[-79.29035,-3.81834]],[[-79.29022,-3.81984],[-79.2903,-3.82015]],[[-79.2903,-3.82015],[-79.29022,-3.81984]],[[-79.29028,-3.80197],[-79.28945,-3.80204]],[[-79.28945,-3.80204],[-79.29028,-3.80197]],[[-79.29027,-3.81883],[-79.29022,-3.81954]],[[-79.29022,-3.81954],[-79.29027,-3.81883]],[[-79.29022,-3.81954],[-79.29022,-3.81984]],[[-79.29022,-3.81984],[-79.29022,-3.81954]],[[-79.29014,-3.8462],[-79.28999,-3.8461]],[[-79.28999,-3.8461],[-79.29014,-3.8462]],[[-79.28997,-3.81147],[-79.29013,-3.81169]],[[-79.29013,-3.81169],[-79.28997,-3.81147]],[[-79.28996,-3.78871],[-79.28999,-3.78895]],[[-79.28999,-3.78895],[-79.28996,-3.78871]],[[-79.28999,-3.78895],[-79.28996,-3.78915]],[[-79.28996,-3.78915],[-79.28999,-3.78895]],[[-79.28999,-3.8461],[-79.28989,-3.84601]],[[-79.28989,-3.84601],[-79.28999,-3.8461]],[[-79.28978,-3.81132],[-79.28997,-3.81147]],[[-79.28997,-3.81147],[-79.28978,-3.81132]],[[-79.28984,-3.78846],[-79.28996,-3.78871]],[[-79.28996,-3.78871],[-79.28984,-3.78846]],[[-79.28996,-3.78915],[-79.28983,-3.78939]],[[-79.28983,-3.78939],[-79.28996,-3.78915]],[[-79.28989,-3.84601],[-79.2896,-3.84557]],[[-79.2896,-3.84557],[-79.28989,-3.84601]],[[-79.28963,-3.7883],[-79.28984,-3.78846]],[[-79.28984,-3.78846],[-79.28963,-3.7883]],[[-79.28983,-3.78939],[-79.2897,-3.7896]],[[-79.2897,-3.7896],[-79.28983,-3.78939]],[[-79.28941,-3.81107],[-79.28978,-3.81132]],[[-79.28978,-3.81132],[-79.28941,-3.81107]],[[-79.2897,-3.7896],[-79.28962,-3.78972]],[[-79.28962,-3.78972],[-79.2897,-3.7896]],[[-79.28948,-3.78821],[-79.28963,-3.7883]],[[-79.28963,-3.7883],[-79.28948,-3.78821]],[[-79.28962,-3.78972],[-79.28955,-3.78985]],[[-79.28955,-3.78985],[-79.28962,-3.78972]],[[-79.28937,-3.79843],[-79.28962,-3.79872]],[[-79.28962,-3.79872],[-79.28937,-3.79843]],[[-79.2896,-3.84557],[-79.2894,-3.84543]],[[-79.2894,-3.84543],[-79.2896,-3.84557]],[[-79.28955,-3.78985],[-79.28945,-3.79001]],[[-79.28945,-3.79001],[-79.28955,-3.78985]],[[-79.28926,-3.78814],[-79.28948,-3.78821]],[[-79.28948,-3.78821],[-79.28926,-3.78814]],[[-79.28945,-3.80204],[-79.28923,-3.80201]],[[-79.28923,-3.80201],[-79.28945,-3.80204]],[[-79.28945,-3.79001],[-79.28925,-3.7903]],[[-79.28925,-3.7903],[-79.28945,-3.79001]],[[-79.28932,-3.81097],[-79.28941,-3.81107]],[[-79.28941,-3.81107],[-79.28932,-3.81097]],[[-79.2894,-3.84543],[-79.28916,-3.84536]],[[-79.28916,-3.84536],[-79.2894,-3.84543]],[[-79.28874,-3.7974],[-79.28937,-3.79843]],[[-79.28937,-3.79843],[-79.28874,-3.7974]],[[-79.2893,-3.80803],[-79.28932,-3.80824]],[[-79.28932,-3.80824],[-79.2893,-3.80803]],[[-79.28932,-3.80824],[-79.28925,-3.80849]],[[-79.28925,-3.80849],[-79.28932,-3.80824]],[[-79.28922,-3.81081],[-79.28932,-3.81097]],[[-79.28932,-3.81097],[-79.28922,-3.81081]],[[-79.28924,-3.80783],[-79.2893,-3.80803]],[[-79.2893,-3.80803],[-79.28924,-3.80783]],[[-79.28905,-3.78815],[-79.28926,-3.78814]],[[-79.28926,-3.78814],[-79.28905,-3.78815]],[[-79.28925,-3.7903],[-79.2889,-3.79083]],[[-79.2889,-3.79083],[-79.28925,-3.7903]],[[-79.28925,-3.80849],[-79.28906,-3.80877]],[[-79.28906,-3.80877],[-79.28925,-3.80849]],[[-79.28916,-3.8077],[-79.28924,-3.80783]],[[-79.28924,-3.80783],[-79.28916,-3.8077]],[[-79.28923,-3.80201],[-79.28904,-3.80193]],[[-79.28904,-3.80193],[-79.28923,-3.80201]],[[-79.28898,-3.81013],[-79.28922,-3.81081]],[[-79.28922,-3.81081],[-79.28898,-3.81013]],[[-79.28916,-3.84536],[-79.28892,-3.84539]],[[-79.28892,-3.84539],[-79.28916,-3.84536]],[[-79.28899,-3.80755],[-79.28916,-3.8077]],[[-79.28916,-3.8077],[-79.28899,-3.80755]],[[-79.28906,-3.80877],[-79.28887,-3.80906]],[[-79.28887,-3.80906],[-79.28906,-3.80877]],[[-79.28883,-3.7882],[-79.28905,-3.78815]],[[-79.28905,-3.78815],[-79.28883,-3.7882]],[[-79.28904,-3.80193],[-79.2888,-3.80173]],[[-79.2888,-3.80173],[-79.28904,-3.80193]],[[-79.28878,-3.80746],[-79.28899,-3.80755]],[[-79.28899,-3.80755],[-79.28878,-3.80746]],[[-79.2888,-3.80964],[-79.28898,-3.81013]],[[-79.28898,-3.81013],[-79.2888,-3.80964]],[[-79.28892,-3.84539],[-79.28802,-3.84565]],[[-79.28802,-3.84565],[-79.28892,-3.84539]],[[-79.2889,-3.79083],[-79.28846,-3.79147]],[[-79.28846,-3.79147],[-79.2889,-3.79083]],[[-79.28887,-3.80906],[-79.2888,-3.8092]],[[-79.2888,-3.8092],[-79.28887,-3.80906]],[[-79.28733,-3.78917],[-79.28883,-3.7882]],[[-79.28883,-3.7882],[-79.28733,-3.78917]],[[-79.2888,-3.80173],[-79.28869,-3.80153]],[[-79.28869,-3.80153],[-79.2888,-3.80173]],[[-79.2888,-3.8092],[-79.28876,-3.80947]],[[-79.28876,-3.80947],[-79.2888,-3.8092]],[[-79.28876,-3.80947],[-79.2888,-3.80964]],[[-79.2888,-3.80964],[-79.28876,-3.80947]],[[-79.28775,-3.80705],[-79.28878,-3.80746]],[[-79.28878,-3.80746],[-79.28775,-3.80705]],[[-79.28835,-3.79699],[-79.28874,-3.7974]],[[-79.28874,-3.7974],[-79.28835,-3.79699]],[[-79.28869,-3.80153],[-79.28847,-3.80091]],[[-79.28847,-3.80091],[-79.28869,-3.80153]],[[-79.28847,-3.80091],[-79.28835,-3.80067]],[[-79.28835,-3.80067],[-79.28847,-3.80091]],[[-79.28846,-3.79147],[-79.28833,-3.7918]],[[-79.28833,-3.7918],[-79.28846,-3.79147]],[[-79.28835,-3.80067],[-79.2882,-3.80047]],[[-79.2882,-3.80047],[-79.28835,-3.80067]],[[-79.28708,-3.79604],[-79.28835,-3.79699]],[[-79.28835,-3.79699],[-79.28708,-3.79604]],[[-79.28833,-3.7918],[-79.28816,-3.79257]],[[-79.28816,-3.79257],[-79.28833,-3.7918]],[[-79.2882,-3.80047],[-79.28804,-3.80036]],[[-79.28804,-3.80036],[-79.2882,-3.80047]],[[-79.28816,-3.79257],[-79.28801,-3.7928]],[[-79.28801,-3.7928],[-79.28816,-3.79257]],[[-79.28804,-3.80036],[-79.2877,-3.80023]],[[-79.2877,-3.80023],[-79.28804,-3.80036]],[[-79.28802,-3.84565],[-79.28654,-3.84647]],[[-79.28654,-3.84647],[-79.28802,-3.84565]],[[-79.28801,-3.7928],[-79.28784,-3.79294]],[[-79.28784,-3.79294],[-79.28801,-3.7928]],[[-79.28784,-3.79294],[-79.28727,-3.79319]],[[-79.28727,-3.79319],[-79.28784,-3.79294]],[[-79.28761,-3.80697],[-79.28775,-3.80705]],[[-79.28775,-3.80705],[-79.28761,-3.80697]],[[-79.2877,-3.80023],[-79.28715,-3.80006]],[[-79.28715,-3.80006],[-79.2877,-3.80023]],[[-79.28757,-3.80695],[-79.28761,-3.80697]],[[-79.28761,-3.80697],[-79.28757,-3.80695]],[[-79.28745,-3.80686],[-79.28757,-3.80695]],[[-79.28757,-3.80695],[-79.28745,-3.80686]],[[-79.28739,-3.80679],[-79.28745,-3.80686]],[[-79.28745,-3.80686],[-79.28739,-3.80679]],[[-79.28727,-3.80662],[-79.28739,-3.80679]],[[-79.28739,-3.80679],[-79.28727,-3.80662]],[[-79.28732,-3.84843],[-79.28738,-3.84887]],[[-79.28738,-3.84887],[-79.28732,-3.84843]],[[-79.28738,-3.84887],[-79.28721,-3.84997]],[[-79.28721,-3.84997],[-79.28738,-3.84887]],[[-79.28651,-3.78972],[-79.28733,-3.78917]],[[-79.28733,-3.78917],[-79.28651,-3.78972]],[[-79.28721,-3.84825],[-79.28732,-3.84843]],[[-79.28732,-3.84843],[-79.28721,-3.84825]],[[-79.28727,-3.79319],[-79.28692,-3.79342]],[[-79.28692,-3.79342],[-79.28727,-3.79319]],[[-79.28719,-3.80646],[-79.28727,-3.80662]],[[-79.28727,-3.80662],[-79.28719,-3.80646]],[[-79.28721,-3.84997],[-79.28561,-3.85189]],[[-79.28561,-3.85189],[-79.28721,-3.84997]],[[-79.28707,-3.84812],[-79.28721,-3.84825]],[[-79.28721,-3.84825],[-79.28707,-3.84812]],[[-79.28697,-3.8058],[-79.28719,-3.80646]],[[-79.28719,-3.80646],[-79.28697,-3.8058]],[[-79.28715,-3.80006],[-79.28698,-3.80002]],[[-79.28698,-3.80002],[-79.28715,-3.80006]],[[-79.28691,-3.79592],[-79.28708,-3.79604]],[[-79.28708,-3.79604],[-79.28691,-3.79592]],[[-79.28689,-3.84802],[-79.28707,-3.84812]],[[-79.28707,-3.84812],[-79.28689,-3.84802]],[[-79.28698,-3.80002],[-79.28675,-3.80002]],[[-79.28675,-3.80002],[-79.28698,-3.80002]],[[-79.28677,-3.80541],[-79.28697,-3.8058]],[[-79.28697,-3.8058],[-79.28677,-3.80541]],[[-79.28692,-3.79342],[-79.28625,-3.7941]],[[-79.28625,-3.7941],[-79.28692,-3.79342]],[[-79.28684,-3.79589],[-79.28691,-3.79592]],[[-79.28691,-3.79592],[-79.28684,-3.79589]],[[-79.28668,-3.848],[-79.28689,-3.84802]],[[-79.28689,-3.84802],[-79.28668,-3.848]],[[-79.28604,-3.79492],[-79.28684,-3.79589]],[[-79.28684,-3.79589],[-79.28604,-3.79492]],[[-79.28619,-3.8047],[-79.28677,-3.80541]],[[-79.28677,-3.80541],[-79.28619,-3.8047]],[[-79.28675,-3.80002],[-79.28652,-3.80007]],[[-79.28652,-3.80007],[-79.28675,-3.80002]],[[-79.28468,-3.84793],[-79.28668,-3.848]],[[-79.28668,-3.848],[-79.28468,-3.84793]],[[-79.28654,-3.84647],[-79.28621,-3.84657]],[[-79.28621,-3.84657],[-79.28654,-3.84647]],[[-79.28652,-3.80007],[-79.28629,-3.80019]],[[-79.28629,-3.80019],[-79.28652,-3.80007]],[[-79.28606,-3.79002],[-79.28651,-3.78972]],[[-79.28651,-3.78972],[-79.28606,-3.79002]],[[-79.28629,-3.80019],[-79.28609,-3.80037]],[[-79.28609,-3.80037],[-79.28629,-3.80019]],[[-79.28625,-3.7941],[-79.28612,-3.79426]],[[-79.28612,-3.79426],[-79.28625,-3.7941]],[[-79.28621,-3.84657],[-79.2849,-3.84659]],[[-79.2849,-3.84659],[-79.28621,-3.84657]],[[-79.28586,-3.80429],[-79.28619,-3.8047]],[[-79.28619,-3.8047],[-79.28586,-3.80429]],[[-79.28612,-3.79426],[-79.28606,-3.79438]],[[-79.28606,-3.79438],[-79.28612,-3.79426]],[[-79.28609,-3.80037],[-79.28588,-3.80066]],[[-79.28588,-3.80066],[-79.28609,-3.80037]],[[-79.28606,-3.79438],[-79.28602,-3.79453]],[[-79.28602,-3.79453],[-79.28606,-3.79438]],[[-79.28562,-3.79019],[-79.28606,-3.79002]],[[-79.28606,-3.79002],[-79.28562,-3.79019]],[[-79.28598,-3.7947],[-79.28604,-3.79492]],[[-79.28604,-3.79492],[-79.28598,-3.7947]],[[-79.28602,-3.79453],[-79.28598,-3.7947]],[[-79.28598,-3.7947],[-79.28602,-3.79453]],[[-79.28586,-3.80164],[-79.2859,-3.80207]],[[-79.2859,-3.80207],[-79.28586,-3.80164]],[[-79.2859,-3.80207],[-79.28587,-3.80264]],[[-79.28587,-3.80264],[-79.2859,-3.80207]],[[-79.28588,-3.80066],[-79.28581,-3.80094]],[[-79.28581,-3.80094],[-79.28588,-3.80066]],[[-79.28587,-3.80264],[-79.28572,-3.80361]],[[-79.28572,-3.80361],[-79.28587,-3.80264]],[[-79.2858,-3.80417],[-79.28586,-3.80429]],[[-79.28586,-3.80429],[-79.2858,-3.80417]],[[-79.2858,-3.80114],[-79.28586,-3.80164]],[[-79.28586,-3.80164],[-79.2858,-3.80114]],[[-79.28581,-3.80094],[-79.28581,-3.80102]],[[-79.28581,-3.80102],[-79.28581,-3.80094]],[[-79.28581,-3.80102],[-79.2858,-3.80114]],[[-79.2858,-3.80114],[-79.28581,-3.80102]],[[-79.28574,-3.80403],[-79.2858,-3.80417]],[[-79.2858,-3.80417],[-79.28574,-3.80403]],[[-79.28572,-3.80386],[-79.28574,-3.80403]],[[-79.28574,-3.80403],[-79.28572,-3.80386]],[[-79.28572,-3.80361],[-79.28572,-3.80386]],[[-79.28572,-3.80386],[-79.28572,-3.80361]],[[-79.28478,-3.79035],[-79.28562,-3.79019]],[[-79.28562,-3.79019],[-79.28478,-3.79035]],[[-79.28561,-3.85189],[-79.28526,-3.85218]],[[-79.28526,-3.85218],[-79.28561,-3.85189]],[[-79.28526,-3.85218],[-79.28451,-3.85238]],[[-79.28451,-3.85238],[-79.28526,-3.85218]],[[-79.2849,-3.84659],[-79.28464,-3.84667]],[[-79.28464,-3.84667],[-79.2849,-3.84659]],[[-79.28441,-3.79047],[-79.28478,-3.79035]],[[-79.28478,-3.79035],[-79.28441,-3.79047]],[[-79.28466,-3.85441],[-79.28471,-3.85465]],[[-79.28471,-3.85465],[-79.28466,-3.85441]],[[-79.28471,-3.85465],[-79.28468,-3.85489]],[[-79.28468,-3.85489],[-79.28471,-3.85465]],[[-79.28468,-3.85489],[-79.28431,-3.8556]],[[-79.28431,-3.8556],[-79.28468,-3.85489]],[[-79.28447,-3.84781],[-79.28468,-3.84793]],[[-79.28468,-3.84793],[-79.28447,-3.84781]],[[-79.28465,-3.8567],[-79.28466,-3.85712]],[[-79.28466,-3.85712],[-79.28465,-3.8567]],[[-79.28466,-3.85712],[-79.28429,-3.85789]],[[-79.28429,-3.85789],[-79.28466,-3.85712]],[[-79.28409,-3.85338],[-79.28466,-3.85441]],[[-79.28466,-3.85441],[-79.28409,-3.85338]],[[-79.2843,-3.85597],[-79.28465,-3.8567]],[[-79.28465,-3.8567],[-79.2843,-3.85597]],[[-79.28464,-3.84667],[-79.28437,-3.84683]],[[-79.28437,-3.84683],[-79.28464,-3.84667]],[[-79.28451,-3.85238],[-79.28421,-3.85255]],[[-79.28421,-3.85255],[-79.28451,-3.85238]],[[-79.28424,-3.8583],[-79.28449,-3.85913]],[[-79.28449,-3.85913],[-79.28424,-3.8583]],[[-79.28449,-3.85913],[-79.28441,-3.85956]],[[-79.28441,-3.85956],[-79.28449,-3.85913]],[[-79.28435,-3.84766],[-79.28447,-3.84781]],[[-79.28447,-3.84781],[-79.28435,-3.84766]],[[-79.28441,-3.85956],[-79.28431,-3.85972]],[[-79.28431,-3.85972],[-79.28441,-3.85956]],[[-79.28396,-3.79067],[-79.28441,-3.79047]],[[-79.28441,-3.79047],[-79.28396,-3.79067]],[[-79.28437,-3.84683],[-79.28427,-3.84704]],[[-79.28427,-3.84704],[-79.28437,-3.84683]],[[-79.28425,-3.84748],[-79.28435,-3.84766]],[[-79.28435,-3.84766],[-79.28425,-3.84748]],[[-79.28431,-3.8556],[-79.28429,-3.85574]],[[-79.28429,-3.85574],[-79.28431,-3.8556]],[[-79.28431,-3.85972],[-79.28404,-3.86007]],[[-79.28404,-3.86007],[-79.28431,-3.85972]],[[-79.28429,-3.85574],[-79.2843,-3.85597]],[[-79.2843,-3.85597],[-79.28429,-3.85574]],[[-79.28429,-3.85789],[-79.28421,-3.8581]],[[-79.28421,-3.8581],[-79.28429,-3.85789]],[[-79.28427,-3.84704],[-79.28422,-3.84728]],[[-79.28422,-3.84728],[-79.28427,-3.84704]],[[-79.28422,-3.84728],[-79.28425,-3.84748]],[[-79.28425,-3.84748],[-79.28422,-3.84728]],[[-79.28421,-3.8581],[-79.28424,-3.8583]],[[-79.28424,-3.8583],[-79.28421,-3.8581]],[[-79.28421,-3.85255],[-79.2841,-3.8527]],[[-79.2841,-3.8527],[-79.28421,-3.85255]],[[-79.2841,-3.8527],[-79.28401,-3.85295]],[[-79.28401,-3.85295],[-79.2841,-3.8527]],[[-79.28403,-3.85314],[-79.28409,-3.85338]],[[-79.28409,-3.85338],[-79.28403,-3.85314]],[[-79.28404,-3.86007],[-79.28379,-3.86036]],[[-79.28379,-3.86036],[-79.28404,-3.86007]],[[-79.28401,-3.85295],[-79.28403,-3.85314]],[[-79.28403,-3.85314],[-79.28401,-3.85295]],[[-79.28366,-3.79077],[-79.28396,-3.79067]],[[-79.28396,-3.79067],[-79.28366,-3.79077]],[[-79.28379,-3.86036],[-79.28363,-3.86053]],[[-79.28363,-3.86053],[-79.28379,-3.86036]],[[-79.28367,-3.78846],[-79.28371,-3.78874]],[[-79.28371,-3.78874],[-79.28367,-3.78846]],[[-79.28371,-3.78874],[-79.28359,-3.78899]],[[-79.28359,-3.78899],[-79.28371,-3.78874]],[[-79.28361,-3.78829],[-79.28367,-3.78846]],[[-79.28367,-3.78846],[-79.28361,-3.78829]],[[-79.28347,-3.79076],[-79.28366,-3.79077]],[[-79.28366,-3.79077],[-79.28347,-3.79076]],[[-79.28363,-3.86053],[-79.28333,-3.86078]],[[-79.28333,-3.86078],[-79.28363,-3.86053]],[[-79.28334,-3.78809],[-79.28361,-3.78829]],[[-79.28361,-3.78829],[-79.28334,-3.78809]],[[-79.28359,-3.78899],[-79.28345,-3.78923]],[[-79.28345,-3.78923],[-79.28359,-3.78899]],[[-79.28326,-3.79071],[-79.28347,-3.79076]],[[-79.28347,-3.79076],[-79.28326,-3.79071]],[[-79.28345,-3.78923],[-79.28311,-3.78967]],[[-79.28311,-3.78967],[-79.28345,-3.78923]],[[-79.28301,-3.78804],[-79.28334,-3.78809]],[[-79.28334,-3.78809],[-79.28301,-3.78804]],[[-79.28333,-3.86078],[-79.28237,-3.86134]],[[-79.28237,-3.86134],[-79.28333,-3.86078]],[[-79.28304,-3.79056],[-79.28326,-3.79071]],[[-79.28326,-3.79071],[-79.28304,-3.79056]],[[-79.28311,-3.78967],[-79.28297,-3.78992]],[[-79.28297,-3.78992],[-79.28311,-3.78967]],[[-79.28294,-3.79034],[-79.28304,-3.79056]],[[-79.28304,-3.79056],[-79.28294,-3.79034]],[[-79.28278,-3.78813],[-79.28301,-3.78804]],[[-79.28301,-3.78804],[-79.28278,-3.78813]],[[-79.28297,-3.78992],[-79.28292,-3.79017]],[[-79.28292,-3.79017],[-79.28297,-3.78992]],[[-79.28292,-3.79017],[-79.28294,-3.79034]],[[-79.28294,-3.79034],[-79.28292,-3.79017]],[[-79.28256,-3.7883],[-79.28278,-3.78813]],[[-79.28278,-3.78813],[-79.28256,-3.7883]],[[-79.28229,-3.78883],[-79.28256,-3.7883]],[[-79.28256,-3.7883],[-79.28229,-3.78883]],[[-79.28237,-3.86134],[-79.28217,-3.86152]],[[-79.28217,-3.86152],[-79.28237,-3.86134]],[[-79.2818,-3.78959],[-79.28229,-3.78883]],[[-79.28229,-3.78883],[-79.2818,-3.78959]],[[-79.28217,-3.86152],[-79.28208,-3.86163]],[[-79.28208,-3.86163],[-79.28217,-3.86152]],[[-79.28208,-3.86163],[-79.28202,-3.862]],[[-79.28202,-3.862],[-79.28208,-3.86163]],[[-79.28202,-3.862],[-79.28183,-3.86292]],[[-79.28183,-3.86292],[-79.28202,-3.862]],[[-79.28183,-3.86292],[-79.28126,-3.86398]],[[-79.28126,-3.86398],[-79.28183,-3.86292]],[[-79.28157,-3.78987],[-79.2818,-3.78959]],[[-79.2818,-3.78959],[-79.28157,-3.78987]],[[-79.28075,-3.79055],[-79.28157,-3.78987]],[[-79.28157,-3.78987],[-79.28075,-3.79055]],[[-79.28126,-3.86398],[-79.28115,-3.86409]],[[-79.28115,-3.86409],[-79.28126,-3.86398]],[[-79.28115,-3.86409],[-79.28098,-3.8642]],[[-79.28098,-3.8642],[-79.28115,-3.86409]],[[-79.28098,-3.8642],[-79.27977,-3.86454]],[[-79.27977,-3.86454],[-79.28098,-3.8642]],[[-79.28036,-3.7907],[-79.28075,-3.79055]],[[-79.28075,-3.79055],[-79.28036,-3.7907]],[[-79.2801,-3.79069],[-79.28036,-3.7907]],[[-79.28036,-3.7907],[-79.2801,-3.79069]],[[-79.27975,-3.79052],[-79.2801,-3.79069]],[[-79.2801,-3.79069],[-79.27975,-3.79052]],[[-79.27999,-3.66171],[-79.28002,-3.66194]],[[-79.28002,-3.66194],[-79.27999,-3.66171]],[[-79.28002,-3.66194],[-79.27993,-3.66219]],[[-79.27993,-3.66219],[-79.28002,-3.66194]],[[-79.27988,-3.66147],[-79.27999,-3.66171]],[[-79.27999,-3.66171],[-79.27988,-3.66147]],[[-79.27993,-3.66219],[-79.27978,-3.66241]],[[-79.27978,-3.66241],[-79.27993,-3.66219]],[[-79.27967,-3.66127],[-79.27988,-3.66147]],[[-79.27988,-3.66147],[-79.27967,-3.66127]],[[-79.27978,-3.66241],[-79.27922,-3.66307]],[[-79.27922,-3.66307],[-79.27978,-3.66241]],[[-79.27977,-3.86454],[-79.27957,-3.86463]],[[-79.27957,-3.86463],[-79.27977,-3.86454]],[[-79.27953,-3.79021],[-79.27975,-3.79052]],[[-79.27975,-3.79052],[-79.27953,-3.79021]],[[-79.27944,-3.66118],[-79.27967,-3.66127]],[[-79.27967,-3.66127],[-79.27944,-3.66118]],[[-79.27957,-3.86463],[-79.27927,-3.86484]],[[-79.27927,-3.86484],[-79.27957,-3.86463]],[[-79.27923,-3.78985],[-79.27953,-3.79021]],[[-79.27953,-3.79021],[-79.27923,-3.78985]],[[-79.27875,-3.661],[-79.27944,-3.66118]],[[-79.27944,-3.66118],[-79.27875,-3.661]],[[-79.27927,-3.86484],[-79.2791,-3.865]],[[-79.2791,-3.865],[-79.27927,-3.86484]],[[-79.27901,-3.78969],[-79.27923,-3.78985]],[[-79.27923,-3.78985],[-79.27901,-3.78969]],[[-79.27922,-3.66307],[-79.27899,-3.66326]],[[-79.27899,-3.66326],[-79.27922,-3.66307]],[[-79.2791,-3.865],[-79.27887,-3.86531]],[[-79.27887,-3.86531],[-79.2791,-3.865]],[[-79.27905,-3.86642],[-79.27908,-3.86666]],[[-79.27908,-3.86666],[-79.27905,-3.86642]],[[-79.27908,-3.86666],[-79.27902,-3.86695]],[[-79.27902,-3.86695],[-79.27908,-3.86666]],[[-79.27898,-3.86624],[-79.27905,-3.86642]],[[-79.27905,-3.86642],[-79.27898,-3.86624]],[[-79.27902,-3.86695],[-79.27887,-3.86735]],[[-79.27887,-3.86735],[-79.27902,-3.86695]],[[-79.27875,-3.78965],[-79.27901,-3.78969]],[[-79.27901,-3.78969],[-79.27875,-3.78965]],[[-79.27899,-3.66326],[-79.27871,-3.66338]],[[-79.27871,-3.66338],[-79.27899,-3.66326]],[[-79.27879,-3.86584],[-79.27898,-3.86624]],[[-79.27898,-3.86624],[-79.27879,-3.86584]],[[-79.27887,-3.86735],[-79.27843,-3.86852]],[[-79.27843,-3.86852],[-79.27887,-3.86735]],[[-79.27887,-3.86531],[-79.27874,-3.86557]],[[-79.27874,-3.86557],[-79.27887,-3.86531]],[[-79.27874,-3.86557],[-79.27879,-3.86584]],[[-79.27879,-3.86584],[-79.27874,-3.86557]],[[-79.27855,-3.78966],[-79.27875,-3.78965]],[[-79.27875,-3.78965],[-79.27855,-3.78966]],[[-79.2782,-3.66091],[-79.27875,-3.661]],[[-79.27875,-3.661],[-79.2782,-3.66091]],[[-79.27871,-3.66338],[-79.27797,-3.66373]],[[-79.27797,-3.66373],[-79.27871,-3.66338]],[[-79.27835,-3.78975],[-79.27855,-3.78966]],[[-79.27855,-3.78966],[-79.27835,-3.78975]],[[-79.27843,-3.86852],[-79.27819,-3.86914]],[[-79.27819,-3.86914],[-79.27843,-3.86852]],[[-79.27821,-3.78988],[-79.27835,-3.78975]],[[-79.27835,-3.78975],[-79.27821,-3.78988]],[[-79.27807,-3.79008],[-79.27821,-3.78988]],[[-79.27821,-3.78988],[-79.27807,-3.79008]],[[-79.27789,-3.66085],[-79.2782,-3.66091]],[[-79.2782,-3.66091],[-79.27789,-3.66085]],[[-79.27819,-3.86914],[-79.27796,-3.86966]],[[-79.27796,-3.86966],[-79.27819,-3.86914]],[[-79.27802,-3.7904],[-79.27807,-3.79008]],[[-79.27807,-3.79008],[-79.27802,-3.7904]],[[-79.2779,-3.79099],[-79.27802,-3.7904]],[[-79.27802,-3.7904],[-79.2779,-3.79099]],[[-79.27797,-3.66373],[-79.27776,-3.66388]],[[-79.27776,-3.66388],[-79.27797,-3.66373]],[[-79.27796,-3.86966],[-79.27777,-3.87007]],[[-79.27777,-3.87007],[-79.27796,-3.86966]],[[-79.27789,-3.66531],[-79.2779,-3.66556]],[[-79.2779,-3.66556],[-79.27789,-3.66531]],[[-79.2779,-3.66556],[-79.27783,-3.66578]],[[-79.27783,-3.66578],[-79.2779,-3.66556]],[[-79.27779,-3.7913],[-79.2779,-3.79099]],[[-79.2779,-3.79099],[-79.27779,-3.7913]],[[-79.2777,-3.66465],[-79.27789,-3.66531]],[[-79.27789,-3.66531],[-79.2777,-3.66465]],[[-79.27766,-3.66072],[-79.27789,-3.66085]],[[-79.27789,-3.66085],[-79.27766,-3.66072]],[[-79.27783,-3.66578],[-79.27709,-3.66644]],[[-79.27709,-3.66644],[-79.27783,-3.66578]],[[-79.27757,-3.7916],[-79.27779,-3.7913]],[[-79.27779,-3.7913],[-79.27757,-3.7916]],[[-79.27777,-3.87007],[-79.27756,-3.87029]],[[-79.27756,-3.87029],[-79.27777,-3.87007]],[[-79.27776,-3.66388],[-79.27764,-3.66412]],[[-79.27764,-3.66412],[-79.27776,-3.66388]],[[-79.27761,-3.66438],[-79.2777,-3.66465]],[[-79.2777,-3.66465],[-79.27761,-3.66438]],[[-79.27755,-3.66059],[-79.27766,-3.66072]],[[-79.27766,-3.66072],[-79.27755,-3.66059]],[[-79.27764,-3.66412],[-79.27761,-3.66438]],[[-79.27761,-3.66438],[-79.27764,-3.66412]],[[-79.27756,-3.65904],[-79.2776,-3.65928]],[[-79.2776,-3.65928],[-79.27756,-3.65904]],[[-79.2776,-3.65928],[-79.27745,-3.66026]],[[-79.27745,-3.66026],[-79.2776,-3.65928]],[[-79.27724,-3.79194],[-79.27757,-3.7916]],[[-79.27757,-3.7916],[-79.27724,-3.79194]],[[-79.27756,-3.87029],[-79.27732,-3.87043]],[[-79.27732,-3.87043],[-79.27756,-3.87029]],[[-79.27743,-3.65878],[-79.27756,-3.65904]],[[-79.27756,-3.65904],[-79.27743,-3.65878]],[[-79.27745,-3.66026],[-79.27755,-3.66059]],[[-79.27755,-3.66059],[-79.27745,-3.66026]],[[-79.27732,-3.65866],[-79.27743,-3.65878]],[[-79.27743,-3.65878],[-79.27732,-3.65866]],[[-79.27732,-3.87043],[-79.27699,-3.87044]],[[-79.27699,-3.87044],[-79.27732,-3.87043]],[[-79.27717,-3.65859],[-79.27732,-3.65866]],[[-79.27732,-3.65866],[-79.27717,-3.65859]],[[-79.27689,-3.79215],[-79.27724,-3.79194]],[[-79.27724,-3.79194],[-79.27689,-3.79215]],[[-79.27696,-3.65855],[-79.27717,-3.65859]],[[-79.27717,-3.65859],[-79.27696,-3.65855]],[[-79.27709,-3.66644],[-79.27654,-3.66673]],[[-79.27654,-3.66673],[-79.27709,-3.66644]],[[-79.27699,-3.87044],[-79.27675,-3.87035]],[[-79.27675,-3.87035],[-79.27699,-3.87044]],[[-79.27674,-3.65861],[-79.27696,-3.65855]],[[-79.27696,-3.65855],[-79.27674,-3.65861]],[[-79.27604,-3.79255],[-79.27689,-3.79215]],[[-79.27689,-3.79215],[-79.27604,-3.79255]],[[-79.27675,-3.87035],[-79.2762,-3.86987]],[[-79.2762,-3.86987],[-79.27675,-3.87035]],[[-79.2762,-3.65884],[-79.27674,-3.65861]],[[-79.27674,-3.65861],[-79.2762,-3.65884]],[[-79.27654,-3.66673],[-79.27597,-3.66691]],[[-79.27597,-3.66691],[-79.27654,-3.66673]],[[-79.27586,-3.659],[-79.2762,-3.65884]],[[-79.2762,-3.65884],[-79.27586,-3.659]],[[-79.2762,-3.86987],[-79.27599,-3.86976]],[[-79.27599,-3.86976],[-79.2762,-3.86987]],[[-79.27565,-3.79263],[-79.27604,-3.79255]],[[-79.27604,-3.79255],[-79.27565,-3.79263]],[[-79.27599,-3.86976],[-79.2758,-3.86976]],[[-79.2758,-3.86976],[-79.27599,-3.86976]],[[-79.27597,-3.66691],[-79.27569,-3.6671]],[[-79.27569,-3.6671],[-79.27597,-3.66691]],[[-79.27548,-3.65913],[-79.27586,-3.659]],[[-79.27586,-3.659],[-79.27548,-3.65913]],[[-79.2758,-3.86976],[-79.2751,-3.86981]],[[-79.2751,-3.86981],[-79.2758,-3.86976]],[[-79.27569,-3.6671],[-79.27549,-3.66733]],[[-79.27549,-3.66733],[-79.27569,-3.6671]],[[-79.27521,-3.79267],[-79.27565,-3.79263]],[[-79.27565,-3.79263],[-79.27521,-3.79267]],[[-79.27556,-3.66963],[-79.27556,-3.67013]],[[-79.27556,-3.67013],[-79.27556,-3.66963]],[[-79.27556,-3.67013],[-79.27547,-3.67038]],[[-79.27547,-3.67038],[-79.27556,-3.67013]],[[-79.27546,-3.66826],[-79.27556,-3.66963]],[[-79.27556,-3.66963],[-79.27546,-3.66826]],[[-79.27549,-3.66733],[-79.2754,-3.66758]],[[-79.2754,-3.66758],[-79.27549,-3.66733]],[[-79.27457,-3.65946],[-79.27548,-3.65913]],[[-79.27548,-3.65913],[-79.27457,-3.65946]],[[-79.27547,-3.67038],[-79.27533,-3.67058]],[[-79.27533,-3.67058],[-79.27547,-3.67038]],[[-79.27539,-3.66781],[-79.27546,-3.66826]],[[-79.27546,-3.66826],[-79.27539,-3.66781]],[[-79.2754,-3.66758],[-79.27539,-3.66781]],[[-79.27539,-3.66781],[-79.2754,-3.66758]],[[-79.27533,-3.67058],[-79.27497,-3.67088]],[[-79.27497,-3.67088],[-79.27533,-3.67058]],[[-79.27478,-3.79264],[-79.27521,-3.79267]],[[-79.27521,-3.79267],[-79.27478,-3.79264]],[[-79.2751,-3.86981],[-79.27483,-3.86975]],[[-79.27483,-3.86975],[-79.2751,-3.86981]],[[-79.27497,-3.67088],[-79.27395,-3.67144]],[[-79.27395,-3.67144],[-79.27497,-3.67088]],[[-79.27483,-3.86975],[-79.27403,-3.86929]],[[-79.27403,-3.86929],[-79.27483,-3.86975]],[[-79.27451,-3.79267],[-79.27478,-3.79264]],[[-79.27478,-3.79264],[-79.27451,-3.79267]],[[-79.27383,-3.65972],[-79.27457,-3.65946]],[[-79.27457,-3.65946],[-79.27383,-3.65972]],[[-79.27429,-3.79274],[-79.27451,-3.79267]],[[-79.27451,-3.79267],[-79.27429,-3.79274]],[[-79.27404,-3.7929],[-79.27429,-3.79274]],[[-79.27429,-3.79274],[-79.27404,-3.7929]],[[-79.27374,-3.79305],[-79.27404,-3.7929]],[[-79.27404,-3.7929],[-79.27374,-3.79305]],[[-79.27403,-3.86929],[-79.27364,-3.86924]],[[-79.27364,-3.86924],[-79.27403,-3.86929]],[[-79.27395,-3.67144],[-79.27331,-3.67164]],[[-79.27331,-3.67164],[-79.27395,-3.67144]],[[-79.27351,-3.6597],[-79.27383,-3.65972]],[[-79.27383,-3.65972],[-79.27351,-3.6597]],[[-79.27343,-3.79307],[-79.27374,-3.79305]],[[-79.27374,-3.79305],[-79.27343,-3.79307]],[[-79.27364,-3.86924],[-79.27271,-3.86925]],[[-79.27271,-3.86925],[-79.27364,-3.86924]],[[-79.27321,-3.6596],[-79.27351,-3.6597]],[[-79.27351,-3.6597],[-79.27321,-3.6596]],[[-79.27319,-3.793],[-79.27343,-3.79307]],[[-79.27343,-3.79307],[-79.27319,-3.793]],[[-79.27331,-3.67164],[-79.27161,-3.67168]],[[-79.27161,-3.67168],[-79.27331,-3.67164]],[[-79.27291,-3.6594],[-79.27321,-3.6596]],[[-79.27321,-3.6596],[-79.27291,-3.6594]],[[-79.27286,-3.79283],[-79.27319,-3.793]],[[-79.27319,-3.793],[-79.27286,-3.79283]],[[-79.27258,-3.65898],[-79.27291,-3.6594]],[[-79.27291,-3.6594],[-79.27258,-3.65898]],[[-79.27268,-3.79281],[-79.27286,-3.79283]],[[-79.27286,-3.79283],[-79.27268,-3.79281]],[[-79.2727,-3.70542],[-79.27277,-3.70578]],[[-79.27277,-3.70578],[-79.2727,-3.70542]],[[-79.27277,-3.70578],[-79.27277,-3.70617]],[[-79.27277,-3.70617],[-79.27277,-3.70578]],[[-79.27277,-3.70617],[-79.27277,-3.70688]],[[-79.27277,-3.70688],[-79.27277,-3.70617]],[[-79.27277,-3.70688],[-79.27277,-3.7071]],[[-79.27277,-3.7071],[-79.27277,-3.70688]],[[-79.27277,-3.7071],[-79.27276,-3.70719]],[[-79.27276,-3.70719],[-79.27277,-3.7071]],[[-79.27276,-3.70719],[-79.27275,-3.70737]],[[-79.27275,-3.70737],[-79.27276,-3.70719]],[[-79.27275,-3.70737],[-79.27262,-3.70763]],[[-79.27262,-3.70763],[-79.27275,-3.70737]],[[-79.27271,-3.86925],[-79.27243,-3.86933]],[[-79.27243,-3.86933],[-79.27271,-3.86925]],[[-79.27237,-3.70458],[-79.2727,-3.70542]],[[-79.2727,-3.70542],[-79.27237,-3.70458]],[[-79.27255,-3.7928],[-79.27268,-3.79281]],[[-79.27268,-3.79281],[-79.27255,-3.7928]],[[-79.27262,-3.70763],[-79.27254,-3.7077]],[[-79.27254,-3.7077],[-79.27262,-3.70763]],[[-79.2719,-3.65816],[-79.27258,-3.65898]],[[-79.27258,-3.65898],[-79.2719,-3.65816]],[[-79.27238,-3.79282],[-79.27255,-3.7928]],[[-79.27255,-3.7928],[-79.27238,-3.79282]],[[-79.27254,-3.7077],[-79.27245,-3.70774]],[[-79.27245,-3.70774],[-79.27254,-3.7077]],[[-79.27245,-3.70774],[-79.27234,-3.70778]],[[-79.27234,-3.70778],[-79.27245,-3.70774]],[[-79.27242,-3.67578],[-79.27243,-3.67609]],[[-79.27243,-3.67609],[-79.27242,-3.67578]],[[-79.27243,-3.67609],[-79.27241,-3.67634]],[[-79.27241,-3.67634],[-79.27243,-3.67609]],[[-79.27243,-3.86933],[-79.27221,-3.86947]],[[-79.27221,-3.86947],[-79.27243,-3.86933]],[[-79.27241,-3.67544],[-79.27242,-3.67578]],[[-79.27242,-3.67578],[-79.27241,-3.67544]],[[-79.27241,-3.67634],[-79.27235,-3.67649]],[[-79.27235,-3.67649],[-79.27241,-3.67634]],[[-79.27238,-3.67527],[-79.27241,-3.67544]],[[-79.27241,-3.67544],[-79.27238,-3.67527]],[[-79.27218,-3.79288],[-79.27238,-3.79282]],[[-79.27238,-3.79282],[-79.27218,-3.79288]],[[-79.27228,-3.675],[-79.27238,-3.67527]],[[-79.27238,-3.67527],[-79.27228,-3.675]],[[-79.27182,-3.70326],[-79.27237,-3.70458]],[[-79.27237,-3.70458],[-79.27182,-3.70326]],[[-79.27233,-3.87188],[-79.27237,-3.87207]],[[-79.27237,-3.87207],[-79.27233,-3.87188]],[[-79.27237,-3.87207],[-79.27234,-3.87224]],[[-79.27234,-3.87224],[-79.27237,-3.87207]],[[-79.27235,-3.67649],[-79.27225,-3.67662]],[[-79.27225,-3.67662],[-79.27235,-3.67649]],[[-79.27234,-3.87224],[-79.27226,-3.87243]],[[-79.27226,-3.87243],[-79.27234,-3.87224]],[[-79.27234,-3.70778],[-79.27223,-3.7078]],[[-79.27223,-3.7078],[-79.27234,-3.70778]],[[-79.27201,-3.8711],[-79.27233,-3.87188]],[[-79.27233,-3.87188],[-79.27201,-3.8711]],[[-79.27203,-3.67484],[-79.27228,-3.675]],[[-79.27228,-3.675],[-79.27203,-3.67484]],[[-79.27226,-3.87243],[-79.27214,-3.87257]],[[-79.27214,-3.87257],[-79.27226,-3.87243]],[[-79.27225,-3.67662],[-79.27215,-3.6767]],[[-79.27215,-3.6767],[-79.27225,-3.67662]],[[-79.27223,-3.7078],[-79.27207,-3.70778]],[[-79.27207,-3.70778],[-79.27223,-3.7078]],[[-79.27221,-3.86947],[-79.27206,-3.86964]],[[-79.27206,-3.86964],[-79.27221,-3.86947]],[[-79.27191,-3.79312],[-79.27218,-3.79288]],[[-79.27218,-3.79288],[-79.27191,-3.79312]],[[-79.27215,-3.6767],[-79.27193,-3.67682]],[[-79.27193,-3.67682],[-79.27215,-3.6767]],[[-79.27214,-3.87257],[-79.27194,-3.87268]],[[-79.27194,-3.87268],[-79.27214,-3.87257]],[[-79.27207,-3.70778],[-79.27195,-3.70772]],[[-79.27195,-3.70772],[-79.27207,-3.70778]],[[-79.27206,-3.86964],[-79.27195,-3.86989]],[[-79.27195,-3.86989],[-79.27206,-3.86964]],[[-79.27176,-3.67483],[-79.27203,-3.67484]],[[-79.27203,-3.67484],[-79.27176,-3.67483]],[[-79.27193,-3.87049],[-79.27201,-3.8711]],[[-79.27201,-3.8711],[-79.27193,-3.87049]],[[-79.27197,-3.6906],[-79.27199,-3.69084]],[[-79.27199,-3.69084],[-79.27197,-3.6906]],[[-79.27199,-3.69084],[-79.27195,-3.69106]],[[-79.27195,-3.69106],[-79.27199,-3.69084]],[[-79.2719,-3.69029],[-79.27197,-3.6906]],[[-79.27197,-3.6906],[-79.2719,-3.69029]],[[-79.27195,-3.69106],[-79.2719,-3.69125]],[[-79.2719,-3.69125],[-79.27195,-3.69106]],[[-79.27195,-3.86989],[-79.27192,-3.87016]],[[-79.27192,-3.87016],[-79.27195,-3.86989]],[[-79.27195,-3.70772],[-79.27182,-3.70759]],[[-79.27182,-3.70759],[-79.27195,-3.70772]],[[-79.27194,-3.87268],[-79.27153,-3.87266]],[[-79.27153,-3.87266],[-79.27194,-3.87268]],[[-79.27192,-3.87016],[-79.27193,-3.87049]],[[-79.27193,-3.87049],[-79.27192,-3.87016]],[[-79.27193,-3.67682],[-79.27166,-3.67697]],[[-79.27166,-3.67697],[-79.27193,-3.67682]],[[-79.27131,-3.79409],[-79.27191,-3.79312]],[[-79.27191,-3.79312],[-79.27131,-3.79409]],[[-79.27158,-3.65797],[-79.2719,-3.65816]],[[-79.2719,-3.65816],[-79.27158,-3.65797]],[[-79.2719,-3.69125],[-79.27181,-3.69142]],[[-79.27181,-3.69142],[-79.2719,-3.69125]],[[-79.27181,-3.69013],[-79.2719,-3.69029]],[[-79.2719,-3.69029],[-79.27181,-3.69013]],[[-79.27146,-3.7026],[-79.27182,-3.70326]],[[-79.27182,-3.70326],[-79.27146,-3.7026]],[[-79.27182,-3.70759],[-79.2717,-3.70745]],[[-79.2717,-3.70745],[-79.27182,-3.70759]],[[-79.27181,-3.69142],[-79.27149,-3.69196]],[[-79.27149,-3.69196],[-79.27181,-3.69142]],[[-79.27165,-3.68996],[-79.27181,-3.69013]],[[-79.27181,-3.69013],[-79.27165,-3.68996]],[[-79.27075,-3.67493],[-79.27176,-3.67483]],[[-79.27176,-3.67483],[-79.27075,-3.67493]],[[-79.2717,-3.70745],[-79.27129,-3.7068]],[[-79.27129,-3.7068],[-79.2717,-3.70745]],[[-79.27166,-3.67697],[-79.27154,-3.67709]],[[-79.27154,-3.67709],[-79.27166,-3.67697]],[[-79.27148,-3.68982],[-79.27165,-3.68996]],[[-79.27165,-3.68996],[-79.27148,-3.68982]],[[-79.27161,-3.67168],[-79.27112,-3.67171]],[[-79.27112,-3.67171],[-79.27161,-3.67168]],[[-79.2712,-3.6579],[-79.27158,-3.65797]],[[-79.27158,-3.65797],[-79.2712,-3.6579]],[[-79.27154,-3.67709],[-79.2714,-3.67725]],[[-79.2714,-3.67725],[-79.27154,-3.67709]],[[-79.27153,-3.87266],[-79.27031,-3.87222]],[[-79.27031,-3.87222],[-79.27153,-3.87266]],[[-79.27149,-3.69196],[-79.27086,-3.6929]],[[-79.27086,-3.6929],[-79.27149,-3.69196]],[[-79.27111,-3.68965],[-79.27148,-3.68982]],[[-79.27148,-3.68982],[-79.27111,-3.68965]],[[-79.2713,-3.70241],[-79.27146,-3.7026]],[[-79.27146,-3.7026],[-79.2713,-3.70241]],[[-79.2714,-3.67725],[-79.27115,-3.6777]],[[-79.27115,-3.6777],[-79.2714,-3.67725]],[[-79.27113,-3.79429],[-79.27131,-3.79409]],[[-79.27131,-3.79409],[-79.27113,-3.79429]],[[-79.27105,-3.70214],[-79.2713,-3.70241]],[[-79.2713,-3.70241],[-79.27105,-3.70214]],[[-79.27129,-3.7068],[-79.27127,-3.70676]],[[-79.27127,-3.70676],[-79.27129,-3.7068]],[[-79.27127,-3.70676],[-79.27097,-3.70624]],[[-79.27097,-3.70624],[-79.27127,-3.70676]],[[-79.26973,-3.65797],[-79.2712,-3.6579]],[[-79.2712,-3.6579],[-79.26973,-3.65797]],[[-79.27115,-3.6777],[-79.27105,-3.67784]],[[-79.27105,-3.67784],[-79.27115,-3.6777]],[[-79.2709,-3.79441],[-79.27113,-3.79429]],[[-79.27113,-3.79429],[-79.2709,-3.79441]],[[-79.27112,-3.67171],[-79.27067,-3.67182]],[[-79.27067,-3.67182],[-79.27112,-3.67171]],[[-79.27012,-3.68929],[-79.27111,-3.68965]],[[-79.27111,-3.68965],[-79.27012,-3.68929]],[[-79.27088,-3.70191],[-79.27105,-3.70214]],[[-79.27105,-3.70214],[-79.27088,-3.70191]],[[-79.27105,-3.67784],[-79.27095,-3.67797]],[[-79.27095,-3.67797],[-79.27105,-3.67784]],[[-79.27097,-3.70624],[-79.27061,-3.70581]],[[-79.27061,-3.70581],[-79.27097,-3.70624]],[[-79.27095,-3.67797],[-79.27081,-3.67811]],[[-79.27081,-3.67811],[-79.27095,-3.67797]],[[-79.27093,-3.69463],[-79.27094,-3.6949]],[[-79.27094,-3.6949],[-79.27093,-3.69463]],[[-79.27094,-3.6949],[-79.27084,-3.69629]],[[-79.27084,-3.69629],[-79.27094,-3.6949]],[[-79.27089,-3.69437],[-79.27093,-3.69463]],[[-79.27093,-3.69463],[-79.27089,-3.69437]],[[-79.26865,-3.79473],[-79.2709,-3.79441]],[[-79.2709,-3.79441],[-79.26865,-3.79473]],[[-79.27088,-3.69876],[-79.27089,-3.69902]],[[-79.27089,-3.69902],[-79.27088,-3.69876]],[[-79.27089,-3.69902],[-79.27085,-3.69922]],[[-79.27085,-3.69922],[-79.27089,-3.69902]],[[-79.27075,-3.69352],[-79.27089,-3.69437]],[[-79.27089,-3.69437],[-79.27075,-3.69352]],[[-79.2707,-3.70163],[-79.27088,-3.70191]],[[-79.27088,-3.70191],[-79.2707,-3.70163]],[[-79.27079,-3.69812],[-79.27088,-3.69876]],[[-79.27088,-3.69876],[-79.27079,-3.69812]],[[-79.27086,-3.6929],[-79.27078,-3.69313]],[[-79.27078,-3.69313],[-79.27086,-3.6929]],[[-79.27085,-3.69922],[-79.27079,-3.69945]],[[-79.27079,-3.69945],[-79.27085,-3.69922]],[[-79.27084,-3.69629],[-79.27076,-3.69764]],[[-79.27076,-3.69764],[-79.27084,-3.69629]],[[-79.27081,-3.67811],[-79.27028,-3.67856]],[[-79.27028,-3.67856],[-79.27081,-3.67811]],[[-79.27076,-3.69764],[-79.27079,-3.69812]],[[-79.27079,-3.69812],[-79.27076,-3.69764]],[[-79.27079,-3.69945],[-79.27062,-3.69983]],[[-79.27062,-3.69983],[-79.27079,-3.69945]],[[-79.27078,-3.69313],[-79.27074,-3.69335]],[[-79.27074,-3.69335],[-79.27078,-3.69313]],[[-79.27046,-3.67492],[-79.27075,-3.67493]],[[-79.27075,-3.67493],[-79.27046,-3.67492]],[[-79.27074,-3.69335],[-79.27075,-3.69352]],[[-79.27075,-3.69352],[-79.27074,-3.69335]],[[-79.27052,-3.70109],[-79.2707,-3.70163]],[[-79.2707,-3.70163],[-79.27052,-3.70109]],[[-79.27067,-3.67182],[-79.26847,-3.67203]],[[-79.26847,-3.67203],[-79.27067,-3.67182]],[[-79.27062,-3.68244],[-79.27064,-3.68258]],[[-79.27064,-3.68258],[-79.27062,-3.68244]],[[-79.27064,-3.68258],[-79.27063,-3.68275]],[[-79.27063,-3.68275],[-79.27064,-3.68258]],[[-79.27063,-3.68275],[-79.27061,-3.68285]],[[-79.27061,-3.68285],[-79.27063,-3.68275]],[[-79.27056,-3.68224],[-79.27062,-3.68244]],[[-79.27062,-3.68244],[-79.27056,-3.68224]],[[-79.27062,-3.69983],[-79.27047,-3.7001]],[[-79.27047,-3.7001],[-79.27062,-3.69983]],[[-79.27061,-3.70581],[-79.27044,-3.70565]],[[-79.27044,-3.70565],[-79.27061,-3.70581]],[[-79.27061,-3.68285],[-79.27056,-3.68299]],[[-79.27056,-3.68299],[-79.27061,-3.68285]],[[-79.27056,-3.68299],[-79.2705,-3.68309]],[[-79.2705,-3.68309],[-79.27056,-3.68299]],[[-79.27038,-3.6818],[-79.27056,-3.68224]],[[-79.27056,-3.68224],[-79.27038,-3.6818]],[[-79.27041,-3.70066],[-79.27052,-3.70109]],[[-79.27052,-3.70109],[-79.27041,-3.70066]],[[-79.2705,-3.68309],[-79.26991,-3.68377]],[[-79.26991,-3.68377],[-79.2705,-3.68309]],[[-79.27047,-3.7001],[-79.27039,-3.70041]],[[-79.27039,-3.70041],[-79.27047,-3.7001]],[[-79.27015,-3.67482],[-79.27046,-3.67492]],[[-79.27046,-3.67492],[-79.27015,-3.67482]],[[-79.27044,-3.70565],[-79.27036,-3.70557]],[[-79.27036,-3.70557],[-79.27044,-3.70565]],[[-79.27039,-3.70041],[-79.27041,-3.70066]],[[-79.27041,-3.70066],[-79.27039,-3.70041]],[[-79.27037,-3.68176],[-79.27038,-3.6818]],[[-79.27038,-3.6818],[-79.27037,-3.68176]],[[-79.26994,-3.68069],[-79.27037,-3.68176]],[[-79.27037,-3.68176],[-79.26994,-3.68069]],[[-79.27036,-3.70557],[-79.26939,-3.70465]],[[-79.26939,-3.70465],[-79.27036,-3.70557]],[[-79.27031,-3.87222],[-79.2698,-3.87204]],[[-79.2698,-3.87204],[-79.27031,-3.87222]],[[-79.27028,-3.67856],[-79.27017,-3.67868]],[[-79.27017,-3.67868],[-79.27028,-3.67856]],[[-79.27025,-3.87627],[-79.27024,-3.87602]],[[-79.27024,-3.87602],[-79.27025,-3.87627]],[[-79.27021,-3.87648],[-79.27025,-3.87627]],[[-79.27025,-3.87627],[-79.27021,-3.87648]],[[-79.27024,-3.87602],[-79.27016,-3.87583]],[[-79.27016,-3.87583],[-79.27024,-3.87602]],[[-79.26987,-3.87701],[-79.27021,-3.87648]],[[-79.27021,-3.87648],[-79.26987,-3.87701]],[[-79.27017,-3.67868],[-79.27005,-3.67884]],[[-79.27005,-3.67884],[-79.27017,-3.67868]],[[-79.27016,-3.87583],[-79.26999,-3.87564]],[[-79.26999,-3.87564],[-79.27016,-3.87583]],[[-79.26967,-3.67463],[-79.27015,-3.67482]],[[-79.27015,-3.67482],[-79.26967,-3.67463]],[[-79.26998,-3.6892],[-79.27012,-3.68929]],[[-79.27012,-3.68929],[-79.26998,-3.6892]],[[-79.2701,-3.87848],[-79.26999,-3.87813]],[[-79.26999,-3.87813],[-79.2701,-3.87848]],[[-79.26991,-3.87933],[-79.2701,-3.87848]],[[-79.2701,-3.87848],[-79.26991,-3.87933]],[[-79.27005,-3.67884],[-79.26996,-3.67899]],[[-79.26996,-3.67899],[-79.27005,-3.67884]],[[-79.26999,-3.87813],[-79.26978,-3.87769]],[[-79.26978,-3.87769],[-79.26999,-3.87813]],[[-79.26999,-3.87564],[-79.2693,-3.87524]],[[-79.2693,-3.87524],[-79.26999,-3.87564]],[[-79.26986,-3.68907],[-79.26998,-3.6892]],[[-79.26998,-3.6892],[-79.26986,-3.68907]],[[-79.26996,-3.67899],[-79.26987,-3.67919]],[[-79.26987,-3.67919],[-79.26996,-3.67899]],[[-79.26987,-3.68056],[-79.26994,-3.68069]],[[-79.26994,-3.68069],[-79.26987,-3.68056]],[[-79.26991,-3.68377],[-79.26978,-3.68396]],[[-79.26978,-3.68396],[-79.26991,-3.68377]],[[-79.2695,-3.88],[-79.26991,-3.87933]],[[-79.26991,-3.87933],[-79.2695,-3.88]],[[-79.26976,-3.87726],[-79.26987,-3.87701]],[[-79.26987,-3.87701],[-79.26976,-3.87726]],[[-79.26987,-3.67919],[-79.26985,-3.67925]],[[-79.26985,-3.67925],[-79.26987,-3.67919]],[[-79.2697,-3.68031],[-79.26987,-3.68056]],[[-79.26987,-3.68056],[-79.2697,-3.68031]],[[-79.26973,-3.68885],[-79.26986,-3.68907]],[[-79.26986,-3.68907],[-79.26973,-3.68885]],[[-79.26985,-3.67925],[-79.26967,-3.67975]],[[-79.26967,-3.67975],[-79.26985,-3.67925]],[[-79.26981,-3.68518],[-79.26983,-3.68545]],[[-79.26983,-3.68545],[-79.26981,-3.68518]],[[-79.26983,-3.68545],[-79.26958,-3.68703]],[[-79.26958,-3.68703],[-79.26983,-3.68545]],[[-79.26977,-3.68493],[-79.26981,-3.68518]],[[-79.26981,-3.68518],[-79.26977,-3.68493]],[[-79.2698,-3.87204],[-79.26949,-3.87199]],[[-79.26949,-3.87199],[-79.2698,-3.87204]],[[-79.26978,-3.87769],[-79.2697,-3.87747]],[[-79.2697,-3.87747],[-79.26978,-3.87769]],[[-79.26978,-3.68396],[-79.26969,-3.68413]],[[-79.26969,-3.68413],[-79.26978,-3.68396]],[[-79.26967,-3.68446],[-79.26977,-3.68493]],[[-79.26977,-3.68493],[-79.26967,-3.68446]],[[-79.2697,-3.87747],[-79.26976,-3.87726]],[[-79.26976,-3.87726],[-79.2697,-3.87747]],[[-79.26965,-3.68839],[-79.26973,-3.68885]],[[-79.26973,-3.68885],[-79.26965,-3.68839]],[[-79.26936,-3.65782],[-79.26973,-3.65797]],[[-79.26973,-3.65797],[-79.26936,-3.65782]],[[-79.26965,-3.68018],[-79.2697,-3.68031]],[[-79.2697,-3.68031],[-79.26965,-3.68018]],[[-79.26969,-3.68413],[-79.26965,-3.68431]],[[-79.26965,-3.68431],[-79.26969,-3.68413]],[[-79.26967,-3.67975],[-79.26963,-3.67994]],[[-79.26963,-3.67994],[-79.26967,-3.67975]],[[-79.26938,-3.67461],[-79.26967,-3.67463]],[[-79.26967,-3.67463],[-79.26938,-3.67461]],[[-79.26965,-3.68431],[-79.26967,-3.68446]],[[-79.26967,-3.68446],[-79.26965,-3.68431]],[[-79.26963,-3.68007],[-79.26965,-3.68018]],[[-79.26965,-3.68018],[-79.26963,-3.68007]],[[-79.26955,-3.68792],[-79.26965,-3.68839]],[[-79.26965,-3.68839],[-79.26955,-3.68792]],[[-79.26963,-3.67994],[-79.26963,-3.68007]],[[-79.26963,-3.68007],[-79.26963,-3.67994]],[[-79.26958,-3.68703],[-79.26955,-3.6872]],[[-79.26955,-3.6872],[-79.26958,-3.68703]],[[-79.26955,-3.6872],[-79.26953,-3.68736]],[[-79.26953,-3.68736],[-79.26955,-3.6872]],[[-79.26952,-3.68761],[-79.26955,-3.68792]],[[-79.26955,-3.68792],[-79.26952,-3.68761]],[[-79.26953,-3.68736],[-79.26952,-3.68761]],[[-79.26952,-3.68761],[-79.26953,-3.68736]],[[-79.26892,-3.88067],[-79.2695,-3.88]],[[-79.2695,-3.88],[-79.26892,-3.88067]],[[-79.26949,-3.87199],[-79.26919,-3.87207]],[[-79.26919,-3.87207],[-79.26949,-3.87199]],[[-79.26939,-3.70465],[-79.26887,-3.70427]],[[-79.26887,-3.70427],[-79.26939,-3.70465]],[[-79.26906,-3.67478],[-79.26938,-3.67461]],[[-79.26938,-3.67461],[-79.26906,-3.67478]],[[-79.26909,-3.65745],[-79.26936,-3.65782]],[[-79.26936,-3.65782],[-79.26909,-3.65745]],[[-79.2693,-3.87524],[-79.26841,-3.87442]],[[-79.26841,-3.87442],[-79.2693,-3.87524]],[[-79.26919,-3.87207],[-79.2681,-3.8728]],[[-79.2681,-3.8728],[-79.26919,-3.87207]],[[-79.26879,-3.65632],[-79.26909,-3.65745]],[[-79.26909,-3.65745],[-79.26879,-3.65632]],[[-79.26833,-3.67518],[-79.26906,-3.67478]],[[-79.26906,-3.67478],[-79.26833,-3.67518]],[[-79.26869,-3.88083],[-79.26892,-3.88067]],[[-79.26892,-3.88067],[-79.26869,-3.88083]],[[-79.26887,-3.70427],[-79.26837,-3.70404]],[[-79.26837,-3.70404],[-79.26887,-3.70427]],[[-79.26847,-3.6559],[-79.26879,-3.65632]],[[-79.26879,-3.65632],[-79.26847,-3.6559]],[[-79.26844,-3.88089],[-79.26869,-3.88083]],[[-79.26869,-3.88083],[-79.26844,-3.88089]],[[-79.2684,-3.79479],[-79.26865,-3.79473]],[[-79.26865,-3.79473],[-79.2684,-3.79479]],[[-79.26847,-3.67203],[-79.2682,-3.67209]],[[-79.2682,-3.67209],[-79.26847,-3.67203]],[[-79.26821,-3.65577],[-79.26847,-3.6559]],[[-79.26847,-3.6559],[-79.26821,-3.65577]],[[-79.26817,-3.88086],[-79.26844,-3.88089]],[[-79.26844,-3.88089],[-79.26817,-3.88086]],[[-79.26838,-3.74571],[-79.26842,-3.74608]],[[-79.26842,-3.74608],[-79.26838,-3.74571]],[[-79.26842,-3.74608],[-79.26834,-3.74637]],[[-79.26834,-3.74637],[-79.26842,-3.74608]],[[-79.26841,-3.87442],[-79.26798,-3.87359]],[[-79.26798,-3.87359],[-79.26841,-3.87442]],[[-79.26812,-3.79494],[-79.2684,-3.79479]],[[-79.2684,-3.79479],[-79.26812,-3.79494]],[[-79.26816,-3.74481],[-79.26838,-3.74571]],[[-79.26838,-3.74571],[-79.26816,-3.74481]],[[-79.26837,-3.70404],[-79.26814,-3.70384]],[[-79.26814,-3.70384],[-79.26837,-3.70404]],[[-79.26834,-3.74637],[-79.26788,-3.74709]],[[-79.26788,-3.74709],[-79.26834,-3.74637]],[[-79.26796,-3.67524],[-79.26833,-3.67518]],[[-79.26833,-3.67518],[-79.26796,-3.67524]],[[-79.26793,-3.6557],[-79.26821,-3.65577]],[[-79.26821,-3.65577],[-79.26793,-3.6557]],[[-79.2682,-3.67209],[-79.26795,-3.67222]],[[-79.26795,-3.67222],[-79.2682,-3.67209]],[[-79.2668,-3.8805],[-79.26817,-3.88086]],[[-79.26817,-3.88086],[-79.2668,-3.8805]],[[-79.26802,-3.74453],[-79.26816,-3.74481]],[[-79.26816,-3.74481],[-79.26802,-3.74453]],[[-79.26814,-3.70384],[-79.26789,-3.7032]],[[-79.26789,-3.7032],[-79.26814,-3.70384]],[[-79.26755,-3.79538],[-79.26812,-3.79494]],[[-79.26812,-3.79494],[-79.26755,-3.79538]],[[-79.2681,-3.8728],[-79.26798,-3.87297]],[[-79.26798,-3.87297],[-79.2681,-3.8728]],[[-79.26778,-3.74421],[-79.26802,-3.74453]],[[-79.26802,-3.74453],[-79.26778,-3.74421]],[[-79.26798,-3.87297],[-79.26791,-3.87316]],[[-79.26791,-3.87316],[-79.26798,-3.87297]],[[-79.26798,-3.87359],[-79.26791,-3.87334]],[[-79.26791,-3.87334],[-79.26798,-3.87359]],[[-79.26778,-3.67523],[-79.26796,-3.67524]],[[-79.26796,-3.67524],[-79.26778,-3.67523]],[[-79.26795,-3.67222],[-79.26778,-3.67247]],[[-79.26778,-3.67247],[-79.26795,-3.67222]],[[-79.26496,-3.65524],[-79.26793,-3.6557]],[[-79.26793,-3.6557],[-79.26496,-3.65524]],[[-79.26791,-3.87334],[-79.26791,-3.87316]],[[-79.26791,-3.87316],[-79.26791,-3.87334]],[[-79.26789,-3.7032],[-79.26776,-3.70298]],[[-79.26776,-3.70298],[-79.26789,-3.7032]],[[-79.26788,-3.74709],[-79.26716,-3.74786]],[[-79.26716,-3.74786],[-79.26788,-3.74709]],[[-79.26785,-3.72246],[-79.26786,-3.72264]],[[-79.26786,-3.72264],[-79.26785,-3.72246]],[[-79.26786,-3.72264],[-79.26783,-3.72277]],[[-79.26783,-3.72277],[-79.26786,-3.72264]],[[-79.26783,-3.72234],[-79.26785,-3.72246]],[[-79.26785,-3.72246],[-79.26783,-3.72234]],[[-79.26783,-3.72277],[-79.26773,-3.72327]],[[-79.26773,-3.72327],[-79.26783,-3.72277]],[[-79.26777,-3.72219],[-79.26783,-3.72234]],[[-79.26783,-3.72234],[-79.26777,-3.72219]],[[-79.26778,-3.67247],[-79.26763,-3.67333]],[[-79.26763,-3.67333],[-79.26778,-3.67247]],[[-79.26736,-3.74372],[-79.26778,-3.74421]],[[-79.26778,-3.74421],[-79.26736,-3.74372]],[[-79.2676,-3.67513],[-79.26778,-3.67523]],[[-79.26778,-3.67523],[-79.2676,-3.67513]],[[-79.26765,-3.72194],[-79.26777,-3.72219]],[[-79.26777,-3.72219],[-79.26765,-3.72194]],[[-79.26776,-3.70298],[-79.26762,-3.70286]],[[-79.26762,-3.70286],[-79.26776,-3.70298]],[[-79.26773,-3.72327],[-79.2676,-3.72387]],[[-79.2676,-3.72387],[-79.26773,-3.72327]],[[-79.26748,-3.72144],[-79.26765,-3.72194]],[[-79.26765,-3.72194],[-79.26748,-3.72144]],[[-79.26763,-3.67333],[-79.26744,-3.67397]],[[-79.26744,-3.67397],[-79.26763,-3.67333]],[[-79.26762,-3.70286],[-79.26739,-3.70271]],[[-79.26739,-3.70271],[-79.26762,-3.70286]],[[-79.26751,-3.67501],[-79.2676,-3.67513]],[[-79.2676,-3.67513],[-79.26751,-3.67501]],[[-79.2676,-3.72387],[-79.26755,-3.72406]],[[-79.26755,-3.72406],[-79.2676,-3.72387]],[[-79.26732,-3.79549],[-79.26755,-3.79538]],[[-79.26755,-3.79538],[-79.26732,-3.79549]],[[-79.26755,-3.72406],[-79.26746,-3.72422]],[[-79.26746,-3.72422],[-79.26755,-3.72406]],[[-79.26742,-3.67482],[-79.26751,-3.67501]],[[-79.26751,-3.67501],[-79.26742,-3.67482]],[[-79.26726,-3.72084],[-79.26748,-3.72144]],[[-79.26748,-3.72144],[-79.26726,-3.72084]],[[-79.26746,-3.72422],[-79.26736,-3.72435]],[[-79.26736,-3.72435],[-79.26746,-3.72422]],[[-79.26744,-3.67397],[-79.26736,-3.67447]],[[-79.26736,-3.67447],[-79.26744,-3.67397]],[[-79.26736,-3.67447],[-79.26742,-3.67482]],[[-79.26742,-3.67482],[-79.26736,-3.67447]],[[-79.26739,-3.70271],[-79.26718,-3.70267]],[[-79.26718,-3.70267],[-79.26739,-3.70271]],[[-79.26702,-3.74334],[-79.26736,-3.74372]],[[-79.26736,-3.74372],[-79.26702,-3.74334]],[[-79.26736,-3.72435],[-79.26685,-3.72486]],[[-79.26685,-3.72486],[-79.26736,-3.72435]],[[-79.26709,-3.79551],[-79.26732,-3.79549]],[[-79.26732,-3.79549],[-79.26709,-3.79551]],[[-79.26709,-3.72055],[-79.26726,-3.72084]],[[-79.26726,-3.72084],[-79.26709,-3.72055]],[[-79.26718,-3.70267],[-79.26696,-3.70272]],[[-79.26696,-3.70272],[-79.26718,-3.70267]],[[-79.26716,-3.74786],[-79.26708,-3.74802]],[[-79.26708,-3.74802],[-79.26716,-3.74786]],[[-79.26701,-3.74843],[-79.26714,-3.74915]],[[-79.26714,-3.74915],[-79.26701,-3.74843]],[[-79.26714,-3.74915],[-79.26712,-3.7494]],[[-79.26712,-3.7494],[-79.26714,-3.74915]],[[-79.26712,-3.7494],[-79.26703,-3.74959]],[[-79.26703,-3.74959],[-79.26712,-3.7494]],[[-79.26621,-3.79523],[-79.26709,-3.79551]],[[-79.26709,-3.79551],[-79.26621,-3.79523]],[[-79.26686,-3.72015],[-79.26709,-3.72055]],[[-79.26709,-3.72055],[-79.26686,-3.72015]],[[-79.26708,-3.74802],[-79.26703,-3.74821]],[[-79.26703,-3.74821],[-79.26708,-3.74802]],[[-79.26703,-3.74959],[-79.26646,-3.7502]],[[-79.26646,-3.7502],[-79.26703,-3.74959]],[[-79.26703,-3.74821],[-79.26701,-3.74843]],[[-79.26701,-3.74843],[-79.26703,-3.74821]],[[-79.26687,-3.74319],[-79.26702,-3.74334]],[[-79.26702,-3.74334],[-79.26687,-3.74319]],[[-79.26696,-3.70272],[-79.26677,-3.70284]],[[-79.26677,-3.70284],[-79.26696,-3.70272]],[[-79.26658,-3.71079],[-79.2669,-3.71207]],[[-79.2669,-3.71207],[-79.26658,-3.71079]],[[-79.2669,-3.71207],[-79.26689,-3.71241]],[[-79.26689,-3.71241],[-79.2669,-3.71207]],[[-79.26689,-3.71241],[-79.26684,-3.71266]],[[-79.26684,-3.71266],[-79.26689,-3.71241]],[[-79.26661,-3.74291],[-79.26687,-3.74319]],[[-79.26687,-3.74319],[-79.26661,-3.74291]],[[-79.26663,-3.71974],[-79.26686,-3.72015]],[[-79.26686,-3.72015],[-79.26663,-3.71974]],[[-79.26685,-3.72486],[-79.26666,-3.72507]],[[-79.26666,-3.72507],[-79.26685,-3.72486]],[[-79.26684,-3.71266],[-79.26661,-3.713]],[[-79.26661,-3.713],[-79.26684,-3.71266]],[[-79.26656,-3.88047],[-79.2668,-3.8805]],[[-79.2668,-3.8805],[-79.26656,-3.88047]],[[-79.26677,-3.70284],[-79.26664,-3.70296]],[[-79.26664,-3.70296],[-79.26677,-3.70284]],[[-79.26666,-3.72507],[-79.2666,-3.72524]],[[-79.2666,-3.72524],[-79.26666,-3.72507]],[[-79.26664,-3.70296],[-79.26652,-3.70324]],[[-79.26652,-3.70324],[-79.26664,-3.70296]],[[-79.26633,-3.71917],[-79.26663,-3.71974]],[[-79.26663,-3.71974],[-79.26633,-3.71917]],[[-79.26632,-3.74259],[-79.26661,-3.74291]],[[-79.26661,-3.74291],[-79.26632,-3.74259]],[[-79.26661,-3.713],[-79.26604,-3.71383]],[[-79.26604,-3.71383],[-79.26661,-3.713]],[[-79.2666,-3.72524],[-79.26659,-3.72538]],[[-79.26659,-3.72538],[-79.2666,-3.72524]],[[-79.26659,-3.72538],[-79.26649,-3.72629]],[[-79.26649,-3.72629],[-79.26659,-3.72538]],[[-79.26643,-3.71008],[-79.26658,-3.71079]],[[-79.26658,-3.71079],[-79.26643,-3.71008]],[[-79.26632,-3.88051],[-79.26656,-3.88047]],[[-79.26656,-3.88047],[-79.26632,-3.88051]],[[-79.26652,-3.70324],[-79.26641,-3.70536]],[[-79.26641,-3.70536],[-79.26652,-3.70324]],[[-79.26649,-3.72629],[-79.26646,-3.72643]],[[-79.26646,-3.72643],[-79.26649,-3.72629]],[[-79.26646,-3.72643],[-79.26641,-3.72655]],[[-79.26641,-3.72655],[-79.26646,-3.72643]],[[-79.26646,-3.7502],[-79.26609,-3.75051]],[[-79.26609,-3.75051],[-79.26646,-3.7502]],[[-79.26632,-3.70932],[-79.26643,-3.71008]],[[-79.26643,-3.71008],[-79.26632,-3.70932]],[[-79.26641,-3.70536],[-79.26638,-3.70782]],[[-79.26638,-3.70782],[-79.26641,-3.70536]],[[-79.26641,-3.72655],[-79.26626,-3.72677]],[[-79.26626,-3.72677],[-79.26641,-3.72655]],[[-79.26638,-3.70782],[-79.26632,-3.70932]],[[-79.26632,-3.70932],[-79.26638,-3.70782]],[[-79.26603,-3.71861],[-79.26633,-3.71917]],[[-79.26633,-3.71917],[-79.26603,-3.71861]],[[-79.26611,-3.88062],[-79.26632,-3.88051]],[[-79.26632,-3.88051],[-79.26611,-3.88062]],[[-79.26603,-3.74231],[-79.26632,-3.74259]],[[-79.26632,-3.74259],[-79.26603,-3.74231]],[[-79.26626,-3.72677],[-79.26606,-3.7271]],[[-79.26606,-3.7271],[-79.26626,-3.72677]],[[-79.26622,-3.7152],[-79.26624,-3.71559]],[[-79.26624,-3.71559],[-79.26622,-3.7152]],[[-79.26624,-3.71559],[-79.26609,-3.7162]],[[-79.26609,-3.7162],[-79.26624,-3.71559]],[[-79.26594,-3.7142],[-79.26622,-3.7152]],[[-79.26622,-3.7152],[-79.26594,-3.7142]],[[-79.26593,-3.79527],[-79.26621,-3.79523]],[[-79.26621,-3.79523],[-79.26593,-3.79527]],[[-79.26609,-3.7162],[-79.26613,-3.71695]],[[-79.26613,-3.71695],[-79.26609,-3.7162]],[[-79.26613,-3.71695],[-79.26599,-3.71747]],[[-79.26599,-3.71747],[-79.26613,-3.71695]],[[-79.26595,-3.8808],[-79.26611,-3.88062]],[[-79.26611,-3.88062],[-79.26595,-3.8808]],[[-79.26602,-3.72743],[-79.2661,-3.72789]],[[-79.2661,-3.72789],[-79.26602,-3.72743]],[[-79.2661,-3.72789],[-79.2661,-3.72802]],[[-79.2661,-3.72802],[-79.2661,-3.72789]],[[-79.2661,-3.72802],[-79.26609,-3.72812]],[[-79.26609,-3.72812],[-79.2661,-3.72802]],[[-79.26609,-3.75051],[-79.26601,-3.75058]],[[-79.26601,-3.75058],[-79.26609,-3.75051]],[[-79.26609,-3.72812],[-79.26604,-3.72827]],[[-79.26604,-3.72827],[-79.26609,-3.72812]],[[-79.26606,-3.7271],[-79.26603,-3.7272]],[[-79.26603,-3.7272],[-79.26606,-3.7271]],[[-79.26603,-3.75434],[-79.26606,-3.75475]],[[-79.26606,-3.75475],[-79.26603,-3.75434]],[[-79.26606,-3.75475],[-79.26588,-3.75511]],[[-79.26588,-3.75511],[-79.26606,-3.75475]],[[-79.26604,-3.71383],[-79.26596,-3.71399]],[[-79.26596,-3.71399],[-79.26604,-3.71383]],[[-79.26604,-3.72827],[-79.26596,-3.72837]],[[-79.26596,-3.72837],[-79.26604,-3.72827]],[[-79.26576,-3.75401],[-79.26603,-3.75434]],[[-79.26603,-3.75434],[-79.26576,-3.75401]],[[-79.26551,-3.74186],[-79.26603,-3.74231]],[[-79.26603,-3.74231],[-79.26551,-3.74186]],[[-79.26603,-3.7272],[-79.26602,-3.72743]],[[-79.26602,-3.72743],[-79.26603,-3.7272]],[[-79.26591,-3.71836],[-79.26603,-3.71861]],[[-79.26603,-3.71861],[-79.26591,-3.71836]],[[-79.26601,-3.75058],[-79.26517,-3.75108]],[[-79.26517,-3.75108],[-79.26601,-3.75058]],[[-79.26599,-3.71747],[-79.26586,-3.7179]],[[-79.26586,-3.7179],[-79.26599,-3.71747]],[[-79.26596,-3.72837],[-79.26511,-3.72905]],[[-79.26511,-3.72905],[-79.26596,-3.72837]],[[-79.26596,-3.71399],[-79.26594,-3.7142]],[[-79.26594,-3.7142],[-79.26596,-3.71399]],[[-79.26428,-3.88287],[-79.26595,-3.8808]],[[-79.26595,-3.8808],[-79.26428,-3.88287]],[[-79.26565,-3.7954],[-79.26593,-3.79527]],[[-79.26593,-3.79527],[-79.26565,-3.7954]],[[-79.26586,-3.71814],[-79.26591,-3.71836]],[[-79.26591,-3.71836],[-79.26586,-3.71814]],[[-79.26588,-3.75511],[-79.26496,-3.75548]],[[-79.26496,-3.75548],[-79.26588,-3.75511]],[[-79.26586,-3.7179],[-79.26586,-3.71814]],[[-79.26586,-3.71814],[-79.26586,-3.7179]],[[-79.26492,-3.75356],[-79.26576,-3.75401]],[[-79.26576,-3.75401],[-79.26492,-3.75356]],[[-79.26445,-3.79604],[-79.26565,-3.7954]],[[-79.26565,-3.7954],[-79.26445,-3.79604]],[[-79.26502,-3.74128],[-79.26551,-3.74186]],[[-79.26551,-3.74186],[-79.26502,-3.74128]],[[-79.26517,-3.75108],[-79.26501,-3.75122]],[[-79.26501,-3.75122],[-79.26517,-3.75108]],[[-79.26511,-3.72905],[-79.26501,-3.7292]],[[-79.26501,-3.7292],[-79.26511,-3.72905]],[[-79.26486,-3.74107],[-79.26502,-3.74128]],[[-79.26502,-3.74128],[-79.26486,-3.74107]],[[-79.26501,-3.7292],[-79.26495,-3.72932]],[[-79.26495,-3.72932],[-79.26501,-3.7292]],[[-79.26501,-3.75122],[-79.26493,-3.75143]],[[-79.26493,-3.75143],[-79.26501,-3.75122]],[[-79.26297,-3.65531],[-79.26496,-3.65524]],[[-79.26496,-3.65524],[-79.26297,-3.65531]],[[-79.26496,-3.75548],[-79.26475,-3.75567]],[[-79.26475,-3.75567],[-79.26496,-3.75548]],[[-79.26493,-3.72946],[-79.26495,-3.73002]],[[-79.26495,-3.73002],[-79.26493,-3.72946]],[[-79.26495,-3.73002],[-79.26493,-3.73018]],[[-79.26493,-3.73018],[-79.26495,-3.73002]],[[-79.26495,-3.72932],[-79.26493,-3.72946]],[[-79.26493,-3.72946],[-79.26495,-3.72932]],[[-79.26493,-3.73018],[-79.26468,-3.73071]],[[-79.26468,-3.73071],[-79.26493,-3.73018]],[[-79.26493,-3.75143],[-79.26486,-3.75171]],[[-79.26486,-3.75171],[-79.26493,-3.75143]],[[-79.26475,-3.75332],[-79.26492,-3.75356]],[[-79.26492,-3.75356],[-79.26475,-3.75332]],[[-79.26476,-3.74093],[-79.26486,-3.74107]],[[-79.26486,-3.74107],[-79.26476,-3.74093]],[[-79.26486,-3.75171],[-79.26468,-3.75291]],[[-79.26468,-3.75291],[-79.26486,-3.75171]],[[-79.26465,-3.74072],[-79.26476,-3.74093]],[[-79.26476,-3.74093],[-79.26465,-3.74072]],[[-79.26475,-3.75567],[-79.26416,-3.75683]],[[-79.26416,-3.75683],[-79.26475,-3.75567]],[[-79.26468,-3.75291],[-79.26475,-3.75332]],[[-79.26475,-3.75332],[-79.26468,-3.75291]],[[-79.26468,-3.73071],[-79.26458,-3.73097]],[[-79.26458,-3.73097],[-79.26468,-3.73071]],[[-79.26451,-3.74016],[-79.26465,-3.74072]],[[-79.26465,-3.74072],[-79.26451,-3.74016]],[[-79.26407,-3.75725],[-79.26459,-3.75828]],[[-79.26459,-3.75828],[-79.26407,-3.75725]],[[-79.26459,-3.75828],[-79.26456,-3.75865]],[[-79.26456,-3.75865],[-79.26459,-3.75828]],[[-79.26458,-3.73097],[-79.26453,-3.73123]],[[-79.26453,-3.73123],[-79.26458,-3.73097]],[[-79.26456,-3.75865],[-79.2643,-3.75894]],[[-79.2643,-3.75894],[-79.26456,-3.75865]],[[-79.26449,-3.73261],[-79.26454,-3.73302]],[[-79.26454,-3.73302],[-79.26449,-3.73261]],[[-79.26454,-3.73302],[-79.26452,-3.7332]],[[-79.26452,-3.7332],[-79.26454,-3.73302]],[[-79.26453,-3.73123],[-79.26443,-3.73184]],[[-79.26443,-3.73184],[-79.26453,-3.73123]],[[-79.26452,-3.7332],[-79.26448,-3.73332]],[[-79.26448,-3.73332],[-79.26452,-3.7332]],[[-79.26431,-3.73959],[-79.26451,-3.74016]],[[-79.26451,-3.74016],[-79.26431,-3.73959]],[[-79.26442,-3.73233],[-79.26449,-3.73261]],[[-79.26449,-3.73261],[-79.26442,-3.73233]],[[-79.26448,-3.73332],[-79.26434,-3.73365]],[[-79.26434,-3.73365],[-79.26448,-3.73332]],[[-79.26405,-3.79625],[-79.26445,-3.79604]],[[-79.26445,-3.79604],[-79.26405,-3.79625]],[[-79.26443,-3.73184],[-79.2644,-3.73218]],[[-79.2644,-3.73218],[-79.26443,-3.73184]],[[-79.2644,-3.73218],[-79.26442,-3.73233]],[[-79.26442,-3.73233],[-79.2644,-3.73218]],[[-79.26434,-3.73365],[-79.26427,-3.73388]],[[-79.26427,-3.73388],[-79.26434,-3.73365]],[[-79.26412,-3.73918],[-79.26431,-3.73959]],[[-79.26431,-3.73959],[-79.26412,-3.73918]],[[-79.2643,-3.75894],[-79.2639,-3.75905]],[[-79.2639,-3.75905],[-79.2643,-3.75894]],[[-79.26376,-3.88353],[-79.26428,-3.88287]],[[-79.26428,-3.88287],[-79.26376,-3.88353]],[[-79.26427,-3.73388],[-79.26423,-3.73405]],[[-79.26423,-3.73405],[-79.26427,-3.73388]],[[-79.26423,-3.73405],[-79.26421,-3.73466]],[[-79.26421,-3.73466],[-79.26423,-3.73405]],[[-79.26421,-3.73466],[-79.26417,-3.73488]],[[-79.26417,-3.73488],[-79.26421,-3.73466]],[[-79.26417,-3.73488],[-79.2641,-3.73505]],[[-79.2641,-3.73505],[-79.26417,-3.73488]],[[-79.26416,-3.75683],[-79.26409,-3.75702]],[[-79.26409,-3.75702],[-79.26416,-3.75683]],[[-79.26407,-3.73909],[-79.26412,-3.73918]],[[-79.26412,-3.73918],[-79.26407,-3.73909]],[[-79.2641,-3.73505],[-79.26397,-3.73528]],[[-79.26397,-3.73528],[-79.2641,-3.73505]],[[-79.26409,-3.75702],[-79.26407,-3.75725]],[[-79.26407,-3.75725],[-79.26409,-3.75702]],[[-79.26377,-3.73846],[-79.26407,-3.73909]],[[-79.26407,-3.73909],[-79.26377,-3.73846]],[[-79.26329,-3.7964],[-79.26405,-3.79625]],[[-79.26405,-3.79625],[-79.26329,-3.7964]],[[-79.26397,-3.73528],[-79.26395,-3.73532]],[[-79.26395,-3.73532],[-79.26397,-3.73528]],[[-79.26395,-3.73532],[-79.26379,-3.73562]],[[-79.26379,-3.73562],[-79.26395,-3.73532]],[[-79.2639,-3.75905],[-79.2631,-3.75884]],[[-79.2631,-3.75884],[-79.2639,-3.75905]],[[-79.26379,-3.73562],[-79.26377,-3.73567]],[[-79.26377,-3.73567],[-79.26379,-3.73562]],[[-79.26365,-3.73822],[-79.26377,-3.73846]],[[-79.26377,-3.73846],[-79.26365,-3.73822]],[[-79.26377,-3.73567],[-79.26371,-3.73578]],[[-79.26371,-3.73578],[-79.26377,-3.73567]],[[-79.26337,-3.88413],[-79.26376,-3.88353]],[[-79.26376,-3.88353],[-79.26337,-3.88413]],[[-79.26371,-3.73578],[-79.26367,-3.73596]],[[-79.26367,-3.73596],[-79.26371,-3.73578]],[[-79.26367,-3.73596],[-79.26355,-3.73678]],[[-79.26355,-3.73678],[-79.26367,-3.73596]],[[-79.26358,-3.73795],[-79.26365,-3.73822]],[[-79.26365,-3.73822],[-79.26358,-3.73795]],[[-79.26356,-3.73767],[-79.26358,-3.73795]],[[-79.26358,-3.73795],[-79.26356,-3.73767]],[[-79.26355,-3.73678],[-79.26356,-3.7375]],[[-79.26356,-3.7375],[-79.26355,-3.73678]],[[-79.26356,-3.7375],[-79.26356,-3.73767]],[[-79.26356,-3.73767],[-79.26356,-3.7375]],[[-79.26321,-3.88445],[-79.26337,-3.88413]],[[-79.26337,-3.88413],[-79.26321,-3.88445]],[[-79.26307,-3.79651],[-79.26329,-3.7964]],[[-79.26329,-3.7964],[-79.26307,-3.79651]],[[-79.26314,-3.88483],[-79.26321,-3.88445]],[[-79.26321,-3.88445],[-79.26314,-3.88483]],[[-79.26308,-3.88531],[-79.26314,-3.88483]],[[-79.26314,-3.88483],[-79.26308,-3.88531]],[[-79.2631,-3.75884],[-79.26286,-3.75885]],[[-79.26286,-3.75885],[-79.2631,-3.75884]],[[-79.26276,-3.88826],[-79.26308,-3.88531]],[[-79.26308,-3.88531],[-79.26276,-3.88826]],[[-79.26258,-3.79694],[-79.26307,-3.79651]],[[-79.26307,-3.79651],[-79.26258,-3.79694]],[[-79.26253,-3.65509],[-79.26297,-3.65531]],[[-79.26297,-3.65531],[-79.26253,-3.65509]],[[-79.26286,-3.75885],[-79.26262,-3.75898]],[[-79.26262,-3.75898],[-79.26286,-3.75885]],[[-79.26218,-3.89053],[-79.26276,-3.88826]],[[-79.26276,-3.88826],[-79.26218,-3.89053]],[[-79.26262,-3.75898],[-79.26116,-3.76055]],[[-79.26116,-3.76055],[-79.26262,-3.75898]],[[-79.26236,-3.7971],[-79.26258,-3.79694]],[[-79.26258,-3.79694],[-79.26236,-3.7971]],[[-79.262,-3.65448],[-79.26253,-3.65509]],[[-79.26253,-3.65509],[-79.262,-3.65448]],[[-79.26251,-3.89842],[-79.26242,-3.89771]],[[-79.26242,-3.89771],[-79.26251,-3.89842]],[[-79.26236,-3.89908],[-79.26251,-3.89842]],[[-79.26251,-3.89842],[-79.26236,-3.89908]],[[-79.26242,-3.89771],[-79.26138,-3.89431]],[[-79.26138,-3.89431],[-79.26242,-3.89771]],[[-79.26201,-3.89959],[-79.26236,-3.89908]],[[-79.26236,-3.89908],[-79.26201,-3.89959]],[[-79.26212,-3.79714],[-79.26236,-3.7971]],[[-79.26236,-3.7971],[-79.26212,-3.79714]],[[-79.2621,-3.89098],[-79.26218,-3.89053]],[[-79.26218,-3.89053],[-79.2621,-3.89098]],[[-79.26215,-3.8924],[-79.2621,-3.89098]],[[-79.2621,-3.89098],[-79.26215,-3.8924]],[[-79.262,-3.89284],[-79.26215,-3.8924]],[[-79.26215,-3.8924],[-79.262,-3.89284]],[[-79.26116,-3.79714],[-79.26212,-3.79714]],[[-79.26212,-3.79714],[-79.26116,-3.79714]],[[-79.26147,-3.89998],[-79.26201,-3.89959]],[[-79.26201,-3.89959],[-79.26147,-3.89998]],[[-79.26145,-3.89372],[-79.262,-3.89284]],[[-79.262,-3.89284],[-79.26145,-3.89372]],[[-79.26169,-3.6543],[-79.262,-3.65448]],[[-79.262,-3.65448],[-79.26169,-3.6543]],[[-79.26093,-3.65404],[-79.26169,-3.6543]],[[-79.26169,-3.6543],[-79.26093,-3.65404]],[[-79.26105,-3.90014],[-79.26147,-3.89998]],[[-79.26147,-3.89998],[-79.26105,-3.90014]],[[-79.26137,-3.89398],[-79.26145,-3.89372]],[[-79.26145,-3.89372],[-79.26137,-3.89398]],[[-79.26138,-3.89431],[-79.26137,-3.89398]],[[-79.26137,-3.89398],[-79.26138,-3.89431]],[[-79.26115,-3.76212],[-79.26117,-3.76235]],[[-79.26117,-3.76235],[-79.26115,-3.76212]],[[-79.26117,-3.76235],[-79.26108,-3.76255]],[[-79.26108,-3.76255],[-79.26117,-3.76235]],[[-79.26092,-3.79709],[-79.26116,-3.79714]],[[-79.26116,-3.79714],[-79.26092,-3.79709]],[[-79.26116,-3.76055],[-79.26097,-3.76097]],[[-79.26097,-3.76097],[-79.26116,-3.76055]],[[-79.26097,-3.76097],[-79.26115,-3.76212]],[[-79.26115,-3.76212],[-79.26097,-3.76097]],[[-79.26108,-3.76255],[-79.26074,-3.76285]],[[-79.26074,-3.76285],[-79.26108,-3.76255]],[[-79.25815,-3.9007],[-79.26105,-3.90014]],[[-79.26105,-3.90014],[-79.25815,-3.9007]],[[-79.26062,-3.65377],[-79.26093,-3.65404]],[[-79.26093,-3.65404],[-79.26062,-3.65377]],[[-79.26072,-3.79698],[-79.26092,-3.79709]],[[-79.26092,-3.79709],[-79.26072,-3.79698]],[[-79.26074,-3.76285],[-79.26035,-3.76308]],[[-79.26035,-3.76308],[-79.26074,-3.76285]],[[-79.25989,-3.79591],[-79.26072,-3.79698]],[[-79.26072,-3.79698],[-79.25989,-3.79591]],[[-79.2606,-3.76869],[-79.26062,-3.7689]],[[-79.26062,-3.7689],[-79.2606,-3.76869]],[[-79.26062,-3.7689],[-79.26058,-3.76909]],[[-79.26058,-3.76909],[-79.26062,-3.7689]],[[-79.26048,-3.65352],[-79.26062,-3.65377]],[[-79.26062,-3.65377],[-79.26048,-3.65352]],[[-79.26055,-3.76853],[-79.2606,-3.76869]],[[-79.2606,-3.76869],[-79.26055,-3.76853]],[[-79.26058,-3.76909],[-79.26051,-3.76927]],[[-79.26051,-3.76927],[-79.26058,-3.76909]],[[-79.26047,-3.76836],[-79.26055,-3.76853]],[[-79.26055,-3.76853],[-79.26047,-3.76836]],[[-79.26051,-3.76927],[-79.26039,-3.76944]],[[-79.26039,-3.76944],[-79.26051,-3.76927]],[[-79.26018,-3.65293],[-79.26048,-3.65352]],[[-79.26048,-3.65352],[-79.26018,-3.65293]],[[-79.26036,-3.76822],[-79.26047,-3.76836]],[[-79.26047,-3.76836],[-79.26036,-3.76822]],[[-79.26039,-3.76944],[-79.26025,-3.76957]],[[-79.26025,-3.76957],[-79.26039,-3.76944]],[[-79.25981,-3.76776],[-79.26036,-3.76822]],[[-79.26036,-3.76822],[-79.25981,-3.76776]],[[-79.26035,-3.76308],[-79.26016,-3.76327]],[[-79.26016,-3.76327],[-79.26035,-3.76308]],[[-79.26025,-3.76957],[-79.26009,-3.76965]],[[-79.26009,-3.76965],[-79.26025,-3.76957]],[[-79.2599,-3.65253],[-79.26018,-3.65293]],[[-79.26018,-3.65293],[-79.2599,-3.65253]],[[-79.26016,-3.76327],[-79.26006,-3.76355]],[[-79.26006,-3.76355],[-79.26016,-3.76327]],[[-79.26009,-3.76965],[-79.25935,-3.7699]],[[-79.25935,-3.7699],[-79.26009,-3.76965]],[[-79.26006,-3.76355],[-79.26001,-3.76456]],[[-79.26001,-3.76456],[-79.26006,-3.76355]],[[-79.26001,-3.76456],[-79.25984,-3.76487]],[[-79.25984,-3.76487],[-79.26001,-3.76456]],[[-79.25902,-3.65161],[-79.2599,-3.65253]],[[-79.2599,-3.65253],[-79.25902,-3.65161]],[[-79.25771,-3.79399],[-79.25989,-3.79591]],[[-79.25989,-3.79591],[-79.25771,-3.79399]],[[-79.25984,-3.76487],[-79.25928,-3.76525]],[[-79.25928,-3.76525],[-79.25984,-3.76487]],[[-79.2597,-3.76762],[-79.25981,-3.76776]],[[-79.25981,-3.76776],[-79.2597,-3.76762]],[[-79.25957,-3.76739],[-79.2597,-3.76762]],[[-79.2597,-3.76762],[-79.25957,-3.76739]],[[-79.25933,-3.76673],[-79.25957,-3.76739]],[[-79.25957,-3.76739],[-79.25933,-3.76673]],[[-79.25947,-3.78782],[-79.25948,-3.78797]],[[-79.25948,-3.78797],[-79.25947,-3.78782]],[[-79.25948,-3.78797],[-79.25939,-3.78866]],[[-79.25939,-3.78866],[-79.25948,-3.78797]],[[-79.25943,-3.78764],[-79.25947,-3.78782]],[[-79.25947,-3.78782],[-79.25943,-3.78764]],[[-79.25933,-3.78744],[-79.25943,-3.78764]],[[-79.25943,-3.78764],[-79.25933,-3.78744]],[[-79.25939,-3.78866],[-79.25924,-3.78883]],[[-79.25924,-3.78883],[-79.25939,-3.78866]],[[-79.25935,-3.7699],[-79.25879,-3.77006]],[[-79.25879,-3.77006],[-79.25935,-3.7699]],[[-79.25922,-3.78732],[-79.25933,-3.78744]],[[-79.25933,-3.78744],[-79.25922,-3.78732]],[[-79.25898,-3.76613],[-79.25933,-3.76673]],[[-79.25933,-3.76673],[-79.25898,-3.76613]],[[-79.25928,-3.76525],[-79.25909,-3.76541]],[[-79.25909,-3.76541],[-79.25928,-3.76525]],[[-79.25924,-3.78883],[-79.25915,-3.78893]],[[-79.25915,-3.78893],[-79.25924,-3.78883]],[[-79.25874,-3.78695],[-79.25922,-3.78732]],[[-79.25922,-3.78732],[-79.25874,-3.78695]],[[-79.25915,-3.78893],[-79.25834,-3.7893]],[[-79.25834,-3.7893],[-79.25915,-3.78893]],[[-79.25909,-3.76541],[-79.25898,-3.76565]],[[-79.25898,-3.76565],[-79.25909,-3.76541]],[[-79.25788,-3.64977],[-79.25902,-3.65161]],[[-79.25902,-3.65161],[-79.25788,-3.64977]],[[-79.25894,-3.76595],[-79.25898,-3.76613]],[[-79.25898,-3.76613],[-79.25894,-3.76595]],[[-79.25898,-3.76565],[-79.25894,-3.7658]],[[-79.25894,-3.7658],[-79.25898,-3.76565]],[[-79.25894,-3.7658],[-79.25894,-3.76595]],[[-79.25894,-3.76595],[-79.25894,-3.7658]],[[-79.25879,-3.77006],[-79.25858,-3.77015]],[[-79.25858,-3.77015],[-79.25879,-3.77006]],[[-79.25816,-3.78656],[-79.25874,-3.78695]],[[-79.25874,-3.78695],[-79.25816,-3.78656]],[[-79.2586,-3.77301],[-79.25863,-3.77326]],[[-79.25863,-3.77326],[-79.2586,-3.77301]],[[-79.25863,-3.77326],[-79.25862,-3.77363]],[[-79.25862,-3.77363],[-79.25863,-3.77326]],[[-79.25862,-3.77363],[-79.25858,-3.77408]],[[-79.25858,-3.77408],[-79.25862,-3.77363]],[[-79.2585,-3.77276],[-79.2586,-3.77301]],[[-79.2586,-3.77301],[-79.2585,-3.77276]],[[-79.25858,-3.77408],[-79.25851,-3.77459]],[[-79.25851,-3.77459],[-79.25858,-3.77408]],[[-79.25858,-3.77015],[-79.25842,-3.77027]],[[-79.25842,-3.77027],[-79.25858,-3.77015]],[[-79.25851,-3.77459],[-79.25847,-3.77478]],[[-79.25847,-3.77478],[-79.25851,-3.77459]],[[-79.25833,-3.77243],[-79.2585,-3.77276]],[[-79.2585,-3.77276],[-79.25833,-3.77243]],[[-79.25849,-3.91683],[-79.25838,-3.91633]],[[-79.25838,-3.91633],[-79.25849,-3.91683]],[[-79.25818,-3.91953],[-79.25849,-3.91683]],[[-79.25849,-3.91683],[-79.25818,-3.91953]],[[-79.25847,-3.77478],[-79.25838,-3.77499]],[[-79.25838,-3.77499],[-79.25847,-3.77478]],[[-79.25842,-3.77027],[-79.2583,-3.7704]],[[-79.2583,-3.7704],[-79.25842,-3.77027]],[[-79.25838,-3.77499],[-79.25829,-3.77512]],[[-79.25829,-3.77512],[-79.25838,-3.77499]],[[-79.25838,-3.91633],[-79.25809,-3.91559]],[[-79.25809,-3.91559],[-79.25838,-3.91633]],[[-79.25834,-3.7893],[-79.25787,-3.78965]],[[-79.25787,-3.78965],[-79.25834,-3.7893]],[[-79.25823,-3.77223],[-79.25833,-3.77243]],[[-79.25833,-3.77243],[-79.25823,-3.77223]],[[-79.2583,-3.7704],[-79.2582,-3.77056]],[[-79.2582,-3.77056],[-79.2583,-3.7704]],[[-79.25829,-3.77512],[-79.25817,-3.77522]],[[-79.25817,-3.77522],[-79.25829,-3.77512]],[[-79.25823,-3.78485],[-79.25826,-3.78498]],[[-79.25826,-3.78498],[-79.25823,-3.78485]],[[-79.25826,-3.78498],[-79.25825,-3.78511]],[[-79.25825,-3.78511],[-79.25826,-3.78498]],[[-79.25825,-3.78511],[-79.25821,-3.78525]],[[-79.25821,-3.78525],[-79.25825,-3.78511]],[[-79.2582,-3.78472],[-79.25823,-3.78485]],[[-79.25823,-3.78485],[-79.2582,-3.78472]],[[-79.25808,-3.77182],[-79.25823,-3.77223]],[[-79.25823,-3.77223],[-79.25808,-3.77182]],[[-79.25821,-3.78525],[-79.25817,-3.78534]],[[-79.25817,-3.78534],[-79.25821,-3.78525]],[[-79.2582,-3.77056],[-79.25811,-3.77074]],[[-79.25811,-3.77074],[-79.2582,-3.77056]],[[-79.25804,-3.78444],[-79.2582,-3.78472]],[[-79.2582,-3.78472],[-79.25804,-3.78444]],[[-79.25814,-3.91972],[-79.25818,-3.91953]],[[-79.25818,-3.91953],[-79.25814,-3.91972]],[[-79.25817,-3.78534],[-79.25798,-3.78558]],[[-79.25798,-3.78558],[-79.25817,-3.78534]],[[-79.25817,-3.77522],[-79.25805,-3.77528]],[[-79.25805,-3.77528],[-79.25817,-3.77522]],[[-79.258,-3.78643],[-79.25816,-3.78656]],[[-79.25816,-3.78656],[-79.258,-3.78643]],[[-79.25745,-3.90086],[-79.25815,-3.9007]],[[-79.25815,-3.9007],[-79.25745,-3.90086]],[[-79.25798,-3.91986],[-79.25814,-3.91972]],[[-79.25814,-3.91972],[-79.25798,-3.91986]],[[-79.25811,-3.77074],[-79.25807,-3.77094]],[[-79.25807,-3.77094],[-79.25811,-3.77074]],[[-79.25809,-3.91559],[-79.25779,-3.91509]],[[-79.25779,-3.91509],[-79.25809,-3.91559]],[[-79.25802,-3.77157],[-79.25808,-3.77182]],[[-79.25808,-3.77182],[-79.25802,-3.77157]],[[-79.25807,-3.77094],[-79.25803,-3.77117]],[[-79.25803,-3.77117],[-79.25807,-3.77094]],[[-79.25805,-3.77528],[-79.25763,-3.77547]],[[-79.25763,-3.77547],[-79.25805,-3.77528]],[[-79.25777,-3.78393],[-79.25804,-3.78444]],[[-79.25804,-3.78444],[-79.25777,-3.78393]],[[-79.25803,-3.77117],[-79.25801,-3.77138]],[[-79.25801,-3.77138],[-79.25803,-3.77117]],[[-79.25801,-3.77138],[-79.25802,-3.77157]],[[-79.25802,-3.77157],[-79.25801,-3.77138]],[[-79.2579,-3.78626],[-79.258,-3.78643]],[[-79.258,-3.78643],[-79.2579,-3.78626]],[[-79.25798,-3.78558],[-79.25791,-3.78571]],[[-79.25791,-3.78571],[-79.25798,-3.78558]],[[-79.25698,-3.92032],[-79.25798,-3.91986]],[[-79.25798,-3.91986],[-79.25698,-3.92032]],[[-79.25791,-3.78571],[-79.25787,-3.78582]],[[-79.25787,-3.78582],[-79.25791,-3.78571]],[[-79.25786,-3.78607],[-79.2579,-3.78626]],[[-79.2579,-3.78626],[-79.25786,-3.78607]],[[-79.25731,-3.64921],[-79.25788,-3.64977]],[[-79.25788,-3.64977],[-79.25731,-3.64921]],[[-79.25787,-3.78582],[-79.25786,-3.78592]],[[-79.25786,-3.78592],[-79.25787,-3.78582]],[[-79.25787,-3.78965],[-79.25744,-3.7901]],[[-79.25744,-3.7901],[-79.25787,-3.78965]],[[-79.25786,-3.78592],[-79.25786,-3.78607]],[[-79.25786,-3.78607],[-79.25786,-3.78592]],[[-79.25779,-3.91509],[-79.25702,-3.91428]],[[-79.25702,-3.91428],[-79.25779,-3.91509]],[[-79.25755,-3.78368],[-79.25777,-3.78393]],[[-79.25777,-3.78393],[-79.25755,-3.78368]],[[-79.25677,-3.79328],[-79.25771,-3.79399]],[[-79.25771,-3.79399],[-79.25677,-3.79328]],[[-79.25763,-3.77547],[-79.25746,-3.77557]],[[-79.25746,-3.77557],[-79.25763,-3.77547]],[[-79.25728,-3.78346],[-79.25755,-3.78368]],[[-79.25755,-3.78368],[-79.25728,-3.78346]],[[-79.25749,-3.90516],[-79.25706,-3.90439]],[[-79.25706,-3.90439],[-79.25749,-3.90516]],[[-79.25745,-3.90555],[-79.25749,-3.90516]],[[-79.25749,-3.90516],[-79.25745,-3.90555]],[[-79.25746,-3.77557],[-79.25735,-3.77566]],[[-79.25735,-3.77566],[-79.25746,-3.77557]],[[-79.25726,-3.90094],[-79.25745,-3.90086]],[[-79.25745,-3.90086],[-79.25726,-3.90094]],[[-79.25679,-3.9064],[-79.25745,-3.90555]],[[-79.25745,-3.90555],[-79.25679,-3.9064]],[[-79.25744,-3.7901],[-79.25693,-3.79071]],[[-79.25693,-3.79071],[-79.25744,-3.7901]],[[-79.25739,-3.93014],[-79.25739,-3.92997]],[[-79.25739,-3.92997],[-79.25739,-3.93014]],[[-79.25738,-3.9302],[-79.25739,-3.93014]],[[-79.25739,-3.93014],[-79.25738,-3.9302]],[[-79.25739,-3.92997],[-79.25736,-3.92982]],[[-79.25736,-3.92982],[-79.25739,-3.92997]],[[-79.25732,-3.93033],[-79.25738,-3.9302]],[[-79.25738,-3.9302],[-79.25732,-3.93033]],[[-79.25736,-3.92982],[-79.25733,-3.92974]],[[-79.25733,-3.92974],[-79.25736,-3.92982]],[[-79.25735,-3.77566],[-79.25729,-3.77574]],[[-79.25729,-3.77574],[-79.25735,-3.77566]],[[-79.25733,-3.92974],[-79.25728,-3.92965]],[[-79.25728,-3.92965],[-79.25733,-3.92974]],[[-79.25722,-3.93053],[-79.25732,-3.93033]],[[-79.25732,-3.93033],[-79.25722,-3.93053]],[[-79.25696,-3.6489],[-79.25731,-3.64921]],[[-79.25731,-3.64921],[-79.25696,-3.6489]],[[-79.25729,-3.91176],[-79.25728,-3.91156]],[[-79.25728,-3.91156],[-79.25729,-3.91176]],[[-79.25723,-3.91297],[-79.25729,-3.91176]],[[-79.25729,-3.91176],[-79.25723,-3.91297]],[[-79.25729,-3.77574],[-79.25715,-3.77598]],[[-79.25715,-3.77598],[-79.25729,-3.77574]],[[-79.25698,-3.78327],[-79.25728,-3.78346]],[[-79.25728,-3.78346],[-79.25698,-3.78327]],[[-79.25728,-3.92965],[-79.25723,-3.92959]],[[-79.25723,-3.92959],[-79.25728,-3.92965]],[[-79.25728,-3.91156],[-79.25721,-3.91132]],[[-79.25721,-3.91132],[-79.25728,-3.91156]],[[-79.25708,-3.90107],[-79.25726,-3.90094]],[[-79.25726,-3.90094],[-79.25708,-3.90107]],[[-79.25723,-3.92959],[-79.25693,-3.92927]],[[-79.25693,-3.92927],[-79.25723,-3.92959]],[[-79.25691,-3.91376],[-79.25723,-3.91297]],[[-79.25723,-3.91297],[-79.25691,-3.91376]],[[-79.25568,-3.93248],[-79.25722,-3.93053]],[[-79.25722,-3.93053],[-79.25568,-3.93248]],[[-79.25721,-3.91132],[-79.25672,-3.91061]],[[-79.25672,-3.91061],[-79.25721,-3.91132]],[[-79.25715,-3.90304],[-79.25713,-3.90292]],[[-79.25713,-3.90292],[-79.25715,-3.90304]],[[-79.25713,-3.90332],[-79.25715,-3.90304]],[[-79.25715,-3.90304],[-79.25713,-3.90332]],[[-79.25715,-3.77598],[-79.25654,-3.77717]],[[-79.25654,-3.77717],[-79.25715,-3.77598]],[[-79.25713,-3.90292],[-79.25688,-3.90156]],[[-79.25688,-3.90156],[-79.25713,-3.90292]],[[-79.25701,-3.90393],[-79.25713,-3.90332]],[[-79.25713,-3.90332],[-79.25701,-3.90393]],[[-79.25711,-3.92514],[-79.2571,-3.9249]],[[-79.2571,-3.9249],[-79.25711,-3.92514]],[[-79.25711,-3.92521],[-79.25711,-3.92514]],[[-79.25711,-3.92514],[-79.25711,-3.92521]],[[-79.25708,-3.92537],[-79.25711,-3.92521]],[[-79.25711,-3.92521],[-79.25708,-3.92537]],[[-79.2571,-3.9249],[-79.2571,-3.92475]],[[-79.2571,-3.92475],[-79.2571,-3.9249]],[[-79.2571,-3.92475],[-79.25708,-3.9246]],[[-79.25708,-3.9246],[-79.2571,-3.92475]],[[-79.25702,-3.92561],[-79.25708,-3.92537]],[[-79.25708,-3.92537],[-79.25702,-3.92561]],[[-79.25694,-3.90131],[-79.25708,-3.90107]],[[-79.25708,-3.90107],[-79.25694,-3.90131]],[[-79.25708,-3.9246],[-79.25704,-3.92445]],[[-79.25704,-3.92445],[-79.25708,-3.9246]],[[-79.25706,-3.90439],[-79.25698,-3.9041]],[[-79.25698,-3.9041],[-79.25706,-3.90439]],[[-79.25704,-3.92445],[-79.25686,-3.92406]],[[-79.25686,-3.92406],[-79.25704,-3.92445]],[[-79.25702,-3.91428],[-79.25694,-3.91402]],[[-79.25694,-3.91402],[-79.25702,-3.91428]],[[-79.25625,-3.92762],[-79.25702,-3.92561]],[[-79.25702,-3.92561],[-79.25625,-3.92762]],[[-79.25698,-3.9041],[-79.25701,-3.90393]],[[-79.25701,-3.90393],[-79.25698,-3.9041]],[[-79.25663,-3.92042],[-79.25698,-3.92032]],[[-79.25698,-3.92032],[-79.25663,-3.92042]],[[-79.2564,-3.78303],[-79.25698,-3.78327]],[[-79.25698,-3.78327],[-79.2564,-3.78303]],[[-79.25687,-3.64882],[-79.25696,-3.6489]],[[-79.25696,-3.6489],[-79.25687,-3.64882]],[[-79.25694,-3.91402],[-79.25691,-3.91376]],[[-79.25691,-3.91376],[-79.25694,-3.91402]],[[-79.25688,-3.90156],[-79.25694,-3.90131]],[[-79.25694,-3.90131],[-79.25688,-3.90156]],[[-79.25693,-3.92927],[-79.2565,-3.9288]],[[-79.2565,-3.9288],[-79.25693,-3.92927]],[[-79.25693,-3.79071],[-79.25661,-3.79095]],[[-79.25661,-3.79095],[-79.25693,-3.79071]],[[-79.25643,-3.64859],[-79.25687,-3.64882]],[[-79.25687,-3.64882],[-79.25643,-3.64859]],[[-79.25686,-3.92406],[-79.25661,-3.92376]],[[-79.25661,-3.92376],[-79.25686,-3.92406]],[[-79.25685,-3.90944],[-79.25657,-3.908]],[[-79.25657,-3.908],[-79.25685,-3.90944]],[[-79.25667,-3.91026],[-79.25685,-3.90944]],[[-79.25685,-3.90944],[-79.25667,-3.91026]],[[-79.25665,-3.90678],[-79.25679,-3.9064]],[[-79.25679,-3.9064],[-79.25665,-3.90678]],[[-79.25579,-3.79264],[-79.25677,-3.79328]],[[-79.25677,-3.79328],[-79.25579,-3.79264]],[[-79.25672,-3.91061],[-79.25667,-3.91026]],[[-79.25667,-3.91026],[-79.25672,-3.91061]],[[-79.25656,-3.90718],[-79.25665,-3.90678]],[[-79.25665,-3.90678],[-79.25656,-3.90718]],[[-79.25628,-3.92044],[-79.25663,-3.92042]],[[-79.25663,-3.92042],[-79.25628,-3.92044]],[[-79.25661,-3.92376],[-79.25622,-3.92345]],[[-79.25622,-3.92345],[-79.25661,-3.92376]],[[-79.25661,-3.79095],[-79.25588,-3.79136]],[[-79.25588,-3.79136],[-79.25661,-3.79095]],[[-79.25652,-3.77993],[-79.25657,-3.78015]],[[-79.25657,-3.78015],[-79.25652,-3.77993]],[[-79.25657,-3.78015],[-79.25656,-3.78038]],[[-79.25656,-3.78038],[-79.25657,-3.78015]],[[-79.25657,-3.908],[-79.25652,-3.90756]],[[-79.25652,-3.90756],[-79.25657,-3.908]],[[-79.25652,-3.90756],[-79.25656,-3.90718]],[[-79.25656,-3.90718],[-79.25652,-3.90756]],[[-79.25656,-3.78038],[-79.25652,-3.78051]],[[-79.25652,-3.78051],[-79.25656,-3.78038]],[[-79.25654,-3.77717],[-79.2564,-3.77746]],[[-79.2564,-3.77746],[-79.25654,-3.77717]],[[-79.25652,-3.78051],[-79.25631,-3.78093]],[[-79.25631,-3.78093],[-79.25652,-3.78051]],[[-79.25635,-3.77942],[-79.25652,-3.77993]],[[-79.25652,-3.77993],[-79.25635,-3.77942]],[[-79.2565,-3.9288],[-79.25627,-3.92848]],[[-79.25627,-3.92848],[-79.2565,-3.9288]],[[-79.25579,-3.64841],[-79.25643,-3.64859]],[[-79.25643,-3.64859],[-79.25579,-3.64841]],[[-79.2562,-3.78289],[-79.2564,-3.78303]],[[-79.2564,-3.78303],[-79.2562,-3.78289]],[[-79.2564,-3.77746],[-79.25635,-3.77764]],[[-79.25635,-3.77764],[-79.2564,-3.77746]],[[-79.25628,-3.77916],[-79.25635,-3.77942]],[[-79.25635,-3.77942],[-79.25628,-3.77916]],[[-79.25635,-3.77764],[-79.25631,-3.77783]],[[-79.25631,-3.77783],[-79.25635,-3.77764]],[[-79.25631,-3.77783],[-79.2563,-3.77799]],[[-79.2563,-3.77799],[-79.25631,-3.77783]],[[-79.25631,-3.78093],[-79.25612,-3.78144]],[[-79.25612,-3.78144],[-79.25631,-3.78093]],[[-79.2563,-3.77799],[-79.25623,-3.77884]],[[-79.25623,-3.77884],[-79.2563,-3.77799]],[[-79.25623,-3.77884],[-79.25628,-3.77916]],[[-79.25628,-3.77916],[-79.25623,-3.77884]],[[-79.25498,-3.92034],[-79.25628,-3.92044]],[[-79.25628,-3.92044],[-79.25498,-3.92034]],[[-79.25627,-3.92848],[-79.25622,-3.92833]],[[-79.25622,-3.92833],[-79.25627,-3.92848]],[[-79.25618,-3.9278],[-79.25625,-3.92762]],[[-79.25625,-3.92762],[-79.25618,-3.9278]],[[-79.25622,-3.92345],[-79.25531,-3.92313]],[[-79.25531,-3.92313],[-79.25622,-3.92345]],[[-79.25622,-3.92833],[-79.25618,-3.92822]],[[-79.25618,-3.92822],[-79.25622,-3.92833]],[[-79.25609,-3.78278],[-79.2562,-3.78289]],[[-79.2562,-3.78289],[-79.25609,-3.78278]],[[-79.25618,-3.92822],[-79.25616,-3.9281]],[[-79.25616,-3.9281],[-79.25618,-3.92822]],[[-79.25617,-3.92785],[-79.25618,-3.9278]],[[-79.25618,-3.9278],[-79.25617,-3.92785]],[[-79.25616,-3.92794],[-79.25617,-3.92785]],[[-79.25617,-3.92785],[-79.25616,-3.92794]],[[-79.25616,-3.9281],[-79.25616,-3.92794]],[[-79.25616,-3.92794],[-79.25616,-3.9281]],[[-79.25612,-3.78144],[-79.25603,-3.78167]],[[-79.25603,-3.78167],[-79.25612,-3.78144]],[[-79.25602,-3.78266],[-79.25609,-3.78278]],[[-79.25609,-3.78278],[-79.25602,-3.78266]],[[-79.25603,-3.78167],[-79.25599,-3.7819]],[[-79.25599,-3.7819],[-79.25603,-3.78167]],[[-79.25598,-3.78252],[-79.25602,-3.78266]],[[-79.25602,-3.78266],[-79.25598,-3.78252]],[[-79.25599,-3.7819],[-79.25595,-3.78214]],[[-79.25595,-3.78214],[-79.25599,-3.7819]],[[-79.25594,-3.78236],[-79.25598,-3.78252]],[[-79.25598,-3.78252],[-79.25594,-3.78236]],[[-79.25595,-3.78214],[-79.25594,-3.78236]],[[-79.25594,-3.78236],[-79.25595,-3.78214]],[[-79.25588,-3.79136],[-79.25569,-3.79156]],[[-79.25569,-3.79156],[-79.25588,-3.79136]],[[-79.25536,-3.6482],[-79.25579,-3.64841]],[[-79.25579,-3.64841],[-79.25536,-3.6482]],[[-79.25568,-3.79248],[-79.25579,-3.79264]],[[-79.25579,-3.79264],[-79.25568,-3.79248]],[[-79.25569,-3.79156],[-79.25558,-3.79185]],[[-79.25558,-3.79185],[-79.25569,-3.79156]],[[-79.25558,-3.79225],[-79.25568,-3.79248]],[[-79.25568,-3.79248],[-79.25558,-3.79225]],[[-79.25564,-3.93254],[-79.25568,-3.93248]],[[-79.25568,-3.93248],[-79.25564,-3.93254]],[[-79.25551,-3.93277],[-79.25564,-3.93254]],[[-79.25564,-3.93254],[-79.25551,-3.93277]],[[-79.25554,-3.79205],[-79.25558,-3.79225]],[[-79.25558,-3.79225],[-79.25554,-3.79205]],[[-79.25558,-3.79185],[-79.25554,-3.79205]],[[-79.25554,-3.79205],[-79.25558,-3.79185]],[[-79.25544,-3.93293],[-79.25551,-3.93277]],[[-79.25551,-3.93277],[-79.25544,-3.93293]],[[-79.25532,-3.93326],[-79.25544,-3.93293]],[[-79.25544,-3.93293],[-79.25532,-3.93326]],[[-79.25508,-3.64803],[-79.25536,-3.6482]],[[-79.25536,-3.6482],[-79.25508,-3.64803]],[[-79.25529,-3.93337],[-79.25532,-3.93326]],[[-79.25532,-3.93326],[-79.25529,-3.93337]],[[-79.25531,-3.92313],[-79.25515,-3.92305]],[[-79.25515,-3.92305],[-79.25531,-3.92313]],[[-79.25515,-3.93407],[-79.25529,-3.93337]],[[-79.25529,-3.93337],[-79.25515,-3.93407]],[[-79.25515,-3.92305],[-79.25491,-3.92288]],[[-79.25491,-3.92288],[-79.25515,-3.92305]],[[-79.25506,-3.93451],[-79.25515,-3.93407]],[[-79.25515,-3.93407],[-79.25506,-3.93451]],[[-79.25488,-3.6479],[-79.25508,-3.64803]],[[-79.25508,-3.64803],[-79.25488,-3.6479]],[[-79.2549,-3.93517],[-79.25506,-3.93451]],[[-79.25506,-3.93451],[-79.2549,-3.93517]],[[-79.25478,-3.92038],[-79.25498,-3.92034]],[[-79.25498,-3.92034],[-79.25478,-3.92038]],[[-79.25491,-3.92288],[-79.25478,-3.92272]],[[-79.25478,-3.92272],[-79.25491,-3.92288]],[[-79.25482,-3.9354],[-79.2549,-3.93517]],[[-79.2549,-3.93517],[-79.25482,-3.9354]],[[-79.25328,-3.64684],[-79.25488,-3.6479]],[[-79.25488,-3.6479],[-79.25328,-3.64684]],[[-79.25466,-3.93586],[-79.25482,-3.9354]],[[-79.25482,-3.9354],[-79.25466,-3.93586]],[[-79.25478,-3.92272],[-79.25465,-3.92245]],[[-79.25465,-3.92245],[-79.25478,-3.92272]],[[-79.25458,-3.92049],[-79.25478,-3.92038]],[[-79.25478,-3.92038],[-79.25458,-3.92049]],[[-79.25447,-3.93633],[-79.25466,-3.93586]],[[-79.25466,-3.93586],[-79.25447,-3.93633]],[[-79.25465,-3.92245],[-79.25437,-3.92135]],[[-79.25437,-3.92135],[-79.25465,-3.92245]],[[-79.25444,-3.92063],[-79.25458,-3.92049]],[[-79.25458,-3.92049],[-79.25444,-3.92063]],[[-79.25418,-3.93716],[-79.25447,-3.93633]],[[-79.25447,-3.93633],[-79.25418,-3.93716]],[[-79.25433,-3.92081],[-79.25444,-3.92063]],[[-79.25444,-3.92063],[-79.25433,-3.92081]],[[-79.25437,-3.92135],[-79.25431,-3.92106]],[[-79.25431,-3.92106],[-79.25437,-3.92135]],[[-79.25436,-3.94744],[-79.25436,-3.94686]],[[-79.25436,-3.94686],[-79.25436,-3.94744]],[[-79.25432,-3.94788],[-79.25436,-3.94744]],[[-79.25436,-3.94744],[-79.25432,-3.94788]],[[-79.25436,-3.94686],[-79.25427,-3.94426]],[[-79.25427,-3.94426],[-79.25436,-3.94686]],[[-79.25431,-3.92106],[-79.25433,-3.92081]],[[-79.25433,-3.92081],[-79.25431,-3.92106]],[[-79.25431,-3.94794],[-79.25432,-3.94788]],[[-79.25432,-3.94788],[-79.25431,-3.94794]],[[-79.25407,-3.94889],[-79.25431,-3.94794]],[[-79.25431,-3.94794],[-79.25407,-3.94889]],[[-79.25427,-3.94426],[-79.25421,-3.94382]],[[-79.25421,-3.94382],[-79.25427,-3.94426]],[[-79.25421,-3.94382],[-79.25393,-3.94233]],[[-79.25393,-3.94233],[-79.25421,-3.94382]],[[-79.25411,-3.93738],[-79.25418,-3.93716]],[[-79.25418,-3.93716],[-79.25411,-3.93738]],[[-79.25401,-3.93771],[-79.25411,-3.93738]],[[-79.25411,-3.93738],[-79.25401,-3.93771]],[[-79.25385,-3.94962],[-79.25407,-3.94889]],[[-79.25407,-3.94889],[-79.25385,-3.94962]],[[-79.25398,-3.93779],[-79.25401,-3.93771]],[[-79.25401,-3.93771],[-79.25398,-3.93779]],[[-79.25392,-3.93791],[-79.25398,-3.93779]],[[-79.25398,-3.93779],[-79.25392,-3.93791]],[[-79.25393,-3.94233],[-79.25363,-3.94095]],[[-79.25363,-3.94095],[-79.25393,-3.94233]],[[-79.25317,-3.93923],[-79.25392,-3.93791]],[[-79.25392,-3.93791],[-79.25317,-3.93923]],[[-79.25371,-3.95004],[-79.25385,-3.94962]],[[-79.25385,-3.94962],[-79.25371,-3.95004]],[[-79.25355,-3.95048],[-79.25371,-3.95004]],[[-79.25371,-3.95004],[-79.25355,-3.95048]],[[-79.25363,-3.94095],[-79.2536,-3.94084]],[[-79.2536,-3.94084],[-79.25363,-3.94095]],[[-79.2536,-3.94084],[-79.25336,-3.94019]],[[-79.25336,-3.94019],[-79.2536,-3.94084]],[[-79.25339,-3.95083],[-79.25355,-3.95048]],[[-79.25355,-3.95048],[-79.25339,-3.95083]],[[-79.25327,-3.95105],[-79.25339,-3.95083]],[[-79.25339,-3.95083],[-79.25327,-3.95105]],[[-79.25336,-3.94019],[-79.25333,-3.94013]],[[-79.25333,-3.94013],[-79.25336,-3.94019]],[[-79.25333,-3.94013],[-79.25318,-3.93974]],[[-79.25318,-3.93974],[-79.25333,-3.94013]],[[-79.2531,-3.64676],[-79.25328,-3.64684]],[[-79.25328,-3.64684],[-79.2531,-3.64676]],[[-79.25283,-3.95165],[-79.25327,-3.95105]],[[-79.25327,-3.95105],[-79.25283,-3.95165]],[[-79.25318,-3.93974],[-79.25317,-3.93966]],[[-79.25317,-3.93966],[-79.25318,-3.93974]],[[-79.25315,-3.93928],[-79.25317,-3.93923]],[[-79.25317,-3.93923],[-79.25315,-3.93928]],[[-79.25317,-3.93966],[-79.25314,-3.93953]],[[-79.25314,-3.93953],[-79.25317,-3.93966]],[[-79.25314,-3.93934],[-79.25315,-3.93928]],[[-79.25315,-3.93928],[-79.25314,-3.93934]],[[-79.25314,-3.93953],[-79.25313,-3.93941]],[[-79.25313,-3.93941],[-79.25314,-3.93953]],[[-79.25313,-3.93941],[-79.25314,-3.93934]],[[-79.25314,-3.93934],[-79.25313,-3.93941]],[[-79.2529,-3.64674],[-79.2531,-3.64676]],[[-79.2531,-3.64676],[-79.2529,-3.64674]],[[-79.25261,-3.64679],[-79.2529,-3.64674]],[[-79.2529,-3.64674],[-79.25261,-3.64679]],[[-79.25255,-3.95201],[-79.25283,-3.95165]],[[-79.25283,-3.95165],[-79.25255,-3.95201]],[[-79.25205,-3.6469],[-79.25261,-3.64679]],[[-79.25261,-3.64679],[-79.25205,-3.6469]],[[-79.25233,-3.95223],[-79.25255,-3.95201]],[[-79.25255,-3.95201],[-79.25233,-3.95223]],[[-79.25194,-3.95251],[-79.25233,-3.95223]],[[-79.25233,-3.95223],[-79.25194,-3.95251]],[[-79.25177,-3.6469],[-79.25205,-3.6469]],[[-79.25205,-3.6469],[-79.25177,-3.6469]],[[-79.25187,-3.95255],[-79.25194,-3.95251]],[[-79.25194,-3.95251],[-79.25187,-3.95255]],[[-79.25129,-3.95276],[-79.25187,-3.95255]],[[-79.25187,-3.95255],[-79.25129,-3.95276]],[[-79.25161,-3.64683],[-79.25177,-3.6469]],[[-79.25177,-3.6469],[-79.25161,-3.64683]],[[-79.25144,-3.64671],[-79.25161,-3.64683]],[[-79.25161,-3.64683],[-79.25144,-3.64671]],[[-79.2504,-3.64529],[-79.25144,-3.64671]],[[-79.25144,-3.64671],[-79.2504,-3.64529]],[[-79.25028,-3.9531],[-79.25129,-3.95276]],[[-79.25129,-3.95276],[-79.25028,-3.9531]],[[-79.25023,-3.64515],[-79.2504,-3.64529]],[[-79.2504,-3.64529],[-79.25023,-3.64515]],[[-79.24936,-3.95336],[-79.25028,-3.9531]],[[-79.25028,-3.9531],[-79.24936,-3.95336]],[[-79.25007,-3.64509],[-79.25023,-3.64515]],[[-79.25023,-3.64515],[-79.25007,-3.64509]],[[-79.24987,-3.64509],[-79.25007,-3.64509]],[[-79.25007,-3.64509],[-79.24987,-3.64509]],[[-79.24967,-3.64515],[-79.24987,-3.64509]],[[-79.24987,-3.64509],[-79.24967,-3.64515]],[[-79.2494,-3.64536],[-79.24967,-3.64515]],[[-79.24967,-3.64515],[-79.2494,-3.64536]],[[-79.2492,-3.64551],[-79.2494,-3.64536]],[[-79.2494,-3.64536],[-79.2492,-3.64551]],[[-79.24852,-3.95347],[-79.24936,-3.95336]],[[-79.24936,-3.95336],[-79.24852,-3.95347]],[[-79.24889,-3.6458],[-79.2492,-3.64551]],[[-79.2492,-3.64551],[-79.24889,-3.6458]],[[-79.24869,-3.64611],[-79.24889,-3.6458]],[[-79.24889,-3.6458],[-79.24869,-3.64611]],[[-79.24838,-3.64716],[-79.24869,-3.64611]],[[-79.24869,-3.64611],[-79.24838,-3.64716]],[[-79.24821,-3.9535],[-79.24852,-3.95347]],[[-79.24852,-3.95347],[-79.24821,-3.9535]],[[-79.24811,-3.64758],[-79.24838,-3.64716]],[[-79.24838,-3.64716],[-79.24811,-3.64758]],[[-79.248,-3.95354],[-79.24821,-3.9535]],[[-79.24821,-3.9535],[-79.248,-3.95354]],[[-79.24658,-3.64938],[-79.24811,-3.64758]],[[-79.24811,-3.64758],[-79.24658,-3.64938]],[[-79.24785,-3.95357],[-79.248,-3.95354]],[[-79.248,-3.95354],[-79.24785,-3.95357]],[[-79.24755,-3.95365],[-79.24785,-3.95357]],[[-79.24785,-3.95357],[-79.24755,-3.95365]],[[-79.24727,-3.95376],[-79.24755,-3.95365]],[[-79.24755,-3.95365],[-79.24727,-3.95376]],[[-79.24692,-3.95392],[-79.24727,-3.95376]],[[-79.24727,-3.95376],[-79.24692,-3.95392]],[[-79.245,-3.95508],[-79.24692,-3.95392]],[[-79.24692,-3.95392],[-79.245,-3.95508]],[[-79.24636,-3.64963],[-79.24658,-3.64938]],[[-79.24658,-3.64938],[-79.24636,-3.64963]],[[-79.24601,-3.64978],[-79.24636,-3.64963]],[[-79.24636,-3.64963],[-79.24601,-3.64978]],[[-79.24574,-3.64977],[-79.24601,-3.64978]],[[-79.24601,-3.64978],[-79.24574,-3.64977]],[[-79.24546,-3.64967],[-79.24574,-3.64977]],[[-79.24574,-3.64977],[-79.24546,-3.64967]],[[-79.24527,-3.64952],[-79.24546,-3.64967]],[[-79.24546,-3.64967],[-79.24527,-3.64952]],[[-79.2451,-3.64924],[-79.24527,-3.64952]],[[-79.24527,-3.64952],[-79.2451,-3.64924]],[[-79.24399,-3.64703],[-79.2451,-3.64924]],[[-79.2451,-3.64924],[-79.24399,-3.64703]],[[-79.24453,-3.95539],[-79.245,-3.95508]],[[-79.245,-3.95508],[-79.24453,-3.95539]],[[-79.24443,-3.95547],[-79.24453,-3.95539]],[[-79.24453,-3.95539],[-79.24443,-3.95547]],[[-79.24422,-3.95567],[-79.24443,-3.95547]],[[-79.24443,-3.95547],[-79.24422,-3.95567]],[[-79.24398,-3.95599],[-79.24422,-3.95567]],[[-79.24422,-3.95567],[-79.24398,-3.95599]],[[-79.24343,-3.64562],[-79.24399,-3.64703]],[[-79.24399,-3.64703],[-79.24343,-3.64562]],[[-79.24384,-3.95622],[-79.24398,-3.95599]],[[-79.24398,-3.95599],[-79.24384,-3.95622]],[[-79.2438,-3.9563],[-79.24384,-3.95622]],[[-79.24384,-3.95622],[-79.2438,-3.9563]],[[-79.24305,-3.9577],[-79.2438,-3.9563]],[[-79.2438,-3.9563],[-79.24305,-3.9577]],[[-79.2433,-3.64537],[-79.24343,-3.64562]],[[-79.24343,-3.64562],[-79.2433,-3.64537]],[[-79.24313,-3.64522],[-79.2433,-3.64537]],[[-79.2433,-3.64537],[-79.24313,-3.64522]],[[-79.24319,-3.63815],[-79.24315,-3.63796]],[[-79.24315,-3.63796],[-79.24319,-3.63815]],[[-79.24317,-3.63852],[-79.24319,-3.63815]],[[-79.24319,-3.63815],[-79.24317,-3.63852]],[[-79.24265,-3.63946],[-79.24317,-3.63852]],[[-79.24317,-3.63852],[-79.24265,-3.63946]],[[-79.24315,-3.63796],[-79.24309,-3.63777]],[[-79.24309,-3.63777],[-79.24315,-3.63796]],[[-79.24233,-3.645],[-79.24313,-3.64522]],[[-79.24313,-3.64522],[-79.24233,-3.645]],[[-79.24309,-3.63777],[-79.24305,-3.63769]],[[-79.24305,-3.63769],[-79.24309,-3.63777]],[[-79.24299,-3.9578],[-79.24305,-3.9577]],[[-79.24305,-3.9577],[-79.24299,-3.9578]],[[-79.24305,-3.63769],[-79.24262,-3.63681]],[[-79.24262,-3.63681],[-79.24305,-3.63769]],[[-79.24246,-3.95842],[-79.24299,-3.9578]],[[-79.24299,-3.9578],[-79.24246,-3.95842]],[[-79.24216,-3.64028],[-79.24265,-3.63946]],[[-79.24265,-3.63946],[-79.24216,-3.64028]],[[-79.24262,-3.63681],[-79.24247,-3.63652]],[[-79.24247,-3.63652],[-79.24262,-3.63681]],[[-79.24247,-3.63652],[-79.24218,-3.63598]],[[-79.24218,-3.63598],[-79.24247,-3.63652]],[[-79.24128,-3.95965],[-79.24246,-3.95842]],[[-79.24246,-3.95842],[-79.24128,-3.95965]],[[-79.24215,-3.64498],[-79.24233,-3.645]],[[-79.24233,-3.645],[-79.24215,-3.64498]],[[-79.24218,-3.63598],[-79.2418,-3.63528]],[[-79.2418,-3.63528],[-79.24218,-3.63598]],[[-79.24205,-3.64063],[-79.24216,-3.64028]],[[-79.24216,-3.64028],[-79.24205,-3.64063]],[[-79.24197,-3.64503],[-79.24215,-3.64498]],[[-79.24215,-3.64498],[-79.24197,-3.64503]],[[-79.24206,-3.63381],[-79.24203,-3.63363]],[[-79.24203,-3.63363],[-79.24206,-3.63381]],[[-79.24205,-3.63399],[-79.24206,-3.63381]],[[-79.24206,-3.63381],[-79.24205,-3.63399]],[[-79.24175,-3.63484],[-79.24205,-3.63399]],[[-79.24205,-3.63399],[-79.24175,-3.63484]],[[-79.24202,-3.64143],[-79.24205,-3.64063]],[[-79.24205,-3.64063],[-79.24202,-3.64143]],[[-79.24203,-3.63363],[-79.2417,-3.63228]],[[-79.2417,-3.63228],[-79.24203,-3.63363]],[[-79.24201,-3.64186],[-79.24202,-3.64143]],[[-79.24202,-3.64143],[-79.24201,-3.64186]],[[-79.24166,-3.64296],[-79.24201,-3.64186]],[[-79.24201,-3.64186],[-79.24166,-3.64296]],[[-79.24177,-3.64519],[-79.24197,-3.64503]],[[-79.24197,-3.64503],[-79.24177,-3.64519]],[[-79.2418,-3.63528],[-79.24177,-3.63517]],[[-79.24177,-3.63517],[-79.2418,-3.63528]],[[-79.24139,-3.64555],[-79.24177,-3.64519]],[[-79.24177,-3.64519],[-79.24139,-3.64555]],[[-79.24177,-3.63517],[-79.24175,-3.63507]],[[-79.24175,-3.63507],[-79.24177,-3.63517]],[[-79.24175,-3.63507],[-79.24175,-3.63495]],[[-79.24175,-3.63495],[-79.24175,-3.63507]],[[-79.24175,-3.63495],[-79.24175,-3.63484]],[[-79.24175,-3.63484],[-79.24175,-3.63495]],[[-79.24174,-3.63097],[-79.24173,-3.6308]],[[-79.24173,-3.6308],[-79.24174,-3.63097]],[[-79.24167,-3.63169],[-79.24174,-3.63097]],[[-79.24174,-3.63097],[-79.24167,-3.63169]],[[-79.24173,-3.6308],[-79.2417,-3.63026]],[[-79.2417,-3.63026],[-79.24173,-3.6308]],[[-79.2417,-3.63026],[-79.24165,-3.62985]],[[-79.24165,-3.62985],[-79.2417,-3.63026]],[[-79.2417,-3.63228],[-79.24167,-3.63169]],[[-79.24167,-3.63169],[-79.2417,-3.63228]],[[-79.24056,-3.64456],[-79.24166,-3.64296]],[[-79.24166,-3.64296],[-79.24056,-3.64456]],[[-79.24165,-3.62985],[-79.24161,-3.62969]],[[-79.24161,-3.62969],[-79.24165,-3.62985]],[[-79.24161,-3.62969],[-79.24148,-3.62933]],[[-79.24148,-3.62933],[-79.24161,-3.62969]],[[-79.24148,-3.62933],[-79.24126,-3.62856]],[[-79.24126,-3.62856],[-79.24148,-3.62933]],[[-79.24127,-3.64562],[-79.24139,-3.64555]],[[-79.24139,-3.64555],[-79.24127,-3.64562]],[[-79.24113,-3.9598],[-79.24128,-3.95965]],[[-79.24128,-3.95965],[-79.24113,-3.9598]],[[-79.24106,-3.64567],[-79.24127,-3.64562]],[[-79.24127,-3.64562],[-79.24106,-3.64567]],[[-79.24126,-3.62856],[-79.24123,-3.62847]],[[-79.24123,-3.62847],[-79.24126,-3.62856]],[[-79.24123,-3.62847],[-79.2411,-3.628]],[[-79.2411,-3.628],[-79.24123,-3.62847]],[[-79.24075,-3.9601],[-79.24113,-3.9598]],[[-79.24113,-3.9598],[-79.24075,-3.9601]],[[-79.2411,-3.628],[-79.24093,-3.62776]],[[-79.24093,-3.62776],[-79.2411,-3.628]],[[-79.24088,-3.64566],[-79.24106,-3.64567]],[[-79.24106,-3.64567],[-79.24088,-3.64566]],[[-79.24093,-3.62776],[-79.24069,-3.62762]],[[-79.24069,-3.62762],[-79.24093,-3.62776]],[[-79.24068,-3.64559],[-79.24088,-3.64566]],[[-79.24088,-3.64566],[-79.24068,-3.64559]],[[-79.24046,-3.96029],[-79.24075,-3.9601]],[[-79.24075,-3.9601],[-79.24046,-3.96029]],[[-79.24069,-3.62762],[-79.24034,-3.62757]],[[-79.24034,-3.62757],[-79.24069,-3.62762]],[[-79.24054,-3.64547],[-79.24068,-3.64559]],[[-79.24068,-3.64559],[-79.24054,-3.64547]],[[-79.24046,-3.64472],[-79.24056,-3.64456]],[[-79.24056,-3.64456],[-79.24046,-3.64472]],[[-79.24046,-3.64536],[-79.24054,-3.64547]],[[-79.24054,-3.64547],[-79.24046,-3.64536]],[[-79.23998,-3.96045],[-79.24046,-3.96029]],[[-79.24046,-3.96029],[-79.23998,-3.96045]],[[-79.2404,-3.64488],[-79.24046,-3.64472]],[[-79.24046,-3.64472],[-79.2404,-3.64488]],[[-79.24046,-3.64536],[-79.24041,-3.64522]],[[-79.24041,-3.64522],[-79.24046,-3.64536]],[[-79.24041,-3.64522],[-79.24038,-3.64505]],[[-79.24038,-3.64505],[-79.24041,-3.64522]],[[-79.24038,-3.64505],[-79.2404,-3.64488]],[[-79.2404,-3.64488],[-79.24038,-3.64505]],[[-79.24034,-3.62757],[-79.24,-3.62767]],[[-79.24,-3.62767],[-79.24034,-3.62757]],[[-79.24,-3.62767],[-79.23962,-3.62777]],[[-79.23962,-3.62777],[-79.24,-3.62767]],[[-79.23981,-3.96049],[-79.23998,-3.96045]],[[-79.23998,-3.96045],[-79.23981,-3.96049]],[[-79.23934,-3.96059],[-79.23981,-3.96049]],[[-79.23981,-3.96049],[-79.23934,-3.96059]],[[-79.23962,-3.62777],[-79.23933,-3.62782]],[[-79.23933,-3.62782],[-79.23962,-3.62777]],[[-79.2391,-3.96067],[-79.23934,-3.96059]],[[-79.23934,-3.96059],[-79.2391,-3.96067]],[[-79.23933,-3.62782],[-79.23897,-3.62779]],[[-79.23897,-3.62779],[-79.23933,-3.62782]],[[-79.23892,-3.96077],[-79.2391,-3.96067]],[[-79.2391,-3.96067],[-79.23892,-3.96077]],[[-79.23897,-3.62779],[-79.23842,-3.62759]],[[-79.23842,-3.62759],[-79.23897,-3.62779]],[[-79.23882,-3.96089],[-79.23892,-3.96077]],[[-79.23892,-3.96077],[-79.23882,-3.96089]],[[-79.2387,-3.96102],[-79.23882,-3.96089]],[[-79.23882,-3.96089],[-79.2387,-3.96102]],[[-79.2387,-3.96102],[-79.23845,-3.9616]],[[-79.23831,-3.96145],[-79.2387,-3.96102]],[[-79.23845,-3.9616],[-79.23845,-3.96165]],[[-79.23845,-3.9616],[-79.23845,-3.96165]],[[-79.23845,-3.96165],[-79.23844,-3.96169]],[[-79.23845,-3.96165],[-79.23844,-3.96169]],[[-79.23844,-3.96156],[-79.23845,-3.9616]],[[-79.23844,-3.96156],[-79.23845,-3.9616]],[[-79.23842,-3.96152],[-79.23844,-3.96156]],[[-79.23842,-3.96152],[-79.23844,-3.96156]],[[-79.23844,-3.96169],[-79.23877,-3.9631],[-79.23899,-3.96878],[-79.2395,-3.97076],[-79.23947,-3.97569],[-79.2391,-3.97619],[-79.23598,-3.97793],[-79.23773,-3.98129],[-79.23776,-3.9818],[-79.23757,-3.98213],[-79.23692,-3.98239],[-79.23573,-3.98212],[-79.23451,-3.98106],[-79.23381,-3.98135]],[[-79.23844,-3.96169],[-79.23842,-3.96173]],[[-79.23844,-3.96169],[-79.23842,-3.96173]],[[-79.23842,-3.62759],[-79.23814,-3.62749]],[[-79.23814,-3.62749],[-79.23842,-3.62759]],[[-79.23839,-3.96149],[-79.23842,-3.96152]],[[-79.23839,-3.96149],[-79.23842,-3.96152]],[[-79.23842,-3.96173],[-79.23838,-3.96177]],[[-79.23842,-3.96173],[-79.23838,-3.96177]],[[-79.23835,-3.96146],[-79.23839,-3.96149]],[[-79.23835,-3.96146],[-79.23839,-3.96149]],[[-79.23838,-3.96177],[-79.23834,-3.96179]],[[-79.23838,-3.96177],[-79.23834,-3.96179]],[[-79.23831,-3.96145],[-79.23835,-3.96146]],[[-79.23831,-3.96145],[-79.23835,-3.96146]],[[-79.23834,-3.96179],[-79.23827,-3.9618]],[[-79.23834,-3.96179],[-79.23827,-3.9618]],[[-79.2383,-3.96145],[-79.23831,-3.96145]],[[-79.2383,-3.96145],[-79.23831,-3.96145]],[[-79.23824,-3.96145],[-79.2383,-3.96145]],[[-79.23824,-3.96145],[-79.2383,-3.96145]],[[-79.23827,-3.9618],[-79.23826,-3.9618]],[[-79.23827,-3.9618],[-79.23826,-3.9618]],[[-79.23368,-3.98116],[-79.23455,-3.98095],[-79.23749,-3.98204],[-79.23586,-3.97789],[-79.23935,-3.97566],[-79.23827,-3.9618]],[[-79.23826,-3.9618],[-79.23822,-3.96179]],[[-79.23826,-3.9618],[-79.23822,-3.96179]],[[-79.23819,-3.96148],[-79.23824,-3.96145]],[[-79.23819,-3.96148],[-79.23824,-3.96145]],[[-79.23822,-3.96179],[-79.23817,-3.96176]],[[-79.23822,-3.96179],[-79.23817,-3.96176]],[[-79.23814,-3.96151],[-79.23819,-3.96148]],[[-79.23814,-3.96151],[-79.23819,-3.96148]],[[-79.23817,-3.96176],[-79.23814,-3.96173]],[[-79.23817,-3.96176],[-79.23814,-3.96173]],[[-79.23811,-3.96157],[-79.23814,-3.96151]],[[-79.23811,-3.96157],[-79.23814,-3.96151]],[[-79.23814,-3.96173],[-79.23811,-3.96168]],[[-79.23814,-3.96173],[-79.23811,-3.96168]],[[-79.23814,-3.62749],[-79.23803,-3.62743]],[[-79.23803,-3.62743],[-79.23814,-3.62749]],[[-79.2381,-3.96162],[-79.23811,-3.96157]],[[-79.2381,-3.96162],[-79.23811,-3.96157]],[[-79.23811,-3.96168],[-79.2381,-3.96162]],[[-79.23811,-3.96168],[-79.2381,-3.96162]],[[-79.23803,-3.62743],[-79.23794,-3.62736]],[[-79.23794,-3.62736],[-79.23803,-3.62743]],[[-79.23794,-3.62736],[-79.23787,-3.6273]],[[-79.23787,-3.6273],[-79.23794,-3.62736]],[[-79.23787,-3.6273],[-79.23732,-3.62672]],[[-79.23732,-3.62672],[-79.23787,-3.6273]],[[-79.23732,-3.62672],[-79.23703,-3.62636]],[[-79.23703,-3.62636],[-79.23732,-3.62672]],[[-79.23703,-3.62636],[-79.23682,-3.62611]],[[-79.23682,-3.62611],[-79.23703,-3.62636]],[[-79.23682,-3.62611],[-79.23671,-3.62596]],[[-79.23671,-3.62596],[-79.23682,-3.62611]],[[-79.23671,-3.62596],[-79.23663,-3.62586]],[[-79.23663,-3.62586],[-79.23671,-3.62596]],[[-79.23663,-3.62586],[-79.2365,-3.62568]],[[-79.2365,-3.62568],[-79.23663,-3.62586]],[[-79.2365,-3.62568],[-79.23646,-3.62564]],[[-79.23646,-3.62564],[-79.2365,-3.62568]],[[-79.23646,-3.62564],[-79.23621,-3.62535]],[[-79.23621,-3.62535],[-79.23646,-3.62564]],[[-79.23621,-3.62535],[-79.23599,-3.6251]],[[-79.23599,-3.6251],[-79.23621,-3.62535]],[[-79.23599,-3.6251],[-79.23587,-3.62494]],[[-79.23587,-3.62494],[-79.23599,-3.6251]],[[-79.23587,-3.62494],[-79.23578,-3.6248]],[[-79.23578,-3.6248],[-79.23587,-3.62494]],[[-79.23578,-3.6248],[-79.23571,-3.62461]],[[-79.23571,-3.62461],[-79.23578,-3.6248]],[[-79.23571,-3.62461],[-79.23568,-3.62439]],[[-79.23568,-3.62439],[-79.23571,-3.62461]],[[-79.23568,-3.62439],[-79.23567,-3.62409]],[[-79.23567,-3.62409],[-79.23568,-3.62439]],[[-79.23567,-3.62409],[-79.23564,-3.62363]],[[-79.23564,-3.62363],[-79.23567,-3.62409]],[[-79.23564,-3.62363],[-79.23559,-3.62347]],[[-79.23559,-3.62347],[-79.23564,-3.62363]],[[-79.23559,-3.62347],[-79.23552,-3.62332]],[[-79.23552,-3.62332],[-79.23559,-3.62347]],[[-79.23552,-3.62332],[-79.23539,-3.6232]],[[-79.23539,-3.6232],[-79.23552,-3.62332]],[[-79.23539,-3.6232],[-79.23523,-3.62307]],[[-79.23523,-3.62307],[-79.23539,-3.6232]],[[-79.23523,-3.62307],[-79.23499,-3.62294]],[[-79.23499,-3.62294],[-79.23523,-3.62307]],[[-79.23499,-3.62294],[-79.23482,-3.62284]],[[-79.23482,-3.62284],[-79.23499,-3.62294]],[[-79.23482,-3.62284],[-79.23438,-3.62256]],[[-79.23438,-3.62256],[-79.23482,-3.62284]],[[-79.23438,-3.62256],[-79.23389,-3.6223]],[[-79.23389,-3.6223],[-79.23438,-3.62256]],[[-79.23389,-3.6223],[-79.23337,-3.62201]],[[-79.23337,-3.62201],[-79.23389,-3.6223]],[[-79.2338,-3.98129],[-79.23381,-3.98135]],[[-79.2338,-3.98129],[-79.23381,-3.98135]],[[-79.23381,-3.98135],[-79.23379,-3.9814]],[[-79.23381,-3.98135],[-79.23379,-3.9814]],[[-79.23378,-3.98123],[-79.2338,-3.98129]],[[-79.23378,-3.98123],[-79.2338,-3.98129]],[[-79.23379,-3.9814],[-79.23391,-3.98169],[-79.23363,-3.98151]],[[-79.23379,-3.9814],[-79.23375,-3.98146]],[[-79.23379,-3.9814],[-79.23375,-3.98146]],[[-79.23373,-3.98119],[-79.23378,-3.98123]],[[-79.23373,-3.98119],[-79.23378,-3.98123]],[[-79.23375,-3.98146],[-79.2337,-3.9815]],[[-79.23375,-3.98146],[-79.2337,-3.9815]],[[-79.23368,-3.98116],[-79.23373,-3.98119]],[[-79.23368,-3.98116],[-79.23373,-3.98119]],[[-79.2337,-3.9815],[-79.23363,-3.98151]],[[-79.2337,-3.9815],[-79.23363,-3.98151]],[[-79.23366,-3.98116],[-79.23368,-3.98116]],[[-79.23366,-3.98116],[-79.23368,-3.98116]],[[-79.23364,-3.98115],[-79.23366,-3.98116]],[[-79.23364,-3.98115],[-79.23366,-3.98116]],[[-79.23362,-3.98115],[-79.23364,-3.98115]],[[-79.23362,-3.98115],[-79.23364,-3.98115]],[[-79.23363,-3.98151],[-79.23358,-3.9815]],[[-79.23363,-3.98151],[-79.23358,-3.9815]],[[-79.23356,-3.98117],[-79.23362,-3.98115]],[[-79.23356,-3.98117],[-79.23362,-3.98115]],[[-79.23358,-3.9815],[-79.23354,-3.98149]],[[-79.23358,-3.9815],[-79.23354,-3.98149]],[[-79.23351,-3.98119],[-79.23356,-3.98117]],[[-79.23351,-3.98119],[-79.23356,-3.98117]],[[-79.23354,-3.98149],[-79.23351,-3.98146]],[[-79.23354,-3.98149],[-79.23351,-3.98146]],[[-79.23348,-3.98124],[-79.23351,-3.98119]],[[-79.23348,-3.98124],[-79.23351,-3.98119]],[[-79.23351,-3.98146],[-79.23348,-3.98143]],[[-79.23351,-3.98146],[-79.23348,-3.98143]],[[-79.23348,-3.98143],[-79.23346,-3.98139]],[[-79.23348,-3.98143],[-79.23346,-3.98139]],[[-79.23345,-3.98129],[-79.23348,-3.98124]],[[-79.23345,-3.98129],[-79.23348,-3.98124]],[[-79.23346,-3.98139],[-79.23345,-3.98135]],[[-79.23346,-3.98139],[-79.23345,-3.98135]],[[-79.23345,-3.98131],[-79.23345,-3.98129]],[[-79.23345,-3.98131],[-79.23345,-3.98129]],[[-79.23345,-3.98135],[-79.23345,-3.98131]],[[-79.23345,-3.98135],[-79.23345,-3.98131]],[[-79.23337,-3.62201],[-79.2332,-3.62198]],[[-79.2332,-3.62198],[-79.23337,-3.62201]],[[-79.2332,-3.62198],[-79.23306,-3.62198]],[[-79.23306,-3.62198],[-79.2332,-3.62198]],[[-79.23306,-3.62198],[-79.23288,-3.62201]],[[-79.23288,-3.62201],[-79.23306,-3.62198]],[[-79.23288,-3.62201],[-79.23263,-3.62213]],[[-79.23263,-3.62213],[-79.23288,-3.62201]],[[-79.23263,-3.62213],[-79.23239,-3.62232]],[[-79.23239,-3.62232],[-79.23263,-3.62213]],[[-79.23239,-3.62232],[-79.23185,-3.62284]],[[-79.23185,-3.62284],[-79.23239,-3.62232]],[[-79.23173,-3.62665],[-79.23188,-3.62697]],[[-79.23188,-3.62697],[-79.23173,-3.62665]],[[-79.23188,-3.62697],[-79.23186,-3.62712]],[[-79.23186,-3.62712],[-79.23188,-3.62697]],[[-79.23186,-3.62712],[-79.23183,-3.62726]],[[-79.23183,-3.62726],[-79.23186,-3.62712]],[[-79.23185,-3.62284],[-79.23091,-3.62374]],[[-79.23091,-3.62374],[-79.23185,-3.62284]],[[-79.23183,-3.62726],[-79.23174,-3.6274]],[[-79.23174,-3.6274],[-79.23183,-3.62726]],[[-79.23174,-3.6274],[-79.2316,-3.62755]],[[-79.2316,-3.62755],[-79.23174,-3.6274]],[[-79.23115,-3.62602],[-79.23173,-3.62665]],[[-79.23173,-3.62665],[-79.23115,-3.62602]],[[-79.2316,-3.62755],[-79.23137,-3.62764]],[[-79.23137,-3.62764],[-79.2316,-3.62755]],[[-79.23137,-3.62764],[-79.23117,-3.62767]],[[-79.23117,-3.62767],[-79.23137,-3.62764]],[[-79.23117,-3.62767],[-79.23025,-3.62761]],[[-79.23025,-3.62761],[-79.23117,-3.62767]],[[-79.23085,-3.62572],[-79.23115,-3.62602]],[[-79.23115,-3.62602],[-79.23085,-3.62572]],[[-79.23091,-3.62374],[-79.23085,-3.62383]],[[-79.23085,-3.62383],[-79.23091,-3.62374]],[[-79.23067,-3.62548],[-79.23085,-3.62572]],[[-79.23085,-3.62572],[-79.23067,-3.62548]],[[-79.23085,-3.62383],[-79.23077,-3.62396]],[[-79.23077,-3.62396],[-79.23085,-3.62383]],[[-79.23077,-3.62396],[-79.2307,-3.6241]],[[-79.2307,-3.6241],[-79.23077,-3.62396]],[[-79.2307,-3.6241],[-79.23065,-3.62424]],[[-79.23065,-3.62424],[-79.2307,-3.6241]],[[-79.23061,-3.62534],[-79.23067,-3.62548]],[[-79.23067,-3.62548],[-79.23061,-3.62534]],[[-79.23065,-3.62424],[-79.23064,-3.6244]],[[-79.23064,-3.6244],[-79.23065,-3.62424]],[[-79.23064,-3.6244],[-79.23058,-3.62507]],[[-79.23058,-3.62507],[-79.23064,-3.6244]],[[-79.23058,-3.62521],[-79.23061,-3.62534]],[[-79.23061,-3.62534],[-79.23058,-3.62521]],[[-79.23058,-3.62507],[-79.23058,-3.62521]],[[-79.23058,-3.62521],[-79.23058,-3.62507]],[[-79.23025,-3.62761],[-79.22957,-3.62753]],[[-79.22957,-3.62753],[-79.23025,-3.62761]],[[-79.22957,-3.62753],[-79.22943,-3.62745]],[[-79.22943,-3.62745],[-79.22957,-3.62753]],[[-79.22943,-3.62745],[-79.22931,-3.62733]],[[-79.22931,-3.62733],[-79.22943,-3.62745]],[[-79.22931,-3.62733],[-79.2292,-3.62709]],[[-79.2292,-3.62709],[-79.22931,-3.62733]],[[-79.2292,-3.62709],[-79.22916,-3.62679]],[[-79.22916,-3.62679],[-79.2292,-3.62709]],[[-79.22916,-3.62679],[-79.22905,-3.62577]],[[-79.22905,-3.62577],[-79.22916,-3.62679]],[[-79.22905,-3.62577],[-79.22901,-3.62556]],[[-79.22901,-3.62556],[-79.22905,-3.62577]],[[-79.22901,-3.62556],[-79.22898,-3.62541]],[[-79.22898,-3.62541],[-79.22901,-3.62556]],[[-79.22898,-3.62541],[-79.22886,-3.62527]],[[-79.22886,-3.62527],[-79.22898,-3.62541]],[[-79.22886,-3.62527],[-79.22867,-3.62514]],[[-79.22867,-3.62514],[-79.22886,-3.62527]],[[-79.22867,-3.62514],[-79.22848,-3.62507]],[[-79.22848,-3.62507],[-79.22867,-3.62514]],[[-79.22848,-3.62507],[-79.22835,-3.62506]],[[-79.22835,-3.62506],[-79.22848,-3.62507]],[[-79.22835,-3.62506],[-79.22808,-3.62501]],[[-79.22808,-3.62501],[-79.22835,-3.62506]],[[-79.22808,-3.62501],[-79.22783,-3.62497]],[[-79.22783,-3.62497],[-79.22808,-3.62501]],[[-79.22783,-3.62497],[-79.22768,-3.62498]],[[-79.22768,-3.62498],[-79.22783,-3.62497]],[[-79.22768,-3.62498],[-79.22761,-3.62499]],[[-79.22761,-3.62499],[-79.22768,-3.62498]],[[-79.22761,-3.62499],[-79.2275,-3.62496]],[[-79.2275,-3.62496],[-79.22761,-3.62499]],[[-79.2275,-3.62496],[-79.22739,-3.62489]],[[-79.22739,-3.62489],[-79.2275,-3.62496]],[[-79.22739,-3.62489],[-79.2273,-3.62478]],[[-79.2273,-3.62478],[-79.22739,-3.62489]],[[-79.2273,-3.62478],[-79.22715,-3.62427]],[[-79.22715,-3.62427],[-79.2273,-3.62478]],[[-79.22716,-3.62381],[-79.22716,-3.62337]],[[-79.22716,-3.62337],[-79.22716,-3.62381]],[[-79.22715,-3.62427],[-79.22716,-3.62381]],[[-79.22716,-3.62381],[-79.22715,-3.62427]],[[-79.22716,-3.62337],[-79.22709,-3.62299]],[[-79.22709,-3.62299],[-79.22716,-3.62337]],[[-79.22709,-3.62299],[-79.22693,-3.62225]],[[-79.22693,-3.62225],[-79.22709,-3.62299]],[[-79.22703,-3.6195],[-79.22698,-3.61915]],[[-79.22698,-3.61915],[-79.22703,-3.6195]],[[-79.227,-3.61984],[-79.22703,-3.6195]],[[-79.22703,-3.6195],[-79.227,-3.61984]],[[-79.22686,-3.62023],[-79.227,-3.61984]],[[-79.227,-3.61984],[-79.22686,-3.62023]],[[-79.22698,-3.61915],[-79.22674,-3.61845]],[[-79.22674,-3.61845],[-79.22698,-3.61915]],[[-79.22693,-3.62225],[-79.2268,-3.62182]],[[-79.2268,-3.62182],[-79.22693,-3.62225]],[[-79.22674,-3.62052],[-79.22686,-3.62023]],[[-79.22686,-3.62023],[-79.22674,-3.62052]],[[-79.2268,-3.62182],[-79.22667,-3.62151]],[[-79.22667,-3.62151],[-79.2268,-3.62182]],[[-79.22666,-3.62075],[-79.22674,-3.62052]],[[-79.22674,-3.62052],[-79.22666,-3.62075]],[[-79.22674,-3.61845],[-79.22641,-3.61763]],[[-79.22641,-3.61763],[-79.22674,-3.61845]],[[-79.22667,-3.62151],[-79.22661,-3.62133]],[[-79.22661,-3.62133],[-79.22667,-3.62151]],[[-79.2266,-3.62098],[-79.22666,-3.62075]],[[-79.22666,-3.62075],[-79.2266,-3.62098]],[[-79.22661,-3.62133],[-79.22659,-3.62117]],[[-79.22659,-3.62117],[-79.22661,-3.62133]],[[-79.22659,-3.62117],[-79.2266,-3.62098]],[[-79.2266,-3.62098],[-79.22659,-3.62117]],[[-79.22641,-3.61763],[-79.22632,-3.61724]],[[-79.22632,-3.61724],[-79.22641,-3.61763]],[[-79.22632,-3.61724],[-79.22631,-3.61687]],[[-79.22631,-3.61687],[-79.22632,-3.61724]],[[-79.22631,-3.61687],[-79.22629,-3.61608]],[[-79.22629,-3.61608],[-79.22631,-3.61687]],[[-79.22629,-3.61608],[-79.22623,-3.6158]],[[-79.22623,-3.6158],[-79.22629,-3.61608]],[[-79.22623,-3.6158],[-79.22612,-3.61553]],[[-79.22612,-3.61553],[-79.22623,-3.6158]],[[-79.22612,-3.61553],[-79.22594,-3.61528]],[[-79.22594,-3.61528],[-79.22612,-3.61553]],[[-79.22594,-3.61528],[-79.22575,-3.61507]],[[-79.22575,-3.61507],[-79.22594,-3.61528]],[[-79.22575,-3.61507],[-79.2255,-3.61491]],[[-79.2255,-3.61491],[-79.22575,-3.61507]],[[-79.2255,-3.61491],[-79.22524,-3.6148]],[[-79.22524,-3.6148],[-79.2255,-3.61491]],[[-79.22524,-3.6148],[-79.22398,-3.61457]],[[-79.22398,-3.61457],[-79.22524,-3.6148]],[[-79.22398,-3.61457],[-79.22366,-3.61451]],[[-79.22366,-3.61451],[-79.22398,-3.61457]],[[-79.22366,-3.61451],[-79.22335,-3.61441]],[[-79.22335,-3.61441],[-79.22366,-3.61451]],[[-79.22335,-3.61441],[-79.22311,-3.61428]],[[-79.22311,-3.61428],[-79.22335,-3.61441]],[[-79.22311,-3.61428],[-79.22288,-3.61409]],[[-79.22288,-3.61409],[-79.22311,-3.61428]],[[-79.22288,-3.61409],[-79.22244,-3.61349]],[[-79.22244,-3.61349],[-79.22288,-3.61409]],[[-79.22244,-3.61349],[-79.22203,-3.61293]],[[-79.22203,-3.61293],[-79.22244,-3.61349]],[[-79.22203,-3.61293],[-79.22185,-3.61278]],[[-79.22185,-3.61278],[-79.22203,-3.61293]],[[-79.22185,-3.61278],[-79.22166,-3.6127]],[[-79.22166,-3.6127],[-79.22185,-3.61278]],[[-79.22166,-3.6127],[-79.22153,-3.61267]],[[-79.22153,-3.61267],[-79.22166,-3.6127]],[[-79.22153,-3.61267],[-79.22137,-3.61267]],[[-79.22137,-3.61267],[-79.22153,-3.61267]],[[-79.22137,-3.61267],[-79.22113,-3.61272]],[[-79.22113,-3.61272],[-79.22137,-3.61267]],[[-79.22113,-3.61272],[-79.2209,-3.61288]],[[-79.2209,-3.61288],[-79.22113,-3.61272]],[[-79.2209,-3.61288],[-79.22075,-3.61305]],[[-79.22075,-3.61305],[-79.2209,-3.61288]],[[-79.22075,-3.61305],[-79.2205,-3.61363]],[[-79.2205,-3.61363],[-79.22075,-3.61305]],[[-79.2205,-3.61363],[-79.22026,-3.61408]],[[-79.22026,-3.61408],[-79.2205,-3.61363]],[[-79.22026,-3.61408],[-79.22004,-3.61425]],[[-79.22004,-3.61425],[-79.22026,-3.61408]],[[-79.22004,-3.61425],[-79.21981,-3.61436]],[[-79.21981,-3.61436],[-79.22004,-3.61425]],[[-79.21981,-3.61436],[-79.21899,-3.61456]],[[-79.21899,-3.61456],[-79.21981,-3.61436]],[[-79.21958,-3.60763],[-79.21957,-3.60741]],[[-79.21957,-3.60741],[-79.21958,-3.60763]],[[-79.21954,-3.60781],[-79.21958,-3.60763]],[[-79.21958,-3.60763],[-79.21954,-3.60781]],[[-79.21957,-3.60741],[-79.21932,-3.60654]],[[-79.21932,-3.60654],[-79.21957,-3.60741]],[[-79.21943,-3.608],[-79.21954,-3.60781]],[[-79.21954,-3.60781],[-79.21943,-3.608]],[[-79.21946,-3.60437],[-79.21941,-3.60406]],[[-79.21941,-3.60406],[-79.21946,-3.60437]],[[-79.21943,-3.60464],[-79.21946,-3.60437]],[[-79.21946,-3.60437],[-79.21943,-3.60464]],[[-79.21925,-3.60818],[-79.21943,-3.608]],[[-79.21943,-3.608],[-79.21925,-3.60818]],[[-79.21917,-3.60542],[-79.21943,-3.60464]],[[-79.21943,-3.60464],[-79.21917,-3.60542]],[[-79.21941,-3.60406],[-79.21935,-3.60379]],[[-79.21935,-3.60379],[-79.21941,-3.60406]],[[-79.21935,-3.60379],[-79.21919,-3.60355]],[[-79.21919,-3.60355],[-79.21935,-3.60379]],[[-79.21932,-3.60654],[-79.21917,-3.6061]],[[-79.21917,-3.6061],[-79.21932,-3.60654]],[[-79.21882,-3.60849],[-79.21925,-3.60818]],[[-79.21925,-3.60818],[-79.21882,-3.60849]],[[-79.21919,-3.60355],[-79.21898,-3.60336]],[[-79.21898,-3.60336],[-79.21919,-3.60355]],[[-79.21917,-3.6061],[-79.21913,-3.60576]],[[-79.21913,-3.60576],[-79.21917,-3.6061]],[[-79.21915,-3.60559],[-79.21917,-3.60542]],[[-79.21917,-3.60542],[-79.21915,-3.60559]],[[-79.21913,-3.60576],[-79.21915,-3.60559]],[[-79.21915,-3.60559],[-79.21913,-3.60576]],[[-79.21899,-3.61456],[-79.21874,-3.61461]],[[-79.21874,-3.61461],[-79.21899,-3.61456]],[[-79.21898,-3.60336],[-79.21873,-3.60323]],[[-79.21873,-3.60323],[-79.21898,-3.60336]],[[-79.21837,-3.60882],[-79.21882,-3.60849]],[[-79.21882,-3.60849],[-79.21837,-3.60882]],[[-79.21874,-3.61461],[-79.21849,-3.6146]],[[-79.21849,-3.6146],[-79.21874,-3.61461]],[[-79.21873,-3.60323],[-79.21847,-3.60314]],[[-79.21847,-3.60314],[-79.21873,-3.60323]],[[-79.21849,-3.6146],[-79.21815,-3.61446]],[[-79.21815,-3.61446],[-79.21849,-3.6146]],[[-79.21847,-3.60314],[-79.21833,-3.60312]],[[-79.21833,-3.60312],[-79.21847,-3.60314]],[[-79.21827,-3.60892],[-79.21837,-3.60882]],[[-79.21837,-3.60882],[-79.21827,-3.60892]],[[-79.21833,-3.60312],[-79.21816,-3.60313]],[[-79.21816,-3.60313],[-79.21833,-3.60312]],[[-79.21817,-3.60905],[-79.21827,-3.60892]],[[-79.21827,-3.60892],[-79.21817,-3.60905]],[[-79.21825,-3.61014],[-79.21821,-3.60988]],[[-79.21821,-3.60988],[-79.21825,-3.61014]],[[-79.21824,-3.61038],[-79.21825,-3.61014]],[[-79.21825,-3.61014],[-79.21824,-3.61038]],[[-79.21817,-3.61062],[-79.21824,-3.61038]],[[-79.21824,-3.61038],[-79.21817,-3.61062]],[[-79.21821,-3.60988],[-79.21813,-3.60925]],[[-79.21813,-3.60925],[-79.21821,-3.60988]],[[-79.21813,-3.60925],[-79.21817,-3.60905]],[[-79.21817,-3.60905],[-79.21813,-3.60925]],[[-79.21803,-3.61082],[-79.21817,-3.61062]],[[-79.21817,-3.61062],[-79.21803,-3.61082]],[[-79.21816,-3.60313],[-79.21792,-3.60319]],[[-79.21792,-3.60319],[-79.21816,-3.60313]],[[-79.21815,-3.61446],[-79.21745,-3.61409]],[[-79.21745,-3.61409],[-79.21815,-3.61446]],[[-79.21779,-3.61109],[-79.21803,-3.61082]],[[-79.21803,-3.61082],[-79.21779,-3.61109]],[[-79.21792,-3.60319],[-79.21762,-3.60333]],[[-79.21762,-3.60333],[-79.21792,-3.60319]],[[-79.21759,-3.61124],[-79.21779,-3.61109]],[[-79.21779,-3.61109],[-79.21759,-3.61124]],[[-79.21762,-3.60333],[-79.21747,-3.60343]],[[-79.21747,-3.60343],[-79.21762,-3.60333]],[[-79.21734,-3.61139],[-79.21759,-3.61124]],[[-79.21759,-3.61124],[-79.21734,-3.61139]],[[-79.21747,-3.60343],[-79.21734,-3.6036]],[[-79.21734,-3.6036],[-79.21747,-3.60343]],[[-79.21745,-3.61409],[-79.2173,-3.61404]],[[-79.2173,-3.61404],[-79.21745,-3.61409]],[[-79.21668,-3.61168],[-79.21734,-3.61139]],[[-79.21734,-3.61139],[-79.21668,-3.61168]],[[-79.21734,-3.6036],[-79.21638,-3.60514]],[[-79.21638,-3.60514],[-79.21734,-3.6036]],[[-79.2173,-3.61404],[-79.21715,-3.61405]],[[-79.21715,-3.61405],[-79.2173,-3.61404]],[[-79.21715,-3.61405],[-79.21617,-3.61419]],[[-79.21617,-3.61419],[-79.21715,-3.61405]],[[-79.21654,-3.61174],[-79.21668,-3.61168]],[[-79.21668,-3.61168],[-79.21654,-3.61174]],[[-79.21498,-3.61242],[-79.21654,-3.61174]],[[-79.21654,-3.61174],[-79.21498,-3.61242]],[[-79.21638,-3.60514],[-79.21625,-3.60526]],[[-79.21625,-3.60526],[-79.21638,-3.60514]],[[-79.21625,-3.60526],[-79.21603,-3.60541]],[[-79.21603,-3.60541],[-79.21625,-3.60526]],[[-79.21617,-3.61419],[-79.21591,-3.61426]],[[-79.21591,-3.61426],[-79.21617,-3.61419]],[[-79.21603,-3.60541],[-79.21581,-3.60555]],[[-79.21581,-3.60555],[-79.21603,-3.60541]],[[-79.21591,-3.61426],[-79.21576,-3.61435]],[[-79.21576,-3.61435],[-79.21591,-3.61426]],[[-79.21581,-3.60555],[-79.21552,-3.60564]],[[-79.21552,-3.60564],[-79.21581,-3.60555]],[[-79.21576,-3.61435],[-79.21559,-3.61452]],[[-79.21559,-3.61452],[-79.21576,-3.61435]],[[-79.21559,-3.61452],[-79.21549,-3.61474]],[[-79.21549,-3.61474],[-79.21559,-3.61452]],[[-79.21552,-3.60564],[-79.21522,-3.60571]],[[-79.21522,-3.60571],[-79.21552,-3.60564]],[[-79.21549,-3.61474],[-79.21528,-3.61567]],[[-79.21528,-3.61567],[-79.21549,-3.61474]],[[-79.21528,-3.61567],[-79.2151,-3.61597]],[[-79.2151,-3.61597],[-79.21528,-3.61567]],[[-79.21522,-3.60571],[-79.21488,-3.60571]],[[-79.21488,-3.60571],[-79.21522,-3.60571]],[[-79.2151,-3.61597],[-79.2143,-3.6169]],[[-79.2143,-3.6169],[-79.2151,-3.61597]],[[-79.21482,-3.61251],[-79.21498,-3.61242]],[[-79.21498,-3.61242],[-79.21482,-3.61251]],[[-79.21488,-3.60571],[-79.21462,-3.60566]],[[-79.21462,-3.60566],[-79.21488,-3.60571]],[[-79.21468,-3.61263],[-79.21482,-3.61251]],[[-79.21482,-3.61251],[-79.21468,-3.61263]],[[-79.21458,-3.61273],[-79.21468,-3.61263]],[[-79.21468,-3.61263],[-79.21458,-3.61273]],[[-79.21462,-3.60566],[-79.21436,-3.60557]],[[-79.21436,-3.60557],[-79.21462,-3.60566]],[[-79.21448,-3.61287],[-79.21458,-3.61273]],[[-79.21458,-3.61273],[-79.21448,-3.61287]],[[-79.21434,-3.61311],[-79.21448,-3.61287]],[[-79.21448,-3.61287],[-79.21434,-3.61311]],[[-79.21436,-3.60557],[-79.21406,-3.60537]],[[-79.21406,-3.60537],[-79.21436,-3.60557]],[[-79.21391,-3.6143],[-79.21434,-3.61311]],[[-79.21434,-3.61311],[-79.21391,-3.6143]],[[-79.2143,-3.6169],[-79.21421,-3.61706]],[[-79.21421,-3.61706],[-79.2143,-3.6169]],[[-79.21421,-3.61706],[-79.21413,-3.61728]],[[-79.21413,-3.61728],[-79.21421,-3.61706]],[[-79.21413,-3.61728],[-79.21414,-3.61807]],[[-79.21414,-3.61807],[-79.21413,-3.61728]],[[-79.21414,-3.61807],[-79.21411,-3.61827]],[[-79.21411,-3.61827],[-79.21414,-3.61807]],[[-79.21411,-3.61827],[-79.21402,-3.61848]],[[-79.21402,-3.61848],[-79.21411,-3.61827]],[[-79.21406,-3.60537],[-79.21381,-3.60515]],[[-79.21381,-3.60515],[-79.21406,-3.60537]],[[-79.21402,-3.61848],[-79.21389,-3.6186]],[[-79.21389,-3.6186],[-79.21402,-3.61848]],[[-79.21385,-3.61442],[-79.21391,-3.6143]],[[-79.21391,-3.6143],[-79.21385,-3.61442]],[[-79.21389,-3.6186],[-79.21373,-3.61869]],[[-79.21373,-3.61869],[-79.21389,-3.6186]],[[-79.21378,-3.61452],[-79.21385,-3.61442]],[[-79.21385,-3.61442],[-79.21378,-3.61452]],[[-79.21381,-3.60515],[-79.21354,-3.60485]],[[-79.21354,-3.60485],[-79.21381,-3.60515]],[[-79.21311,-3.61497],[-79.21378,-3.61452]],[[-79.21378,-3.61452],[-79.21311,-3.61497]],[[-79.21373,-3.61869],[-79.21351,-3.61874]],[[-79.21351,-3.61874],[-79.21373,-3.61869]],[[-79.21354,-3.60485],[-79.213,-3.60422]],[[-79.213,-3.60422],[-79.21354,-3.60485]],[[-79.21351,-3.61874],[-79.21329,-3.61874]],[[-79.21329,-3.61874],[-79.21351,-3.61874]],[[-79.21329,-3.61874],[-79.21315,-3.6187]],[[-79.21315,-3.6187],[-79.21329,-3.61874]],[[-79.21315,-3.6187],[-79.213,-3.61862]],[[-79.213,-3.61862],[-79.21315,-3.6187]],[[-79.2128,-3.61517],[-79.21311,-3.61497]],[[-79.21311,-3.61497],[-79.2128,-3.61517]],[[-79.213,-3.61862],[-79.21282,-3.61842]],[[-79.21282,-3.61842],[-79.213,-3.61862]],[[-79.213,-3.60422],[-79.21273,-3.6039]],[[-79.21273,-3.6039],[-79.213,-3.60422]],[[-79.21282,-3.61842],[-79.21268,-3.6181]],[[-79.21268,-3.6181],[-79.21282,-3.61842]],[[-79.21258,-3.61538],[-79.2128,-3.61517]],[[-79.2128,-3.61517],[-79.21258,-3.61538]],[[-79.21273,-3.6039],[-79.2125,-3.6037]],[[-79.2125,-3.6037],[-79.21273,-3.6039]],[[-79.21268,-3.6181],[-79.2123,-3.61667]],[[-79.2123,-3.61667],[-79.21268,-3.6181]],[[-79.21232,-3.61573],[-79.21258,-3.61538]],[[-79.21258,-3.61538],[-79.21232,-3.61573]],[[-79.2125,-3.6037],[-79.21231,-3.6036]],[[-79.21231,-3.6036],[-79.2125,-3.6037]],[[-79.21225,-3.61593],[-79.21232,-3.61573]],[[-79.21232,-3.61573],[-79.21225,-3.61593]],[[-79.21231,-3.6036],[-79.21217,-3.60355]],[[-79.21217,-3.60355],[-79.21231,-3.6036]],[[-79.2123,-3.61667],[-79.21228,-3.6166]],[[-79.21228,-3.6166],[-79.2123,-3.61667]],[[-79.21228,-3.6166],[-79.21221,-3.61616]],[[-79.21221,-3.61616],[-79.21228,-3.6166]],[[-79.21221,-3.61616],[-79.21225,-3.61593]],[[-79.21225,-3.61593],[-79.21221,-3.61616]],[[-79.21217,-3.60355],[-79.21194,-3.6035]],[[-79.21194,-3.6035],[-79.21217,-3.60355]],[[-79.21194,-3.6035],[-79.21187,-3.60348]],[[-79.21187,-3.60348],[-79.21194,-3.6035]],[[-79.21187,-3.60348],[-79.21156,-3.60342]],[[-79.21156,-3.60342],[-79.21187,-3.60348]],[[-79.21156,-3.60342],[-79.21132,-3.60342]],[[-79.21132,-3.60342],[-79.21156,-3.60342]],[[-79.21132,-3.60342],[-79.21105,-3.60343]],[[-79.21105,-3.60343],[-79.21132,-3.60342]],[[-79.21105,-3.60343],[-79.21077,-3.60344]],[[-79.21077,-3.60344],[-79.21105,-3.60343]],[[-79.21077,-3.60344],[-79.21074,-3.60344]],[[-79.21074,-3.60344],[-79.21077,-3.60344]],[[-79.21074,-3.60344],[-79.20945,-3.60353]],[[-79.20945,-3.60353],[-79.21074,-3.60344]],[[-79.20945,-3.60353],[-79.20898,-3.60355]],[[-79.20898,-3.60355],[-79.20945,-3.60353]],[[-79.20898,-3.60355],[-79.20849,-3.60358]],[[-79.20849,-3.60358],[-79.20898,-3.60355]],[[-79.20849,-3.60358],[-79.20784,-3.60362]],[[-79.20784,-3.60362],[-79.20849,-3.60358]],[[-79.20784,-3.60362],[-79.20751,-3.60362]],[[-79.20751,-3.60362],[-79.20784,-3.60362]],[[-79.20751,-3.60362],[-79.20732,-3.60362]],[[-79.20732,-3.60362],[-79.20751,-3.60362]],[[-79.20732,-3.60362],[-79.2073,-3.60362]],[[-79.2073,-3.60362],[-79.20732,-3.60362]],[[-79.2073,-3.60362],[-79.20696,-3.60356]],[[-79.20696,-3.60356],[-79.2073,-3.60362]],[[-79.20696,-3.60356],[-79.20646,-3.60348]],[[-79.20646,-3.60348],[-79.20696,-3.60356]],[[-79.20646,-3.60348],[-79.20601,-3.60339]],[[-79.20601,-3.60339],[-79.20646,-3.60348]],[[-79.20601,-3.60339],[-79.20513,-3.60325]],[[-79.20513,-3.60325],[-79.20601,-3.60339]],[[-79.20513,-3.60325],[-79.20456,-3.60314]],[[-79.20456,-3.60314],[-79.20513,-3.60325]],[[-79.20456,-3.60314],[-79.20401,-3.60304]],[[-79.20401,-3.60304],[-79.20456,-3.60314]],[[-79.20401,-3.60304],[-79.20335,-3.60296]],[[-79.20335,-3.60296],[-79.20401,-3.60304]],[[-79.20335,-3.60296],[-79.20162,-3.60276]],[[-79.20162,-3.60276],[-79.20335,-3.60296]],[[-79.20294,-3.58939],[-79.20292,-3.58919]],[[-79.20292,-3.58919],[-79.20294,-3.58939]],[[-79.20293,-3.58957],[-79.20294,-3.58939]],[[-79.20294,-3.58939],[-79.20293,-3.58957]],[[-79.20284,-3.58981],[-79.20293,-3.58957]],[[-79.20293,-3.58957],[-79.20284,-3.58981]],[[-79.20292,-3.58919],[-79.20285,-3.58899]],[[-79.20285,-3.58899],[-79.20292,-3.58919]],[[-79.20285,-3.58899],[-79.20273,-3.5888]],[[-79.20273,-3.5888],[-79.20285,-3.58899]],[[-79.20272,-3.59001],[-79.20284,-3.58981]],[[-79.20284,-3.58981],[-79.20272,-3.59001]],[[-79.20273,-3.5888],[-79.2026,-3.58867]],[[-79.2026,-3.58867],[-79.20273,-3.5888]],[[-79.20246,-3.59026],[-79.20272,-3.59001]],[[-79.20272,-3.59001],[-79.20246,-3.59026]],[[-79.2026,-3.58867],[-79.20236,-3.58852]],[[-79.20236,-3.58852],[-79.2026,-3.58867]],[[-79.20175,-3.59085],[-79.20246,-3.59026]],[[-79.20246,-3.59026],[-79.20175,-3.59085]],[[-79.20236,-3.58852],[-79.20213,-3.58846]],[[-79.20213,-3.58846],[-79.20236,-3.58852]],[[-79.20213,-3.58846],[-79.20194,-3.58845]],[[-79.20194,-3.58845],[-79.20213,-3.58846]],[[-79.20194,-3.58845],[-79.20175,-3.58849]],[[-79.20175,-3.58849],[-79.20194,-3.58845]],[[-79.20113,-3.59135],[-79.20175,-3.59085]],[[-79.20175,-3.59085],[-79.20113,-3.59135]],[[-79.20175,-3.58849],[-79.20152,-3.58857]],[[-79.20152,-3.58857],[-79.20175,-3.58849]],[[-79.20162,-3.60276],[-79.20112,-3.60279]],[[-79.20112,-3.60279],[-79.20162,-3.60276]],[[-79.20152,-3.58857],[-79.19999,-3.58933]],[[-79.19999,-3.58933],[-79.20152,-3.58857]],[[-79.20081,-3.59167],[-79.20113,-3.59135]],[[-79.20113,-3.59135],[-79.20081,-3.59167]],[[-79.20112,-3.60279],[-79.20084,-3.60284]],[[-79.20084,-3.60284],[-79.20112,-3.60279]],[[-79.20084,-3.60284],[-79.20063,-3.60289]],[[-79.20063,-3.60289],[-79.20084,-3.60284]],[[-79.20058,-3.59199],[-79.20081,-3.59167]],[[-79.20081,-3.59167],[-79.20058,-3.59199]],[[-79.20063,-3.60289],[-79.19983,-3.60316]],[[-79.19983,-3.60316],[-79.20063,-3.60289]],[[-79.19999,-3.59309],[-79.20058,-3.59199]],[[-79.20058,-3.59199],[-79.19999,-3.59309]],[[-79.19999,-3.58933],[-79.19974,-3.5895]],[[-79.19974,-3.5895],[-79.19999,-3.58933]],[[-79.19979,-3.59333],[-79.19999,-3.59309]],[[-79.19999,-3.59309],[-79.19979,-3.59333]],[[-79.19983,-3.60316],[-79.19948,-3.60324]],[[-79.19948,-3.60324],[-79.19983,-3.60316]],[[-79.19958,-3.59351],[-79.19979,-3.59333]],[[-79.19979,-3.59333],[-79.19958,-3.59351]],[[-79.19974,-3.5895],[-79.19892,-3.59027]],[[-79.19892,-3.59027],[-79.19974,-3.5895]],[[-79.19936,-3.59365],[-79.19958,-3.59351]],[[-79.19958,-3.59351],[-79.19936,-3.59365]],[[-79.19948,-3.60324],[-79.19921,-3.60322]],[[-79.19921,-3.60322],[-79.19948,-3.60324]],[[-79.19912,-3.59383],[-79.19936,-3.59365]],[[-79.19936,-3.59365],[-79.19912,-3.59383]],[[-79.19921,-3.60322],[-79.19828,-3.60308]],[[-79.19828,-3.60308],[-79.19921,-3.60322]],[[-79.19898,-3.59394],[-79.19912,-3.59383]],[[-79.19912,-3.59383],[-79.19898,-3.59394]],[[-79.19886,-3.59418],[-79.19898,-3.59394]],[[-79.19898,-3.59394],[-79.19886,-3.59418]],[[-79.19892,-3.59027],[-79.19874,-3.59033]],[[-79.19874,-3.59033],[-79.19892,-3.59027]],[[-79.1988,-3.59439],[-79.19886,-3.59418]],[[-79.19886,-3.59418],[-79.1988,-3.59439]],[[-79.19869,-3.59507],[-79.1988,-3.59439]],[[-79.1988,-3.59439],[-79.19869,-3.59507]],[[-79.19874,-3.59033],[-79.19861,-3.59039]],[[-79.19861,-3.59039],[-79.19874,-3.59033]],[[-79.19864,-3.5952],[-79.19869,-3.59507]],[[-79.19869,-3.59507],[-79.19864,-3.5952]],[[-79.19854,-3.59534],[-79.19864,-3.5952]],[[-79.19864,-3.5952],[-79.19854,-3.59534]],[[-79.19861,-3.59039],[-79.19795,-3.5905]],[[-79.19795,-3.5905],[-79.19861,-3.59039]],[[-79.19839,-3.59544],[-79.19854,-3.59534]],[[-79.19854,-3.59534],[-79.19839,-3.59544]],[[-79.19818,-3.59554],[-79.19839,-3.59544]],[[-79.19839,-3.59544],[-79.19818,-3.59554]],[[-79.19828,-3.60308],[-79.19804,-3.60304]],[[-79.19804,-3.60304],[-79.19828,-3.60308]],[[-79.19728,-3.59581],[-79.19818,-3.59554]],[[-79.19818,-3.59554],[-79.19728,-3.59581]],[[-79.19804,-3.60304],[-79.19773,-3.60308]],[[-79.19773,-3.60308],[-79.19804,-3.60304]],[[-79.19795,-3.5905],[-79.19734,-3.59067]],[[-79.19734,-3.59067],[-79.19795,-3.5905]],[[-79.19773,-3.60308],[-79.19755,-3.60313]],[[-79.19755,-3.60313],[-79.19773,-3.60308]],[[-79.19755,-3.60313],[-79.19737,-3.60322]],[[-79.19737,-3.60322],[-79.19755,-3.60313]],[[-79.19737,-3.60322],[-79.19713,-3.6034]],[[-79.19713,-3.6034],[-79.19737,-3.60322]],[[-79.19734,-3.59067],[-79.19685,-3.59077]],[[-79.19685,-3.59077],[-79.19734,-3.59067]],[[-79.19713,-3.59587],[-79.19728,-3.59581]],[[-79.19728,-3.59581],[-79.19713,-3.59587]],[[-79.19695,-3.59594],[-79.19713,-3.59587]],[[-79.19713,-3.59587],[-79.19695,-3.59594]],[[-79.19713,-3.6034],[-79.19689,-3.60361]],[[-79.19689,-3.60361],[-79.19713,-3.6034]],[[-79.19667,-3.5961],[-79.19695,-3.59594]],[[-79.19695,-3.59594],[-79.19667,-3.5961]],[[-79.19689,-3.60361],[-79.19545,-3.60513]],[[-79.19545,-3.60513],[-79.19689,-3.60361]],[[-79.19685,-3.59077],[-79.19657,-3.59077]],[[-79.19657,-3.59077],[-79.19685,-3.59077]],[[-79.19597,-3.59654],[-79.19667,-3.5961]],[[-79.19667,-3.5961],[-79.19597,-3.59654]],[[-79.19657,-3.59077],[-79.19626,-3.59071]],[[-79.19626,-3.59071],[-79.19657,-3.59077]],[[-79.19626,-3.59071],[-79.19494,-3.59032]],[[-79.19494,-3.59032],[-79.19626,-3.59071]],[[-79.19542,-3.59692],[-79.19597,-3.59654]],[[-79.19597,-3.59654],[-79.19542,-3.59692]],[[-79.19588,-3.36913],[-79.19589,-3.36928]],[[-79.19589,-3.36928],[-79.19588,-3.36913]],[[-79.19589,-3.36928],[-79.19586,-3.36942]],[[-79.19586,-3.36942],[-79.19589,-3.36928]],[[-79.19587,-3.36899],[-79.19588,-3.36913]],[[-79.19588,-3.36913],[-79.19587,-3.36899]],[[-79.19582,-3.36883],[-79.19587,-3.36899]],[[-79.19587,-3.36899],[-79.19582,-3.36883]],[[-79.19586,-3.36942],[-79.19542,-3.37067]],[[-79.19542,-3.37067],[-79.19586,-3.36942]],[[-79.19575,-3.36874],[-79.19582,-3.36883]],[[-79.19582,-3.36883],[-79.19575,-3.36874]],[[-79.1957,-3.36868],[-79.19575,-3.36874]],[[-79.19575,-3.36874],[-79.1957,-3.36868]],[[-79.19501,-3.36803],[-79.1957,-3.36868]],[[-79.1957,-3.36868],[-79.19501,-3.36803]],[[-79.19545,-3.60513],[-79.19422,-3.60643]],[[-79.19422,-3.60643],[-79.19545,-3.60513]],[[-79.19523,-3.59708],[-79.19542,-3.59692]],[[-79.19542,-3.59692],[-79.19523,-3.59708]],[[-79.19542,-3.37067],[-79.1952,-3.37115]],[[-79.1952,-3.37115],[-79.19542,-3.37067]],[[-79.19521,-3.36549],[-79.19532,-3.36594]],[[-79.19532,-3.36594],[-79.19521,-3.36549]],[[-79.19532,-3.36594],[-79.1953,-3.36619]],[[-79.1953,-3.36619],[-79.19532,-3.36594]],[[-79.1953,-3.36619],[-79.19522,-3.3664]],[[-79.19522,-3.3664],[-79.1953,-3.36619]],[[-79.19508,-3.59727],[-79.19523,-3.59708]],[[-79.19523,-3.59708],[-79.19508,-3.59727]],[[-79.19522,-3.3664],[-79.19491,-3.36706]],[[-79.19491,-3.36706],[-79.19522,-3.3664]],[[-79.1946,-3.36417],[-79.19521,-3.36549]],[[-79.19521,-3.36549],[-79.1946,-3.36417]],[[-79.1952,-3.37115],[-79.19503,-3.37136]],[[-79.19503,-3.37136],[-79.1952,-3.37115]],[[-79.19498,-3.59743],[-79.19508,-3.59727]],[[-79.19508,-3.59727],[-79.19498,-3.59743]],[[-79.19503,-3.37136],[-79.19383,-3.37235]],[[-79.19383,-3.37235],[-79.19503,-3.37136]],[[-79.1949,-3.3679],[-79.19501,-3.36803]],[[-79.19501,-3.36803],[-79.1949,-3.3679]],[[-79.19485,-3.59772],[-79.19498,-3.59743]],[[-79.19498,-3.59743],[-79.19485,-3.59772]],[[-79.19494,-3.59032],[-79.19465,-3.5903]],[[-79.19465,-3.5903],[-79.19494,-3.59032]],[[-79.19491,-3.36706],[-79.19483,-3.36725]],[[-79.19483,-3.36725],[-79.19491,-3.36706]],[[-79.19483,-3.36773],[-79.1949,-3.3679]],[[-79.1949,-3.3679],[-79.19483,-3.36773]],[[-79.19479,-3.59786],[-79.19485,-3.59772]],[[-79.19485,-3.59772],[-79.19479,-3.59786]],[[-79.19483,-3.36725],[-79.1948,-3.3674]],[[-79.1948,-3.3674],[-79.19483,-3.36725]],[[-79.19479,-3.36757],[-79.19483,-3.36773]],[[-79.19483,-3.36773],[-79.19479,-3.36757]],[[-79.1948,-3.3674],[-79.19479,-3.36757]],[[-79.19479,-3.36757],[-79.1948,-3.3674]],[[-79.1947,-3.59799],[-79.19479,-3.59786]],[[-79.19479,-3.59786],[-79.1947,-3.59799]],[[-79.19458,-3.59813],[-79.1947,-3.59799]],[[-79.1947,-3.59799],[-79.19458,-3.59813]],[[-79.19465,-3.5903],[-79.1944,-3.59031]],[[-79.1944,-3.59031],[-79.19465,-3.5903]],[[-79.19433,-3.36356],[-79.1946,-3.36417]],[[-79.1946,-3.36417],[-79.19433,-3.36356]],[[-79.1945,-3.59825],[-79.19458,-3.59813]],[[-79.19458,-3.59813],[-79.1945,-3.59825]],[[-79.19446,-3.59834],[-79.1945,-3.59825]],[[-79.1945,-3.59825],[-79.19446,-3.59834]],[[-79.19443,-3.59842],[-79.19446,-3.59834]],[[-79.19446,-3.59834],[-79.19443,-3.59842]],[[-79.19442,-3.59851],[-79.19443,-3.59842]],[[-79.19443,-3.59842],[-79.19442,-3.59851]],[[-79.19441,-3.59859],[-79.19442,-3.59851]],[[-79.19442,-3.59851],[-79.19441,-3.59859]],[[-79.1944,-3.59866],[-79.19441,-3.59859]],[[-79.19441,-3.59859],[-79.1944,-3.59866]],[[-79.1944,-3.59884],[-79.1944,-3.59866]],[[-79.1944,-3.59866],[-79.1944,-3.59884]],[[-79.1944,-3.59897],[-79.1944,-3.59884]],[[-79.1944,-3.59884],[-79.1944,-3.59897]],[[-79.1944,-3.59031],[-79.19296,-3.59051]],[[-79.19296,-3.59051],[-79.1944,-3.59031]],[[-79.19438,-3.59907],[-79.1944,-3.59897]],[[-79.1944,-3.59897],[-79.19438,-3.59907]],[[-79.19414,-3.59993],[-79.19438,-3.59907]],[[-79.19438,-3.59907],[-79.19414,-3.59993]],[[-79.19437,-3.60233],[-79.19435,-3.6021]],[[-79.19435,-3.6021],[-79.19437,-3.60233]],[[-79.19436,-3.60256],[-79.19437,-3.60233]],[[-79.19437,-3.60233],[-79.19436,-3.60256]],[[-79.1941,-3.6031],[-79.19436,-3.60256]],[[-79.19436,-3.60256],[-79.1941,-3.6031]],[[-79.19435,-3.6021],[-79.19408,-3.60119]],[[-79.19408,-3.60119],[-79.19435,-3.6021]],[[-79.19374,-3.36252],[-79.19433,-3.36356]],[[-79.19433,-3.36356],[-79.19374,-3.36252]],[[-79.19422,-3.60643],[-79.19347,-3.60779]],[[-79.19347,-3.60779],[-79.19422,-3.60643]],[[-79.19406,-3.60012],[-79.19414,-3.59993]],[[-79.19414,-3.59993],[-79.19406,-3.60012]],[[-79.19383,-3.60354],[-79.1941,-3.6031]],[[-79.1941,-3.6031],[-79.19383,-3.60354]],[[-79.19408,-3.60119],[-79.19402,-3.60097]],[[-79.19402,-3.60097],[-79.19408,-3.60119]],[[-79.19401,-3.60033],[-79.19406,-3.60012]],[[-79.19406,-3.60012],[-79.19401,-3.60033]],[[-79.19402,-3.60097],[-79.19399,-3.60073]],[[-79.19399,-3.60073],[-79.19402,-3.60097]],[[-79.19399,-3.60056],[-79.19401,-3.60033]],[[-79.19401,-3.60033],[-79.19399,-3.60056]],[[-79.19399,-3.60073],[-79.19399,-3.60056]],[[-79.19399,-3.60056],[-79.19399,-3.60073]],[[-79.19383,-3.37235],[-79.19362,-3.37252]],[[-79.19362,-3.37252],[-79.19383,-3.37235]],[[-79.19349,-3.60467],[-79.19383,-3.60354]],[[-79.19383,-3.60354],[-79.19349,-3.60467]],[[-79.1925,-3.36056],[-79.19374,-3.36252]],[[-79.19374,-3.36252],[-79.1925,-3.36056]],[[-79.19362,-3.37252],[-79.1933,-3.37267]],[[-79.1933,-3.37267],[-79.19362,-3.37252]],[[-79.19351,-3.37765],[-79.19359,-3.37787]],[[-79.19359,-3.37787],[-79.19351,-3.37765]],[[-79.19359,-3.37787],[-79.19358,-3.37806]],[[-79.19358,-3.37806],[-79.19359,-3.37787]],[[-79.19358,-3.37806],[-79.19356,-3.3782]],[[-79.19356,-3.3782],[-79.19358,-3.37806]],[[-79.19356,-3.3782],[-79.19343,-3.37844]],[[-79.19343,-3.37844],[-79.19356,-3.3782]],[[-79.19343,-3.37753],[-79.19351,-3.37765]],[[-79.19351,-3.37765],[-79.19343,-3.37753]],[[-79.19325,-3.60543],[-79.19349,-3.60467]],[[-79.19349,-3.60467],[-79.19325,-3.60543]],[[-79.19347,-3.60779],[-79.19334,-3.60792]],[[-79.19334,-3.60792],[-79.19347,-3.60779]],[[-79.19332,-3.37738],[-79.19343,-3.37753]],[[-79.19343,-3.37753],[-79.19332,-3.37738]],[[-79.19343,-3.37844],[-79.19325,-3.37859]],[[-79.19325,-3.37859],[-79.19343,-3.37844]],[[-79.19334,-3.60792],[-79.19318,-3.60805]],[[-79.19318,-3.60805],[-79.19334,-3.60792]],[[-79.19188,-3.37604],[-79.19332,-3.37738]],[[-79.19332,-3.37738],[-79.19188,-3.37604]],[[-79.1933,-3.37267],[-79.19236,-3.37287]],[[-79.19236,-3.37287],[-79.1933,-3.37267]],[[-79.19325,-3.37859],[-79.19309,-3.37865]],[[-79.19309,-3.37865],[-79.19325,-3.37859]],[[-79.19303,-3.6059],[-79.19325,-3.60543]],[[-79.19325,-3.60543],[-79.19303,-3.6059]],[[-79.19318,-3.60805],[-79.19299,-3.6081]],[[-79.19299,-3.6081],[-79.19318,-3.60805]],[[-79.19309,-3.37865],[-79.19169,-3.37908]],[[-79.19169,-3.37908],[-79.19309,-3.37865]],[[-79.1926,-3.6064],[-79.19303,-3.6059]],[[-79.19303,-3.6059],[-79.1926,-3.6064]],[[-79.19299,-3.6081],[-79.1928,-3.60812]],[[-79.1928,-3.60812],[-79.19299,-3.6081]],[[-79.19296,-3.59051],[-79.19281,-3.59052]],[[-79.19281,-3.59052],[-79.19296,-3.59051]],[[-79.19281,-3.59052],[-79.19265,-3.5905]],[[-79.19265,-3.5905],[-79.19281,-3.59052]],[[-79.1928,-3.60812],[-79.19269,-3.60811]],[[-79.19269,-3.60811],[-79.1928,-3.60812]],[[-79.19269,-3.60811],[-79.19258,-3.60806]],[[-79.19258,-3.60806],[-79.19269,-3.60811]],[[-79.19265,-3.5905],[-79.19247,-3.59046]],[[-79.19247,-3.59046],[-79.19265,-3.5905]],[[-79.19236,-3.60668],[-79.1926,-3.6064]],[[-79.1926,-3.6064],[-79.19236,-3.60668]],[[-79.19258,-3.60806],[-79.19236,-3.60795]],[[-79.19236,-3.60795],[-79.19258,-3.60806]],[[-79.19214,-3.36],[-79.1925,-3.36056]],[[-79.1925,-3.36056],[-79.19214,-3.36]],[[-79.19247,-3.59046],[-79.19228,-3.59033]],[[-79.19228,-3.59033],[-79.19247,-3.59046]],[[-79.19236,-3.60795],[-79.19221,-3.60777]],[[-79.19221,-3.60777],[-79.19236,-3.60795]],[[-79.19236,-3.37287],[-79.19209,-3.37293]],[[-79.19209,-3.37293],[-79.19236,-3.37287]],[[-79.19225,-3.60681],[-79.19236,-3.60668]],[[-79.19236,-3.60668],[-79.19225,-3.60681]],[[-79.19228,-3.59033],[-79.19217,-3.59022]],[[-79.19217,-3.59022],[-79.19228,-3.59033]],[[-79.19215,-3.60697],[-79.19225,-3.60681]],[[-79.19225,-3.60681],[-79.19215,-3.60697]],[[-79.19221,-3.60777],[-79.19209,-3.60756]],[[-79.19209,-3.60756],[-79.19221,-3.60777]],[[-79.19217,-3.59022],[-79.19207,-3.59003]],[[-79.19207,-3.59003],[-79.19217,-3.59022]],[[-79.19208,-3.60716],[-79.19215,-3.60697]],[[-79.19215,-3.60697],[-79.19208,-3.60716]],[[-79.19204,-3.35987],[-79.19214,-3.36]],[[-79.19214,-3.36],[-79.19204,-3.35987]],[[-79.19209,-3.60756],[-79.19207,-3.60734]],[[-79.19207,-3.60734],[-79.19209,-3.60756]],[[-79.19209,-3.37293],[-79.19189,-3.37302]],[[-79.19189,-3.37302],[-79.19209,-3.37293]],[[-79.19207,-3.60734],[-79.19208,-3.60716]],[[-79.19208,-3.60716],[-79.19207,-3.60734]],[[-79.19207,-3.59003],[-79.192,-3.58979]],[[-79.192,-3.58979],[-79.19207,-3.59003]],[[-79.19165,-3.35936],[-79.19204,-3.35987]],[[-79.19204,-3.35987],[-79.19165,-3.35936]],[[-79.192,-3.58979],[-79.19185,-3.58903]],[[-79.19185,-3.58903],[-79.192,-3.58979]],[[-79.19189,-3.37302],[-79.19179,-3.3731]],[[-79.19179,-3.3731],[-79.19189,-3.37302]],[[-79.19168,-3.37592],[-79.19188,-3.37604]],[[-79.19188,-3.37604],[-79.19168,-3.37592]],[[-79.19185,-3.58903],[-79.19174,-3.58879]],[[-79.19174,-3.58879],[-79.19185,-3.58903]],[[-79.19179,-3.3731],[-79.19167,-3.37322]],[[-79.19167,-3.37322],[-79.19179,-3.3731]],[[-79.19174,-3.58879],[-79.19158,-3.58863]],[[-79.19158,-3.58863],[-79.19174,-3.58879]],[[-79.19169,-3.37908],[-79.19127,-3.37918]],[[-79.19127,-3.37918],[-79.19169,-3.37908]],[[-79.19152,-3.37587],[-79.19168,-3.37592]],[[-79.19168,-3.37592],[-79.19152,-3.37587]],[[-79.19167,-3.37322],[-79.19106,-3.37417]],[[-79.19106,-3.37417],[-79.19167,-3.37322]],[[-79.19019,-3.35767],[-79.19165,-3.35936]],[[-79.19165,-3.35936],[-79.19019,-3.35767]],[[-79.19158,-3.58863],[-79.19139,-3.5885]],[[-79.19139,-3.5885],[-79.19158,-3.58863]],[[-79.19135,-3.37584],[-79.19152,-3.37587]],[[-79.19152,-3.37587],[-79.19135,-3.37584]],[[-79.19139,-3.5885],[-79.19118,-3.58844]],[[-79.19118,-3.58844],[-79.19139,-3.5885]],[[-79.19116,-3.37585],[-79.19135,-3.37584]],[[-79.19135,-3.37584],[-79.19116,-3.37585]],[[-79.19127,-3.37918],[-79.19102,-3.37919]],[[-79.19102,-3.37919],[-79.19127,-3.37918]],[[-79.19118,-3.58844],[-79.19096,-3.58842]],[[-79.19096,-3.58842],[-79.19118,-3.58844]],[[-79.19034,-3.37599],[-79.19116,-3.37585]],[[-79.19116,-3.37585],[-79.19034,-3.37599]],[[-79.19106,-3.37417],[-79.19095,-3.3743]],[[-79.19095,-3.3743],[-79.19106,-3.37417]],[[-79.19102,-3.37919],[-79.19067,-3.37915]],[[-79.19067,-3.37915],[-79.19102,-3.37919]],[[-79.19096,-3.58842],[-79.19074,-3.58847]],[[-79.19074,-3.58847],[-79.19096,-3.58842]],[[-79.19095,-3.3743],[-79.1908,-3.37443]],[[-79.1908,-3.37443],[-79.19095,-3.3743]],[[-79.1908,-3.37443],[-79.19066,-3.37454]],[[-79.19066,-3.37454],[-79.1908,-3.37443]],[[-79.19074,-3.58847],[-79.19053,-3.58854]],[[-79.19053,-3.58854],[-79.19074,-3.58847]],[[-79.19067,-3.37915],[-79.19046,-3.37908]],[[-79.19046,-3.37908],[-79.19067,-3.37915]],[[-79.19066,-3.37454],[-79.19006,-3.37488]],[[-79.19006,-3.37488],[-79.19066,-3.37454]],[[-79.19053,-3.58854],[-79.18963,-3.58918]],[[-79.18963,-3.58918],[-79.19053,-3.58854]],[[-79.19046,-3.37908],[-79.18969,-3.37866]],[[-79.18969,-3.37866],[-79.19046,-3.37908]],[[-79.19015,-3.37597],[-79.19034,-3.37599]],[[-79.19034,-3.37599],[-79.19015,-3.37597]],[[-79.19026,-3.57995],[-79.19022,-3.57962]],[[-79.19022,-3.57962],[-79.19026,-3.57995]],[[-79.19025,-3.5805],[-79.19026,-3.57995]],[[-79.19026,-3.57995],[-79.19025,-3.5805]],[[-79.19018,-3.58078],[-79.19025,-3.5805]],[[-79.19025,-3.5805],[-79.19018,-3.58078]],[[-79.19022,-3.57962],[-79.18995,-3.5786]],[[-79.18995,-3.5786],[-79.19022,-3.57962]],[[-79.18881,-3.35599],[-79.19019,-3.35767]],[[-79.19019,-3.35767],[-79.18881,-3.35599]],[[-79.19008,-3.58107],[-79.19018,-3.58078]],[[-79.19018,-3.58078],[-79.19008,-3.58107]],[[-79.19,-3.37591],[-79.19015,-3.37597]],[[-79.19015,-3.37597],[-79.19,-3.37591]],[[-79.18993,-3.58135],[-79.19008,-3.58107]],[[-79.19008,-3.58107],[-79.18993,-3.58135]],[[-79.19006,-3.37488],[-79.1899,-3.37499]],[[-79.1899,-3.37499],[-79.19006,-3.37488]],[[-79.18988,-3.37582],[-79.19,-3.37591]],[[-79.19,-3.37591],[-79.18988,-3.37582]],[[-79.18995,-3.5786],[-79.18972,-3.5775]],[[-79.18972,-3.5775],[-79.18995,-3.5786]],[[-79.1894,-3.58234],[-79.18993,-3.58135]],[[-79.18993,-3.58135],[-79.1894,-3.58234]],[[-79.1899,-3.37499],[-79.18976,-3.37518]],[[-79.18976,-3.37518],[-79.1899,-3.37499]],[[-79.1898,-3.37573],[-79.18988,-3.37582]],[[-79.18988,-3.37582],[-79.1898,-3.37573]],[[-79.18972,-3.37554],[-79.1898,-3.37573]],[[-79.1898,-3.37573],[-79.18972,-3.37554]],[[-79.18976,-3.37518],[-79.18971,-3.37535]],[[-79.18971,-3.37535],[-79.18976,-3.37518]],[[-79.18971,-3.37535],[-79.18972,-3.37554]],[[-79.18972,-3.37554],[-79.18971,-3.37535]],[[-79.18972,-3.5775],[-79.18969,-3.57719]],[[-79.18969,-3.57719],[-79.18972,-3.5775]],[[-79.18969,-3.37866],[-79.18899,-3.37826]],[[-79.18899,-3.37826],[-79.18969,-3.37866]],[[-79.18969,-3.57719],[-79.18967,-3.57682]],[[-79.18967,-3.57682],[-79.18969,-3.57719]],[[-79.18967,-3.57682],[-79.18964,-3.57522]],[[-79.18964,-3.57522],[-79.18967,-3.57682]],[[-79.18964,-3.57522],[-79.18955,-3.57479]],[[-79.18955,-3.57479],[-79.18964,-3.57522]],[[-79.18963,-3.58918],[-79.18937,-3.58927]],[[-79.18937,-3.58927],[-79.18963,-3.58918]],[[-79.18955,-3.57479],[-79.18942,-3.5746]],[[-79.18942,-3.5746],[-79.18955,-3.57479]],[[-79.18942,-3.5746],[-79.18928,-3.57444]],[[-79.18928,-3.57444],[-79.18942,-3.5746]],[[-79.1893,-3.58258],[-79.1894,-3.58234]],[[-79.1894,-3.58234],[-79.1893,-3.58258]],[[-79.18937,-3.58927],[-79.18912,-3.58928]],[[-79.18912,-3.58928],[-79.18937,-3.58927]],[[-79.18923,-3.58288],[-79.1893,-3.58258]],[[-79.1893,-3.58258],[-79.18923,-3.58288]],[[-79.1893,-3.5842],[-79.18929,-3.58388]],[[-79.18929,-3.58388],[-79.1893,-3.5842]],[[-79.18928,-3.58442],[-79.1893,-3.5842]],[[-79.1893,-3.5842],[-79.18928,-3.58442]],[[-79.18929,-3.58388],[-79.18925,-3.58345]],[[-79.18925,-3.58345],[-79.18929,-3.58388]],[[-79.18923,-3.58457],[-79.18928,-3.58442]],[[-79.18928,-3.58442],[-79.18923,-3.58457]],[[-79.18928,-3.57444],[-79.18914,-3.57436]],[[-79.18914,-3.57436],[-79.18928,-3.57444]],[[-79.18925,-3.58345],[-79.1892,-3.58303]],[[-79.1892,-3.58303],[-79.18925,-3.58345]],[[-79.1892,-3.58303],[-79.18923,-3.58288]],[[-79.18923,-3.58288],[-79.1892,-3.58303]],[[-79.18914,-3.58472],[-79.18923,-3.58457]],[[-79.18923,-3.58457],[-79.18914,-3.58472]],[[-79.18914,-3.57436],[-79.18895,-3.5743]],[[-79.18895,-3.5743],[-79.18914,-3.57436]],[[-79.18897,-3.58492],[-79.18914,-3.58472]],[[-79.18914,-3.58472],[-79.18897,-3.58492]],[[-79.18912,-3.58928],[-79.18894,-3.58923]],[[-79.18894,-3.58923],[-79.18912,-3.58928]],[[-79.18899,-3.37826],[-79.18876,-3.37818]],[[-79.18876,-3.37818],[-79.18899,-3.37826]],[[-79.18868,-3.58523],[-79.18897,-3.58492]],[[-79.18897,-3.58492],[-79.18868,-3.58523]],[[-79.18895,-3.5743],[-79.18875,-3.57425]],[[-79.18875,-3.57425],[-79.18895,-3.5743]],[[-79.18894,-3.58923],[-79.18876,-3.58911]],[[-79.18876,-3.58911],[-79.18894,-3.58923]],[[-79.18835,-3.35536],[-79.18881,-3.35599]],[[-79.18881,-3.35599],[-79.18835,-3.35536]],[[-79.18876,-3.58911],[-79.18865,-3.58901]],[[-79.18865,-3.58901],[-79.18876,-3.58911]],[[-79.18876,-3.37818],[-79.18856,-3.37815]],[[-79.18856,-3.37815],[-79.18876,-3.37818]],[[-79.18875,-3.57425],[-79.18819,-3.57419]],[[-79.18819,-3.57419],[-79.18875,-3.57425]],[[-79.18831,-3.58557],[-79.18868,-3.58523]],[[-79.18868,-3.58523],[-79.18831,-3.58557]],[[-79.18865,-3.58901],[-79.18858,-3.58884]],[[-79.18858,-3.58884],[-79.18865,-3.58901]],[[-79.18858,-3.58884],[-79.1885,-3.5886]],[[-79.1885,-3.5886],[-79.18858,-3.58884]],[[-79.18856,-3.37815],[-79.18836,-3.37817]],[[-79.18836,-3.37817],[-79.18856,-3.37815]],[[-79.1885,-3.5886],[-79.18832,-3.58758]],[[-79.18832,-3.58758],[-79.1885,-3.5886]],[[-79.18844,-3.57152],[-79.18843,-3.57136]],[[-79.18843,-3.57136],[-79.18844,-3.57152]],[[-79.18843,-3.57161],[-79.18844,-3.57152]],[[-79.18844,-3.57152],[-79.18843,-3.57161]],[[-79.18843,-3.57136],[-79.1884,-3.57122]],[[-79.1884,-3.57122],[-79.18843,-3.57136]],[[-79.18839,-3.57173],[-79.18843,-3.57161]],[[-79.18843,-3.57161],[-79.18839,-3.57173]],[[-79.1884,-3.57122],[-79.18835,-3.5711]],[[-79.18835,-3.5711],[-79.1884,-3.57122]],[[-79.1883,-3.57194],[-79.18839,-3.57173]],[[-79.18839,-3.57173],[-79.1883,-3.57194]],[[-79.18836,-3.37817],[-79.18813,-3.37827]],[[-79.18813,-3.37827],[-79.18836,-3.37817]],[[-79.18835,-3.5711],[-79.18828,-3.57097]],[[-79.18828,-3.57097],[-79.18835,-3.5711]],[[-79.18221,-3.34677],[-79.18835,-3.35536]],[[-79.18835,-3.35536],[-79.18221,-3.34677]],[[-79.18832,-3.58758],[-79.1882,-3.58698]],[[-79.1882,-3.58698],[-79.18832,-3.58758]],[[-79.18819,-3.58576],[-79.18831,-3.58557]],[[-79.18831,-3.58557],[-79.18819,-3.58576]],[[-79.18816,-3.57213],[-79.1883,-3.57194]],[[-79.1883,-3.57194],[-79.18816,-3.57213]],[[-79.18828,-3.57097],[-79.18778,-3.57035]],[[-79.18778,-3.57035],[-79.18828,-3.57097]],[[-79.1882,-3.58698],[-79.18812,-3.58651]],[[-79.18812,-3.58651],[-79.1882,-3.58698]],[[-79.1881,-3.58597],[-79.18819,-3.58576]],[[-79.18819,-3.58576],[-79.1881,-3.58597]],[[-79.18819,-3.57419],[-79.18747,-3.57412]],[[-79.18747,-3.57412],[-79.18819,-3.57419]],[[-79.18805,-3.57222],[-79.18816,-3.57213]],[[-79.18816,-3.57213],[-79.18805,-3.57222]],[[-79.18813,-3.37827],[-79.18795,-3.37838]],[[-79.18795,-3.37838],[-79.18813,-3.37827]],[[-79.18812,-3.58651],[-79.18808,-3.58615]],[[-79.18808,-3.58615],[-79.18812,-3.58651]],[[-79.18808,-3.58615],[-79.1881,-3.58597]],[[-79.1881,-3.58597],[-79.18808,-3.58615]],[[-79.18791,-3.57231],[-79.18805,-3.57222]],[[-79.18805,-3.57222],[-79.18791,-3.57231]],[[-79.18768,-3.37931],[-79.18801,-3.38044]],[[-79.18801,-3.38044],[-79.18768,-3.37931]],[[-79.18801,-3.38044],[-79.18798,-3.38065]],[[-79.18798,-3.38065],[-79.18801,-3.38044]],[[-79.18798,-3.38065],[-79.18788,-3.38084]],[[-79.18788,-3.38084],[-79.18798,-3.38065]],[[-79.18795,-3.37838],[-79.18782,-3.37852]],[[-79.18782,-3.37852],[-79.18795,-3.37838]],[[-79.1877,-3.57237],[-79.18791,-3.57231]],[[-79.18791,-3.57231],[-79.1877,-3.57237]],[[-79.18788,-3.38084],[-79.18768,-3.38102]],[[-79.18768,-3.38102],[-79.18788,-3.38084]],[[-79.18782,-3.37852],[-79.18773,-3.37866]],[[-79.18773,-3.37866],[-79.18782,-3.37852]],[[-79.18778,-3.57035],[-79.18737,-3.56984]],[[-79.18737,-3.56984],[-79.18778,-3.57035]],[[-79.18773,-3.37866],[-79.18769,-3.37885]],[[-79.18769,-3.37885],[-79.18773,-3.37866]],[[-79.18737,-3.57245],[-79.1877,-3.57237]],[[-79.1877,-3.57237],[-79.18737,-3.57245]],[[-79.18769,-3.37885],[-79.18766,-3.37902]],[[-79.18766,-3.37902],[-79.18769,-3.37885]],[[-79.18768,-3.38102],[-79.18753,-3.3811]],[[-79.18753,-3.3811],[-79.18768,-3.38102]],[[-79.18766,-3.37902],[-79.18768,-3.37931]],[[-79.18768,-3.37931],[-79.18766,-3.37902]],[[-79.18753,-3.3811],[-79.18714,-3.38115]],[[-79.18714,-3.38115],[-79.18753,-3.3811]],[[-79.18747,-3.57412],[-79.18725,-3.5741]],[[-79.18725,-3.5741],[-79.18747,-3.57412]],[[-79.18708,-3.5725],[-79.18737,-3.57245]],[[-79.18737,-3.57245],[-79.18708,-3.5725]],[[-79.18737,-3.56984],[-79.1872,-3.5697]],[[-79.1872,-3.5697],[-79.18737,-3.56984]],[[-79.18725,-3.5741],[-79.18694,-3.57404]],[[-79.18694,-3.57404],[-79.18725,-3.5741]],[[-79.1872,-3.5697],[-79.18708,-3.56963]],[[-79.18708,-3.56963],[-79.1872,-3.5697]],[[-79.18714,-3.38115],[-79.18646,-3.38113]],[[-79.18646,-3.38113],[-79.18714,-3.38115]],[[-79.18695,-3.57253],[-79.18708,-3.5725]],[[-79.18708,-3.5725],[-79.18695,-3.57253]],[[-79.18708,-3.56963],[-79.18695,-3.56958]],[[-79.18695,-3.56958],[-79.18708,-3.56963]],[[-79.18695,-3.56958],[-79.18684,-3.56955]],[[-79.18684,-3.56955],[-79.18695,-3.56958]],[[-79.18684,-3.57258],[-79.18695,-3.57253]],[[-79.18695,-3.57253],[-79.18684,-3.57258]],[[-79.18694,-3.57404],[-79.18674,-3.57396]],[[-79.18674,-3.57396],[-79.18694,-3.57404]],[[-79.18665,-3.57268],[-79.18684,-3.57258]],[[-79.18684,-3.57258],[-79.18665,-3.57268]],[[-79.18684,-3.56955],[-79.18658,-3.56954]],[[-79.18658,-3.56954],[-79.18684,-3.56955]],[[-79.18674,-3.57396],[-79.18663,-3.57388]],[[-79.18663,-3.57388],[-79.18674,-3.57396]],[[-79.18653,-3.57281],[-79.18665,-3.57268]],[[-79.18665,-3.57268],[-79.18653,-3.57281]],[[-79.18663,-3.57388],[-79.18651,-3.57375]],[[-79.18651,-3.57375],[-79.18663,-3.57388]],[[-79.18658,-3.56954],[-79.18641,-3.56959]],[[-79.18641,-3.56959],[-79.18658,-3.56954]],[[-79.18644,-3.57295],[-79.18653,-3.57281]],[[-79.18653,-3.57281],[-79.18644,-3.57295]],[[-79.18651,-3.57375],[-79.18642,-3.57361]],[[-79.18642,-3.57361],[-79.18651,-3.57375]],[[-79.18646,-3.38113],[-79.18619,-3.38114]],[[-79.18619,-3.38114],[-79.18646,-3.38113]],[[-79.1864,-3.57304],[-79.18644,-3.57295]],[[-79.18644,-3.57295],[-79.1864,-3.57304]],[[-79.18642,-3.57361],[-79.18639,-3.57349]],[[-79.18639,-3.57349],[-79.18642,-3.57361]],[[-79.18641,-3.56959],[-79.18632,-3.56962]],[[-79.18632,-3.56962],[-79.18641,-3.56959]],[[-79.18636,-3.57319],[-79.1864,-3.57304]],[[-79.1864,-3.57304],[-79.18636,-3.57319]],[[-79.18639,-3.57349],[-79.18636,-3.57337]],[[-79.18636,-3.57337],[-79.18639,-3.57349]],[[-79.18636,-3.57337],[-79.18636,-3.57319]],[[-79.18636,-3.57319],[-79.18636,-3.57337]],[[-79.18632,-3.56962],[-79.18604,-3.56979]],[[-79.18604,-3.56979],[-79.18632,-3.56962]],[[-79.18619,-3.38114],[-79.18594,-3.38121]],[[-79.18594,-3.38121],[-79.18619,-3.38114]],[[-79.18604,-3.56979],[-79.18588,-3.56993]],[[-79.18588,-3.56993],[-79.18604,-3.56979]],[[-79.18594,-3.38121],[-79.18576,-3.3813]],[[-79.18576,-3.3813],[-79.18594,-3.38121]],[[-79.18588,-3.56993],[-79.1851,-3.57062]],[[-79.1851,-3.57062],[-79.18588,-3.56993]],[[-79.18576,-3.3813],[-79.1851,-3.38172]],[[-79.1851,-3.38172],[-79.18576,-3.3813]],[[-79.18536,-3.39477],[-79.18539,-3.39497]],[[-79.18539,-3.39497],[-79.18536,-3.39477]],[[-79.18539,-3.39497],[-79.18537,-3.39516]],[[-79.18537,-3.39516],[-79.18539,-3.39497]],[[-79.18537,-3.39516],[-79.1853,-3.39534]],[[-79.1853,-3.39534],[-79.18537,-3.39516]],[[-79.18528,-3.39457],[-79.18536,-3.39477]],[[-79.18536,-3.39477],[-79.18528,-3.39457]],[[-79.1853,-3.39534],[-79.18519,-3.39548]],[[-79.18519,-3.39548],[-79.1853,-3.39534]],[[-79.18516,-3.39444],[-79.18528,-3.39457]],[[-79.18528,-3.39457],[-79.18516,-3.39444]],[[-79.18519,-3.39548],[-79.18502,-3.39561]],[[-79.18502,-3.39561],[-79.18519,-3.39548]],[[-79.18504,-3.39434],[-79.18516,-3.39444]],[[-79.18516,-3.39444],[-79.18504,-3.39434]],[[-79.1851,-3.38172],[-79.18489,-3.38188]],[[-79.18489,-3.38188],[-79.1851,-3.38172]],[[-79.1851,-3.57062],[-79.18497,-3.57072]],[[-79.18497,-3.57072],[-79.1851,-3.57062]],[[-79.18477,-3.39418],[-79.18504,-3.39434]],[[-79.18504,-3.39434],[-79.18477,-3.39418]],[[-79.18502,-3.39561],[-79.18484,-3.39567]],[[-79.18484,-3.39567],[-79.18502,-3.39561]],[[-79.18497,-3.57072],[-79.18483,-3.57083]],[[-79.18483,-3.57083],[-79.18497,-3.57072]],[[-79.18489,-3.38188],[-79.18478,-3.38205]],[[-79.18478,-3.38205],[-79.18489,-3.38188]],[[-79.18484,-3.39567],[-79.18465,-3.39569]],[[-79.18465,-3.39569],[-79.18484,-3.39567]],[[-79.18483,-3.57083],[-79.18469,-3.57092]],[[-79.18469,-3.57092],[-79.18483,-3.57083]],[[-79.18478,-3.38205],[-79.18468,-3.38226]],[[-79.18468,-3.38226],[-79.18478,-3.38205]],[[-79.1842,-3.39389],[-79.18477,-3.39418]],[[-79.18477,-3.39418],[-79.1842,-3.39389]],[[-79.18469,-3.57092],[-79.18444,-3.57106]],[[-79.18444,-3.57106],[-79.18469,-3.57092]],[[-79.18468,-3.38226],[-79.18451,-3.3833]],[[-79.18451,-3.3833],[-79.18468,-3.38226]],[[-79.18465,-3.39569],[-79.18448,-3.39566]],[[-79.18448,-3.39566],[-79.18465,-3.39569]],[[-79.18451,-3.3833],[-79.18445,-3.38356]],[[-79.18445,-3.38356],[-79.18451,-3.3833]],[[-79.18448,-3.39566],[-79.1843,-3.39559]],[[-79.1843,-3.39559],[-79.18448,-3.39566]],[[-79.18445,-3.38356],[-79.18439,-3.38369]],[[-79.18439,-3.38369],[-79.18445,-3.38356]],[[-79.18444,-3.57106],[-79.18405,-3.5712]],[[-79.18405,-3.5712],[-79.18444,-3.57106]],[[-79.18439,-3.38369],[-79.18431,-3.38382]],[[-79.18431,-3.38382],[-79.18439,-3.38369]],[[-79.18431,-3.38382],[-79.18418,-3.38394]],[[-79.18418,-3.38394],[-79.18431,-3.38382]],[[-79.1843,-3.39559],[-79.18315,-3.39468]],[[-79.18315,-3.39468],[-79.1843,-3.39559]],[[-79.18267,-3.3931],[-79.1842,-3.39389]],[[-79.1842,-3.39389],[-79.18267,-3.3931]],[[-79.18418,-3.38394],[-79.18404,-3.38405]],[[-79.18404,-3.38405],[-79.18418,-3.38394]],[[-79.18405,-3.5712],[-79.18361,-3.57133]],[[-79.18361,-3.57133],[-79.18405,-3.5712]],[[-79.18404,-3.38405],[-79.18381,-3.38415]],[[-79.18381,-3.38415],[-79.18404,-3.38405]],[[-79.18381,-3.38415],[-79.18191,-3.38425]],[[-79.18191,-3.38425],[-79.18381,-3.38415]],[[-79.18361,-3.57133],[-79.18249,-3.57168]],[[-79.18249,-3.57168],[-79.18361,-3.57133]],[[-79.18315,-3.39468],[-79.1829,-3.39455]],[[-79.1829,-3.39455],[-79.18315,-3.39468]],[[-79.1829,-3.39455],[-79.18269,-3.39451]],[[-79.18269,-3.39451],[-79.1829,-3.39455]],[[-79.18271,-3.41995],[-79.18272,-3.42013]],[[-79.18272,-3.42013],[-79.18271,-3.41995]],[[-79.18272,-3.42013],[-79.1827,-3.42029]],[[-79.1827,-3.42029],[-79.18272,-3.42013]],[[-79.18267,-3.4198],[-79.18271,-3.41995]],[[-79.18271,-3.41995],[-79.18267,-3.4198]],[[-79.1827,-3.42029],[-79.18263,-3.42047]],[[-79.18263,-3.42047],[-79.1827,-3.42029]],[[-79.18269,-3.39451],[-79.18177,-3.39452]],[[-79.18177,-3.39452],[-79.18269,-3.39451]],[[-79.18233,-3.39298],[-79.18267,-3.3931]],[[-79.18267,-3.3931],[-79.18233,-3.39298]],[[-79.18262,-3.41969],[-79.18267,-3.4198]],[[-79.18267,-3.4198],[-79.18262,-3.41969]],[[-79.18263,-3.42047],[-79.18252,-3.42067]],[[-79.18252,-3.42067],[-79.18263,-3.42047]],[[-79.18251,-3.4195],[-79.18262,-3.41969]],[[-79.18262,-3.41969],[-79.18251,-3.4195]],[[-79.18252,-3.42067],[-79.18238,-3.42079]],[[-79.18238,-3.42079],[-79.18252,-3.42067]],[[-79.18232,-3.41932],[-79.18251,-3.4195]],[[-79.18251,-3.4195],[-79.18232,-3.41932]],[[-79.18249,-3.57168],[-79.18177,-3.57191]],[[-79.18177,-3.57191],[-79.18249,-3.57168]],[[-79.18242,-3.4136],[-79.18242,-3.41384]],[[-79.18242,-3.41384],[-79.18242,-3.4136]],[[-79.18242,-3.41384],[-79.18237,-3.41416]],[[-79.18237,-3.41416],[-79.18242,-3.41384]],[[-79.18239,-3.41334],[-79.18242,-3.4136]],[[-79.18242,-3.4136],[-79.18239,-3.41334]],[[-79.18233,-3.41314],[-79.18239,-3.41334]],[[-79.18239,-3.41334],[-79.18233,-3.41314]],[[-79.18238,-3.42079],[-79.18226,-3.42089]],[[-79.18226,-3.42089],[-79.18238,-3.42079]],[[-79.18237,-3.41416],[-79.1817,-3.41575]],[[-79.1817,-3.41575],[-79.18237,-3.41416]],[[-79.182,-3.39292],[-79.18233,-3.39298]],[[-79.18233,-3.39298],[-79.182,-3.39292]],[[-79.18222,-3.41289],[-79.18233,-3.41314]],[[-79.18233,-3.41314],[-79.18222,-3.41289]],[[-79.18141,-3.41845],[-79.18232,-3.41932]],[[-79.18232,-3.41932],[-79.18141,-3.41845]],[[-79.18226,-3.42089],[-79.18214,-3.42094]],[[-79.18214,-3.42094],[-79.18226,-3.42089]],[[-79.18209,-3.41268],[-79.18222,-3.41289]],[[-79.18222,-3.41289],[-79.18209,-3.41268]],[[-79.17958,-3.3427],[-79.18221,-3.34677]],[[-79.18221,-3.34677],[-79.17958,-3.3427]],[[-79.18214,-3.42094],[-79.18189,-3.42103]],[[-79.18189,-3.42103],[-79.18214,-3.42094]],[[-79.18196,-3.4125],[-79.18209,-3.41268]],[[-79.18209,-3.41268],[-79.18196,-3.4125]],[[-79.18076,-3.39293],[-79.182,-3.39292]],[[-79.182,-3.39292],[-79.18076,-3.39293]],[[-79.18188,-3.41243],[-79.18196,-3.4125]],[[-79.18196,-3.4125],[-79.18188,-3.41243]],[[-79.18191,-3.38425],[-79.18173,-3.38426]],[[-79.18173,-3.38426],[-79.18191,-3.38425]],[[-79.18189,-3.42103],[-79.18099,-3.42119]],[[-79.18099,-3.42119],[-79.18189,-3.42103]],[[-79.18151,-3.41213],[-79.18188,-3.41243]],[[-79.18188,-3.41243],[-79.18151,-3.41213]],[[-79.18177,-3.39452],[-79.18058,-3.39453]],[[-79.18058,-3.39453],[-79.18177,-3.39452]],[[-79.18177,-3.57191],[-79.18143,-3.57198]],[[-79.18143,-3.57198],[-79.18177,-3.57191]],[[-79.18173,-3.38426],[-79.18147,-3.38434]],[[-79.18147,-3.38434],[-79.18173,-3.38426]],[[-79.1817,-3.41575],[-79.18159,-3.4159]],[[-79.18159,-3.4159],[-79.1817,-3.41575]],[[-79.18159,-3.4159],[-79.18148,-3.41604]],[[-79.18148,-3.41604],[-79.18159,-3.4159]],[[-79.18133,-3.412],[-79.18151,-3.41213]],[[-79.18151,-3.41213],[-79.18133,-3.412]],[[-79.18148,-3.41604],[-79.18101,-3.41649]],[[-79.18101,-3.41649],[-79.18148,-3.41604]],[[-79.18147,-3.38434],[-79.18127,-3.38443]],[[-79.18127,-3.38443],[-79.18147,-3.38434]],[[-79.18143,-3.57198],[-79.18124,-3.57197]],[[-79.18124,-3.57197],[-79.18143,-3.57198]],[[-79.18079,-3.41785],[-79.18141,-3.41845]],[[-79.18141,-3.41845],[-79.18079,-3.41785]],[[-79.18073,-3.41156],[-79.18133,-3.412]],[[-79.18133,-3.412],[-79.18073,-3.41156]],[[-79.18127,-3.38443],[-79.18099,-3.38461]],[[-79.18099,-3.38461],[-79.18127,-3.38443]],[[-79.18124,-3.57197],[-79.18113,-3.57195]],[[-79.18113,-3.57195],[-79.18124,-3.57197]],[[-79.18113,-3.57195],[-79.18091,-3.57186]],[[-79.18091,-3.57186],[-79.18113,-3.57195]],[[-79.18101,-3.41649],[-79.1809,-3.4166]],[[-79.1809,-3.4166],[-79.18101,-3.41649]],[[-79.18099,-3.42119],[-79.18004,-3.42137]],[[-79.18004,-3.42137],[-79.18099,-3.42119]],[[-79.18099,-3.38461],[-79.1808,-3.3848]],[[-79.1808,-3.3848],[-79.18099,-3.38461]],[[-79.18091,-3.57186],[-79.18068,-3.57171]],[[-79.18068,-3.57171],[-79.18091,-3.57186]],[[-79.1809,-3.4166],[-79.18076,-3.41676]],[[-79.18076,-3.41676],[-79.1809,-3.4166]],[[-79.1808,-3.3848],[-79.18063,-3.38504]],[[-79.18063,-3.38504],[-79.1808,-3.3848]],[[-79.18069,-3.41769],[-79.18079,-3.41785]],[[-79.18079,-3.41785],[-79.18069,-3.41769]],[[-79.18076,-3.41676],[-79.18066,-3.41696]],[[-79.18066,-3.41696],[-79.18076,-3.41676]],[[-79.18041,-3.3929],[-79.18076,-3.39293]],[[-79.18076,-3.39293],[-79.18041,-3.3929]],[[-79.18005,-3.41103],[-79.18073,-3.41156]],[[-79.18073,-3.41156],[-79.18005,-3.41103]],[[-79.18061,-3.41748],[-79.18069,-3.41769]],[[-79.18069,-3.41769],[-79.18061,-3.41748]],[[-79.18068,-3.57171],[-79.18059,-3.57161]],[[-79.18059,-3.57161],[-79.18068,-3.57171]],[[-79.18066,-3.41696],[-79.18061,-3.41715]],[[-79.18061,-3.41715],[-79.18066,-3.41696]],[[-79.18063,-3.38504],[-79.18052,-3.38525]],[[-79.18052,-3.38525],[-79.18063,-3.38504]],[[-79.1806,-3.41732],[-79.18061,-3.41748]],[[-79.18061,-3.41748],[-79.1806,-3.41732]],[[-79.18061,-3.41715],[-79.1806,-3.41732]],[[-79.1806,-3.41732],[-79.18061,-3.41715]],[[-79.18059,-3.57161],[-79.18043,-3.57134]],[[-79.18043,-3.57134],[-79.18059,-3.57161]],[[-79.18058,-3.39453],[-79.17992,-3.39445]],[[-79.17992,-3.39445],[-79.18058,-3.39453]],[[-79.18052,-3.38525],[-79.1799,-3.38706]],[[-79.1799,-3.38706],[-79.18052,-3.38525]],[[-79.18043,-3.57134],[-79.18038,-3.57119]],[[-79.18038,-3.57119],[-79.18043,-3.57134]],[[-79.1801,-3.39282],[-79.18041,-3.3929]],[[-79.18041,-3.3929],[-79.1801,-3.39282]],[[-79.18038,-3.57119],[-79.18037,-3.57105]],[[-79.18037,-3.57105],[-79.18038,-3.57119]],[[-79.18038,-3.57041],[-79.18037,-3.57006]],[[-79.18037,-3.57006],[-79.18038,-3.57041]],[[-79.18036,-3.57075],[-79.18038,-3.57041]],[[-79.18038,-3.57041],[-79.18036,-3.57075]],[[-79.18037,-3.57006],[-79.18034,-3.56989]],[[-79.18034,-3.56989],[-79.18037,-3.57006]],[[-79.18037,-3.57105],[-79.18036,-3.57075]],[[-79.18036,-3.57075],[-79.18037,-3.57105]],[[-79.18034,-3.56989],[-79.18022,-3.56964]],[[-79.18022,-3.56964],[-79.18034,-3.56989]],[[-79.18027,-3.56614],[-79.18026,-3.5659]],[[-79.18026,-3.5659],[-79.18027,-3.56614]],[[-79.18024,-3.56635],[-79.18027,-3.56614]],[[-79.18027,-3.56614],[-79.18024,-3.56635]],[[-79.18026,-3.5659],[-79.18024,-3.56574]],[[-79.18024,-3.56574],[-79.18026,-3.5659]],[[-79.18015,-3.56653],[-79.18024,-3.56635]],[[-79.18024,-3.56635],[-79.18015,-3.56653]],[[-79.18024,-3.56574],[-79.18015,-3.56551]],[[-79.18015,-3.56551],[-79.18024,-3.56574]],[[-79.18022,-3.56964],[-79.18014,-3.56952]],[[-79.18014,-3.56952],[-79.18022,-3.56964]],[[-79.18022,-3.56003],[-79.1802,-3.55989]],[[-79.1802,-3.55989],[-79.18022,-3.56003]],[[-79.18016,-3.56339],[-79.18022,-3.56003]],[[-79.18022,-3.56003],[-79.18016,-3.56339]],[[-79.1802,-3.55989],[-79.18015,-3.55976]],[[-79.18015,-3.55976],[-79.1802,-3.55989]],[[-79.18009,-3.56365],[-79.18016,-3.56339]],[[-79.18016,-3.56339],[-79.18009,-3.56365]],[[-79.18015,-3.55976],[-79.18009,-3.5596]],[[-79.18009,-3.5596],[-79.18015,-3.55976]],[[-79.18015,-3.56551],[-79.18011,-3.56538]],[[-79.18011,-3.56538],[-79.18015,-3.56551]],[[-79.18001,-3.56671],[-79.18015,-3.56653]],[[-79.18015,-3.56653],[-79.18001,-3.56671]],[[-79.18014,-3.56952],[-79.18003,-3.56939]],[[-79.18003,-3.56939],[-79.18014,-3.56952]],[[-79.18011,-3.56538],[-79.18001,-3.56514]],[[-79.18001,-3.56514],[-79.18011,-3.56538]],[[-79.17821,-3.39205],[-79.1801,-3.39282]],[[-79.1801,-3.39282],[-79.17821,-3.39205]],[[-79.17997,-3.56409],[-79.18009,-3.56365]],[[-79.18009,-3.56365],[-79.17997,-3.56409]],[[-79.18009,-3.5596],[-79.17994,-3.55937]],[[-79.17994,-3.55937],[-79.18009,-3.5596]],[[-79.17971,-3.41065],[-79.18005,-3.41103]],[[-79.18005,-3.41103],[-79.17971,-3.41065]],[[-79.18004,-3.42137],[-79.17979,-3.42137]],[[-79.17979,-3.42137],[-79.18004,-3.42137]],[[-79.18003,-3.56939],[-79.1799,-3.56929]],[[-79.1799,-3.56929],[-79.18003,-3.56939]],[[-79.18001,-3.56514],[-79.17996,-3.56496]],[[-79.17996,-3.56496],[-79.18001,-3.56514]],[[-79.17966,-3.56704],[-79.18001,-3.56671]],[[-79.18001,-3.56671],[-79.17966,-3.56704]],[[-79.1799,-3.56439],[-79.17997,-3.56409]],[[-79.17997,-3.56409],[-79.1799,-3.56439]],[[-79.17996,-3.56496],[-79.1799,-3.56468]],[[-79.1799,-3.56468],[-79.17996,-3.56496]],[[-79.17994,-3.55937],[-79.17975,-3.55917]],[[-79.17975,-3.55917],[-79.17994,-3.55937]],[[-79.17992,-3.39445],[-79.17923,-3.39434]],[[-79.17923,-3.39434],[-79.17992,-3.39445]],[[-79.1799,-3.56468],[-79.17989,-3.56452]],[[-79.17989,-3.56452],[-79.1799,-3.56468]],[[-79.17989,-3.56452],[-79.1799,-3.56439]],[[-79.1799,-3.56439],[-79.17989,-3.56452]],[[-79.1799,-3.38706],[-79.17977,-3.38721]],[[-79.17977,-3.38721],[-79.1799,-3.38706]],[[-79.1799,-3.56929],[-79.17951,-3.56905]],[[-79.17951,-3.56905],[-79.1799,-3.56929]],[[-79.17979,-3.42137],[-79.17955,-3.42133]],[[-79.17955,-3.42133],[-79.17979,-3.42137]],[[-79.17977,-3.38721],[-79.17964,-3.38734]],[[-79.17964,-3.38734],[-79.17977,-3.38721]],[[-79.17975,-3.55917],[-79.17934,-3.5587]],[[-79.17934,-3.5587],[-79.17975,-3.55917]],[[-79.17941,-3.41023],[-79.17971,-3.41065]],[[-79.17971,-3.41065],[-79.17941,-3.41023]],[[-79.17924,-3.56743],[-79.17966,-3.56704]],[[-79.17966,-3.56704],[-79.17924,-3.56743]],[[-79.17964,-3.38734],[-79.17954,-3.38739]],[[-79.17954,-3.38739],[-79.17964,-3.38734]],[[-79.17887,-3.34157],[-79.17958,-3.3427]],[[-79.17958,-3.3427],[-79.17887,-3.34157]],[[-79.17955,-3.42133],[-79.17939,-3.42126]],[[-79.17939,-3.42126],[-79.17955,-3.42133]],[[-79.17954,-3.38739],[-79.17828,-3.3878]],[[-79.17828,-3.3878],[-79.17954,-3.38739]],[[-79.17951,-3.56905],[-79.17915,-3.5688]],[[-79.17915,-3.5688],[-79.17951,-3.56905]],[[-79.17947,-3.41736],[-79.17946,-3.41716]],[[-79.17946,-3.41716],[-79.17947,-3.41736]],[[-79.17922,-3.41879],[-79.17947,-3.41736]],[[-79.17947,-3.41736],[-79.17922,-3.41879]],[[-79.17946,-3.41716],[-79.17944,-3.41702]],[[-79.17944,-3.41702],[-79.17946,-3.41716]],[[-79.17944,-3.41702],[-79.17942,-3.41696]],[[-79.17942,-3.41696],[-79.17944,-3.41702]],[[-79.17942,-3.41696],[-79.1794,-3.41689]],[[-79.1794,-3.41689],[-79.17942,-3.41696]],[[-79.1788,-3.40933],[-79.17941,-3.41023]],[[-79.17941,-3.41023],[-79.1788,-3.40933]],[[-79.1794,-3.41689],[-79.17934,-3.41673]],[[-79.17934,-3.41673],[-79.1794,-3.41689]],[[-79.17939,-3.42126],[-79.17921,-3.42111]],[[-79.17921,-3.42111],[-79.17939,-3.42126]],[[-79.17934,-3.5587],[-79.17896,-3.55821]],[[-79.17896,-3.55821],[-79.17934,-3.5587]],[[-79.17934,-3.41673],[-79.17925,-3.41658]],[[-79.17925,-3.41658],[-79.17934,-3.41673]],[[-79.17925,-3.41658],[-79.17912,-3.41643]],[[-79.17912,-3.41643],[-79.17925,-3.41658]],[[-79.1791,-3.56757],[-79.17924,-3.56743]],[[-79.17924,-3.56743],[-79.1791,-3.56757]],[[-79.17923,-3.39434],[-79.17879,-3.39431]],[[-79.17879,-3.39431],[-79.17923,-3.39434]],[[-79.17896,-3.42029],[-79.17922,-3.41879]],[[-79.17922,-3.41879],[-79.17896,-3.42029]],[[-79.17921,-3.42111],[-79.1791,-3.42096]],[[-79.1791,-3.42096],[-79.17921,-3.42111]],[[-79.17916,-3.54804],[-79.17914,-3.54726]],[[-79.17914,-3.54726],[-79.17916,-3.54804]],[[-79.1791,-3.54972],[-79.17916,-3.54804]],[[-79.17916,-3.54804],[-79.1791,-3.54972]],[[-79.17915,-3.5688],[-79.17899,-3.56861]],[[-79.17899,-3.56861],[-79.17915,-3.5688]],[[-79.17915,-3.5465],[-79.17913,-3.54498]],[[-79.17913,-3.54498],[-79.17915,-3.5465]],[[-79.17914,-3.54726],[-79.17915,-3.5465]],[[-79.17915,-3.5465],[-79.17914,-3.54726]],[[-79.17913,-3.54498],[-79.17912,-3.54364]],[[-79.17912,-3.54364],[-79.17913,-3.54498]],[[-79.1791,-3.5027],[-79.17912,-3.50283]],[[-79.17912,-3.50283],[-79.1791,-3.5027]],[[-79.17912,-3.50283],[-79.17912,-3.50297]],[[-79.17912,-3.50297],[-79.17912,-3.50283]],[[-79.17912,-3.41643],[-79.17898,-3.41632]],[[-79.17898,-3.41632],[-79.17912,-3.41643]],[[-79.17912,-3.54364],[-79.17911,-3.54293]],[[-79.17911,-3.54293],[-79.17912,-3.54364]],[[-79.17912,-3.50297],[-79.17909,-3.50309]],[[-79.17909,-3.50309],[-79.17912,-3.50297]],[[-79.17911,-3.54293],[-79.1791,-3.54222]],[[-79.1791,-3.54222],[-79.17911,-3.54293]],[[-79.17902,-3.56769],[-79.1791,-3.56757]],[[-79.1791,-3.56757],[-79.17902,-3.56769]],[[-79.17907,-3.50258],[-79.1791,-3.5027]],[[-79.1791,-3.5027],[-79.17907,-3.50258]],[[-79.1791,-3.54222],[-79.17909,-3.54079]],[[-79.17909,-3.54079],[-79.1791,-3.54222]],[[-79.17863,-3.55686],[-79.1791,-3.54972]],[[-79.1791,-3.54972],[-79.17863,-3.55686]],[[-79.1791,-3.42096],[-79.17901,-3.4208]],[[-79.17901,-3.4208],[-79.1791,-3.42096]],[[-79.17909,-3.54079],[-79.17908,-3.53954]],[[-79.17908,-3.53954],[-79.17909,-3.54079]],[[-79.17909,-3.50309],[-79.179,-3.50328]],[[-79.179,-3.50328],[-79.17909,-3.50309]],[[-79.17908,-3.53954],[-79.17906,-3.53832]],[[-79.17906,-3.53832],[-79.17908,-3.53954]],[[-79.17903,-3.5025],[-79.17907,-3.50258]],[[-79.17907,-3.50258],[-79.17903,-3.5025]],[[-79.17906,-3.53809],[-79.17906,-3.53832]],[[-79.17906,-3.53832],[-79.17906,-3.53809]],[[-79.17902,-3.53778],[-79.17906,-3.53809]],[[-79.17906,-3.53809],[-79.17902,-3.53778]],[[-79.17895,-3.50239],[-79.17903,-3.5025]],[[-79.17903,-3.5025],[-79.17895,-3.50239]],[[-79.17894,-3.5375],[-79.17902,-3.53778]],[[-79.17902,-3.53778],[-79.17894,-3.5375]],[[-79.17894,-3.56781],[-79.17902,-3.56769]],[[-79.17902,-3.56769],[-79.17894,-3.56781]],[[-79.17901,-3.4208],[-79.17895,-3.42059]],[[-79.17895,-3.42059],[-79.17901,-3.4208]],[[-79.179,-3.50328],[-79.17891,-3.50338]],[[-79.17891,-3.50338],[-79.179,-3.50328]],[[-79.17899,-3.56861],[-79.17892,-3.56849]],[[-79.17892,-3.56849],[-79.17899,-3.56861]],[[-79.17898,-3.41632],[-79.17875,-3.41621]],[[-79.17875,-3.41621],[-79.17898,-3.41632]],[[-79.17896,-3.55821],[-79.17891,-3.55813]],[[-79.17891,-3.55813],[-79.17896,-3.55821]],[[-79.17895,-3.42059],[-79.17896,-3.42029]],[[-79.17896,-3.42029],[-79.17895,-3.42059]],[[-79.17855,-3.50194],[-79.17895,-3.50239]],[[-79.17895,-3.50239],[-79.17855,-3.50194]],[[-79.17887,-3.568],[-79.17894,-3.56781]],[[-79.17894,-3.56781],[-79.17887,-3.568]],[[-79.17882,-3.53717],[-79.17894,-3.5375]],[[-79.17894,-3.5375],[-79.17882,-3.53717]],[[-79.17892,-3.56849],[-79.17887,-3.56832]],[[-79.17887,-3.56832],[-79.17892,-3.56849]],[[-79.17891,-3.50338],[-79.17875,-3.50352]],[[-79.17875,-3.50352],[-79.17891,-3.50338]],[[-79.17891,-3.55813],[-79.17889,-3.5581]],[[-79.17889,-3.5581],[-79.17891,-3.55813]],[[-79.17889,-3.5581],[-79.17882,-3.55799]],[[-79.17882,-3.55799],[-79.17889,-3.5581]],[[-79.17886,-3.56815],[-79.17887,-3.568]],[[-79.17887,-3.568],[-79.17886,-3.56815]],[[-79.17887,-3.56832],[-79.17886,-3.56815]],[[-79.17886,-3.56815],[-79.17887,-3.56832]],[[-79.17828,-3.34081],[-79.17887,-3.34157]],[[-79.17887,-3.34157],[-79.17828,-3.34081]],[[-79.17865,-3.53689],[-79.17882,-3.53717]],[[-79.17882,-3.53717],[-79.17865,-3.53689]],[[-79.17882,-3.55799],[-79.17868,-3.55763]],[[-79.17868,-3.55763],[-79.17882,-3.55799]],[[-79.17783,-3.4079],[-79.1788,-3.40933]],[[-79.1788,-3.40933],[-79.17783,-3.4079]],[[-79.17879,-3.39431],[-79.17623,-3.39436]],[[-79.17623,-3.39436],[-79.17879,-3.39431]],[[-79.17875,-3.41621],[-79.17815,-3.41601]],[[-79.17815,-3.41601],[-79.17875,-3.41621]],[[-79.17875,-3.50352],[-79.17786,-3.50407]],[[-79.17786,-3.50407],[-79.17875,-3.50352]],[[-79.17868,-3.55763],[-79.17865,-3.55748]],[[-79.17865,-3.55748],[-79.17868,-3.55763]],[[-79.17865,-3.55748],[-79.17862,-3.55736]],[[-79.17862,-3.55736],[-79.17865,-3.55748]],[[-79.17849,-3.53671],[-79.17865,-3.53689]],[[-79.17865,-3.53689],[-79.17849,-3.53671]],[[-79.17862,-3.55702],[-79.17863,-3.55686]],[[-79.17863,-3.55686],[-79.17862,-3.55702]],[[-79.17861,-3.55721],[-79.17862,-3.55702]],[[-79.17862,-3.55702],[-79.17861,-3.55721]],[[-79.17862,-3.55736],[-79.17861,-3.55721]],[[-79.17861,-3.55721],[-79.17862,-3.55736]],[[-79.17821,-3.50154],[-79.17855,-3.50194]],[[-79.17855,-3.50194],[-79.17821,-3.50154]],[[-79.17819,-3.53641],[-79.17849,-3.53671]],[[-79.17849,-3.53671],[-79.17819,-3.53641]],[[-79.17828,-3.3878],[-79.17778,-3.38798]],[[-79.17778,-3.38798],[-79.17828,-3.3878]],[[-79.17627,-3.3387],[-79.17828,-3.34081]],[[-79.17828,-3.34081],[-79.17627,-3.3387]],[[-79.17798,-3.5013],[-79.17821,-3.50154]],[[-79.17821,-3.50154],[-79.17798,-3.5013]],[[-79.17796,-3.39191],[-79.17821,-3.39205]],[[-79.17821,-3.39205],[-79.17796,-3.39191]],[[-79.17807,-3.53631],[-79.17819,-3.53641]],[[-79.17819,-3.53641],[-79.17807,-3.53631]],[[-79.17815,-3.41601],[-79.17744,-3.41578]],[[-79.17744,-3.41578],[-79.17815,-3.41601]],[[-79.17792,-3.53622],[-79.17807,-3.53631]],[[-79.17807,-3.53631],[-79.17792,-3.53622]],[[-79.17783,-3.50117],[-79.17798,-3.5013]],[[-79.17798,-3.5013],[-79.17783,-3.50117]],[[-79.1778,-3.39179],[-79.17796,-3.39191]],[[-79.17796,-3.39191],[-79.1778,-3.39179]],[[-79.17712,-3.53588],[-79.17792,-3.53622]],[[-79.17792,-3.53622],[-79.17712,-3.53588]],[[-79.17786,-3.50407],[-79.17773,-3.50415]],[[-79.17773,-3.50415],[-79.17786,-3.50407]],[[-79.17775,-3.50111],[-79.17783,-3.50117]],[[-79.17783,-3.50117],[-79.17775,-3.50111]],[[-79.17767,-3.40766],[-79.17783,-3.4079]],[[-79.17783,-3.4079],[-79.17767,-3.40766]],[[-79.17767,-3.39166],[-79.1778,-3.39179]],[[-79.1778,-3.39179],[-79.17767,-3.39166]],[[-79.17778,-3.38798],[-79.17754,-3.38812]],[[-79.17754,-3.38812],[-79.17778,-3.38798]],[[-79.17762,-3.50104],[-79.17775,-3.50111]],[[-79.17775,-3.50111],[-79.17762,-3.50104]],[[-79.17772,-3.49828],[-79.17774,-3.49847]],[[-79.17774,-3.49847],[-79.17772,-3.49828]],[[-79.17774,-3.49847],[-79.17774,-3.49868]],[[-79.17774,-3.49868],[-79.17774,-3.49847]],[[-79.17774,-3.49868],[-79.1777,-3.49884]],[[-79.1777,-3.49884],[-79.17774,-3.49868]],[[-79.17773,-3.50415],[-79.1758,-3.50589]],[[-79.1758,-3.50589],[-79.17773,-3.50415]],[[-79.17769,-3.49809],[-79.17772,-3.49828]],[[-79.17772,-3.49828],[-79.17769,-3.49809]],[[-79.1777,-3.49884],[-79.17766,-3.49895]],[[-79.17766,-3.49895],[-79.1777,-3.49884]],[[-79.17762,-3.49792],[-79.17769,-3.49809]],[[-79.17769,-3.49809],[-79.17762,-3.49792]],[[-79.17764,-3.39163],[-79.17767,-3.39166]],[[-79.17767,-3.39166],[-79.17764,-3.39163]],[[-79.17748,-3.40727],[-79.17767,-3.40766]],[[-79.17767,-3.40766],[-79.17748,-3.40727]],[[-79.17766,-3.49895],[-79.17761,-3.49904]],[[-79.17761,-3.49904],[-79.17766,-3.49895]],[[-79.17753,-3.39149],[-79.17764,-3.39163]],[[-79.17764,-3.39163],[-79.17753,-3.39149]],[[-79.17748,-3.50097],[-79.17762,-3.50104]],[[-79.17762,-3.50104],[-79.17748,-3.50097]],[[-79.17751,-3.49775],[-79.17762,-3.49792]],[[-79.17762,-3.49792],[-79.17751,-3.49775]],[[-79.17761,-3.49904],[-79.17754,-3.49913]],[[-79.17754,-3.49913],[-79.17761,-3.49904]],[[-79.17754,-3.38812],[-79.17727,-3.38839]],[[-79.17727,-3.38839],[-79.17754,-3.38812]],[[-79.17754,-3.49913],[-79.17744,-3.49921]],[[-79.17744,-3.49921],[-79.17754,-3.49913]],[[-79.17747,-3.39141],[-79.17753,-3.39149]],[[-79.17753,-3.39149],[-79.17747,-3.39141]],[[-79.17738,-3.49762],[-79.17751,-3.49775]],[[-79.17751,-3.49775],[-79.17738,-3.49762]],[[-79.17716,-3.50084],[-79.17748,-3.50097]],[[-79.17748,-3.50097],[-79.17716,-3.50084]],[[-79.17729,-3.40684],[-79.17748,-3.40727]],[[-79.17748,-3.40727],[-79.17729,-3.40684]],[[-79.17735,-3.39122],[-79.17747,-3.39141]],[[-79.17747,-3.39141],[-79.17735,-3.39122]],[[-79.17744,-3.41578],[-79.17707,-3.41567]],[[-79.17707,-3.41567],[-79.17744,-3.41578]],[[-79.17744,-3.49921],[-79.17732,-3.49929]],[[-79.17732,-3.49929],[-79.17744,-3.49921]],[[-79.17724,-3.49753],[-79.17738,-3.49762]],[[-79.17738,-3.49762],[-79.17724,-3.49753]],[[-79.17727,-3.39102],[-79.17735,-3.39122]],[[-79.17735,-3.39122],[-79.17727,-3.39102]],[[-79.17732,-3.49929],[-79.17714,-3.49939]],[[-79.17714,-3.49939],[-79.17732,-3.49929]],[[-79.17712,-3.40652],[-79.17729,-3.40684]],[[-79.17729,-3.40684],[-79.17712,-3.40652]],[[-79.17719,-3.3907],[-79.17727,-3.39102]],[[-79.17727,-3.39102],[-79.17719,-3.3907]],[[-79.17727,-3.38839],[-79.17709,-3.38872]],[[-79.17709,-3.38872],[-79.17727,-3.38839]],[[-79.177,-3.49739],[-79.17724,-3.49753]],[[-79.17724,-3.49753],[-79.177,-3.49739]],[[-79.17706,-3.38965],[-79.17719,-3.3907]],[[-79.17719,-3.3907],[-79.17706,-3.38965]],[[-79.17683,-3.50071],[-79.17716,-3.50084]],[[-79.17716,-3.50084],[-79.17683,-3.50071]],[[-79.17714,-3.49939],[-79.17696,-3.49949]],[[-79.17696,-3.49949],[-79.17714,-3.49939]],[[-79.17632,-3.53553],[-79.17712,-3.53588]],[[-79.17712,-3.53588],[-79.17632,-3.53553]],[[-79.17699,-3.40646],[-79.17712,-3.40652]],[[-79.17712,-3.40652],[-79.17699,-3.40646]],[[-79.17709,-3.38872],[-79.17702,-3.38909]],[[-79.17702,-3.38909],[-79.17709,-3.38872]],[[-79.17707,-3.41567],[-79.17627,-3.41541]],[[-79.17627,-3.41541],[-79.17707,-3.41567]],[[-79.17704,-3.3895],[-79.17706,-3.38965]],[[-79.17706,-3.38965],[-79.17704,-3.3895]],[[-79.17702,-3.38936],[-79.17704,-3.3895]],[[-79.17704,-3.3895],[-79.17702,-3.38936]],[[-79.17702,-3.38909],[-79.17702,-3.38936]],[[-79.17702,-3.38936],[-79.17702,-3.38909]],[[-79.17683,-3.49726],[-79.177,-3.49739]],[[-79.177,-3.49739],[-79.17683,-3.49726]],[[-79.17689,-3.40639],[-79.17699,-3.40646]],[[-79.17699,-3.40646],[-79.17689,-3.40639]],[[-79.17696,-3.49949],[-79.17676,-3.49961]],[[-79.17676,-3.49961],[-79.17696,-3.49949]],[[-79.17667,-3.4063],[-79.17689,-3.40639]],[[-79.17689,-3.40639],[-79.17667,-3.4063]],[[-79.1767,-3.4971],[-79.17683,-3.49726]],[[-79.17683,-3.49726],[-79.1767,-3.4971]],[[-79.17672,-3.50064],[-79.17683,-3.50071]],[[-79.17683,-3.50071],[-79.17672,-3.50064]],[[-79.17676,-3.49961],[-79.1767,-3.49966]],[[-79.1767,-3.49966],[-79.17676,-3.49961]],[[-79.17671,-3.49578],[-79.17673,-3.49589]],[[-79.17673,-3.49589],[-79.17671,-3.49578]],[[-79.17673,-3.49589],[-79.17672,-3.49625]],[[-79.17672,-3.49625],[-79.17673,-3.49589]],[[-79.17672,-3.49625],[-79.17667,-3.49657]],[[-79.17667,-3.49657],[-79.17672,-3.49625]],[[-79.17665,-3.50057],[-79.17672,-3.50064]],[[-79.17672,-3.50064],[-79.17665,-3.50057]],[[-79.1766,-3.49555],[-79.17671,-3.49578]],[[-79.17671,-3.49578],[-79.1766,-3.49555]],[[-79.17663,-3.49693],[-79.1767,-3.4971]],[[-79.1767,-3.4971],[-79.17663,-3.49693]],[[-79.1767,-3.49966],[-79.17665,-3.4997]],[[-79.17665,-3.4997],[-79.1767,-3.49966]],[[-79.17468,-3.40573],[-79.17667,-3.4063]],[[-79.17667,-3.4063],[-79.17468,-3.40573]],[[-79.17667,-3.49657],[-79.17664,-3.49677]],[[-79.17664,-3.49677],[-79.17667,-3.49657]],[[-79.17665,-3.4997],[-79.17658,-3.49978]],[[-79.17658,-3.49978],[-79.17665,-3.4997]],[[-79.17656,-3.50047],[-79.17665,-3.50057]],[[-79.17665,-3.50057],[-79.17656,-3.50047]],[[-79.17664,-3.49677],[-79.17663,-3.49693]],[[-79.17663,-3.49693],[-79.17664,-3.49677]],[[-79.17643,-3.49521],[-79.1766,-3.49555]],[[-79.1766,-3.49555],[-79.17643,-3.49521]],[[-79.17658,-3.49978],[-79.17654,-3.49987]],[[-79.17654,-3.49987],[-79.17658,-3.49978]],[[-79.17651,-3.50038],[-79.17656,-3.50047]],[[-79.17656,-3.50047],[-79.17651,-3.50038]],[[-79.17654,-3.49987],[-79.17648,-3.50001]],[[-79.17648,-3.50001],[-79.17654,-3.49987]],[[-79.17648,-3.50029],[-79.17651,-3.50038]],[[-79.17651,-3.50038],[-79.17648,-3.50029]],[[-79.17648,-3.50001],[-79.17647,-3.50012]],[[-79.17647,-3.50012],[-79.17648,-3.50001]],[[-79.17647,-3.50021],[-79.17648,-3.50029]],[[-79.17648,-3.50029],[-79.17647,-3.50021]],[[-79.17647,-3.50012],[-79.17647,-3.50021]],[[-79.17647,-3.50021],[-79.17647,-3.50012]],[[-79.17636,-3.49502],[-79.17643,-3.49521]],[[-79.17643,-3.49521],[-79.17636,-3.49502]],[[-79.17638,-3.49377],[-79.17642,-3.49415]],[[-79.17642,-3.49415],[-79.17638,-3.49377]],[[-79.17642,-3.49415],[-79.17639,-3.49445]],[[-79.17639,-3.49445],[-79.17642,-3.49415]],[[-79.17639,-3.49445],[-79.17635,-3.49483]],[[-79.17635,-3.49483],[-79.17639,-3.49445]],[[-79.17634,-3.49367],[-79.17638,-3.49377]],[[-79.17638,-3.49377],[-79.17634,-3.49367]],[[-79.17635,-3.49483],[-79.17636,-3.49502]],[[-79.17636,-3.49502],[-79.17635,-3.49483]],[[-79.17626,-3.49355],[-79.17634,-3.49367]],[[-79.17634,-3.49367],[-79.17626,-3.49355]],[[-79.17606,-3.53538],[-79.17632,-3.53553]],[[-79.17632,-3.53553],[-79.17606,-3.53538]],[[-79.17613,-3.33847],[-79.17627,-3.3387]],[[-79.17627,-3.3387],[-79.17613,-3.33847]],[[-79.17627,-3.41541],[-79.17579,-3.4152]],[[-79.17579,-3.4152],[-79.17627,-3.41541]],[[-79.17614,-3.49345],[-79.17626,-3.49355]],[[-79.17626,-3.49355],[-79.17614,-3.49345]],[[-79.17623,-3.39436],[-79.17592,-3.39435]],[[-79.17592,-3.39435],[-79.17623,-3.39436]],[[-79.176,-3.49336],[-79.17614,-3.49345]],[[-79.17614,-3.49345],[-79.176,-3.49336]],[[-79.17602,-3.33817],[-79.17613,-3.33847]],[[-79.17613,-3.33847],[-79.17602,-3.33817]],[[-79.17584,-3.53519],[-79.17606,-3.53538]],[[-79.17606,-3.53538],[-79.17584,-3.53519]],[[-79.17603,-3.33594],[-79.17604,-3.33642]],[[-79.17604,-3.33642],[-79.17603,-3.33594]],[[-79.17604,-3.33642],[-79.17593,-3.33762]],[[-79.17593,-3.33762],[-79.17604,-3.33642]],[[-79.17597,-3.3357],[-79.17603,-3.33594]],[[-79.17603,-3.33594],[-79.17597,-3.3357]],[[-79.17594,-3.33788],[-79.17602,-3.33817]],[[-79.17602,-3.33817],[-79.17594,-3.33788]],[[-79.17585,-3.49333],[-79.176,-3.49336]],[[-79.176,-3.49336],[-79.17585,-3.49333]],[[-79.17588,-3.33545],[-79.17597,-3.3357]],[[-79.17597,-3.3357],[-79.17588,-3.33545]],[[-79.17593,-3.33762],[-79.17594,-3.33788]],[[-79.17594,-3.33788],[-79.17593,-3.33762]],[[-79.17592,-3.39435],[-79.17576,-3.39432]],[[-79.17576,-3.39432],[-79.17592,-3.39435]],[[-79.17574,-3.33521],[-79.17588,-3.33545]],[[-79.17588,-3.33545],[-79.17574,-3.33521]],[[-79.17559,-3.49334],[-79.17585,-3.49333]],[[-79.17585,-3.49333],[-79.17559,-3.49334]],[[-79.17568,-3.53503],[-79.17584,-3.53519]],[[-79.17584,-3.53519],[-79.17568,-3.53503]],[[-79.1758,-3.50589],[-79.17356,-3.50791]],[[-79.17356,-3.50791],[-79.1758,-3.50589]],[[-79.17579,-3.4152],[-79.17517,-3.41488]],[[-79.17517,-3.41488],[-79.17579,-3.4152]],[[-79.17576,-3.39432],[-79.17562,-3.39428]],[[-79.17562,-3.39428],[-79.17576,-3.39432]],[[-79.17557,-3.33502],[-79.17574,-3.33521]],[[-79.17574,-3.33521],[-79.17557,-3.33502]],[[-79.17557,-3.53487],[-79.17568,-3.53503]],[[-79.17568,-3.53503],[-79.17557,-3.53487]],[[-79.17562,-3.39428],[-79.17546,-3.39419]],[[-79.17546,-3.39419],[-79.17562,-3.39428]],[[-79.17491,-3.4935],[-79.17559,-3.49334]],[[-79.17559,-3.49334],[-79.17491,-3.4935]],[[-79.17428,-3.33387],[-79.17557,-3.33502]],[[-79.17557,-3.33502],[-79.17428,-3.33387]],[[-79.17547,-3.53469],[-79.17557,-3.53487]],[[-79.17557,-3.53487],[-79.17547,-3.53469]],[[-79.17537,-3.53447],[-79.17547,-3.53469]],[[-79.17547,-3.53469],[-79.17537,-3.53447]],[[-79.17546,-3.39419],[-79.17529,-3.39404]],[[-79.17529,-3.39404],[-79.17546,-3.39419]],[[-79.17529,-3.53415],[-79.17537,-3.53447]],[[-79.17537,-3.53447],[-79.17529,-3.53415]],[[-79.17529,-3.39404],[-79.17499,-3.39374]],[[-79.17499,-3.39374],[-79.17529,-3.39404]],[[-79.17509,-3.53339],[-79.17529,-3.53415]],[[-79.17529,-3.53415],[-79.17509,-3.53339]],[[-79.17517,-3.41488],[-79.17395,-3.41419]],[[-79.17395,-3.41419],[-79.17517,-3.41488]],[[-79.17492,-3.53261],[-79.17509,-3.53339]],[[-79.17509,-3.53339],[-79.17492,-3.53261]],[[-79.17499,-3.39374],[-79.17486,-3.39363]],[[-79.17486,-3.39363],[-79.17499,-3.39374]],[[-79.17454,-3.53109],[-79.17492,-3.53261]],[[-79.17492,-3.53261],[-79.17454,-3.53109]],[[-79.17474,-3.49354],[-79.17491,-3.4935]],[[-79.17491,-3.4935],[-79.17474,-3.49354]],[[-79.17486,-3.39363],[-79.17476,-3.39358]],[[-79.17476,-3.39358],[-79.17486,-3.39363]],[[-79.17478,-3.51562],[-79.17479,-3.51575]],[[-79.17479,-3.51575],[-79.17478,-3.51562]],[[-79.17479,-3.51575],[-79.17476,-3.51592]],[[-79.17476,-3.51592],[-79.17479,-3.51575]],[[-79.17475,-3.51546],[-79.17478,-3.51562]],[[-79.17478,-3.51562],[-79.17475,-3.51546]],[[-79.17476,-3.39358],[-79.1746,-3.39352]],[[-79.1746,-3.39352],[-79.17476,-3.39358]],[[-79.17476,-3.51592],[-79.17471,-3.51608]],[[-79.17471,-3.51608],[-79.17476,-3.51592]],[[-79.17462,-3.51503],[-79.17475,-3.51546]],[[-79.17475,-3.51546],[-79.17462,-3.51503]],[[-79.17461,-3.4936],[-79.17474,-3.49354]],[[-79.17474,-3.49354],[-79.17461,-3.4936]],[[-79.17471,-3.51608],[-79.17463,-3.51621]],[[-79.17463,-3.51621],[-79.17471,-3.51608]],[[-79.17467,-3.52681],[-79.17468,-3.52708]],[[-79.17468,-3.52708],[-79.17467,-3.52681]],[[-79.17468,-3.52708],[-79.17448,-3.52975]],[[-79.17448,-3.52975],[-79.17468,-3.52708]],[[-79.17442,-3.40564],[-79.17468,-3.40573]],[[-79.17468,-3.40573],[-79.17442,-3.40564]],[[-79.17464,-3.52658],[-79.17467,-3.52681]],[[-79.17467,-3.52681],[-79.17464,-3.52658]],[[-79.17459,-3.52639],[-79.17464,-3.52658]],[[-79.17464,-3.52658],[-79.17459,-3.52639]],[[-79.17463,-3.51621],[-79.17452,-3.51633]],[[-79.17452,-3.51633],[-79.17463,-3.51621]],[[-79.17439,-3.51444],[-79.17462,-3.51503]],[[-79.17462,-3.51503],[-79.17439,-3.51444]],[[-79.17448,-3.49367],[-79.17461,-3.4936]],[[-79.17461,-3.4936],[-79.17448,-3.49367]],[[-79.1746,-3.39352],[-79.17444,-3.39351]],[[-79.17444,-3.39351],[-79.1746,-3.39352]],[[-79.17449,-3.52615],[-79.17459,-3.52639]],[[-79.17459,-3.52639],[-79.17449,-3.52615]],[[-79.17448,-3.53069],[-79.17454,-3.53109]],[[-79.17454,-3.53109],[-79.17448,-3.53069]],[[-79.17452,-3.51633],[-79.17444,-3.5164]],[[-79.17444,-3.5164],[-79.17452,-3.51633]],[[-79.17437,-3.52593],[-79.17449,-3.52615]],[[-79.17449,-3.52615],[-79.17437,-3.52593]],[[-79.17434,-3.49378],[-79.17448,-3.49367]],[[-79.17448,-3.49367],[-79.17434,-3.49378]],[[-79.17448,-3.52975],[-79.17446,-3.53007]],[[-79.17446,-3.53007],[-79.17448,-3.52975]],[[-79.17445,-3.5304],[-79.17448,-3.53069]],[[-79.17448,-3.53069],[-79.17445,-3.5304]],[[-79.17446,-3.53007],[-79.17445,-3.5304]],[[-79.17445,-3.5304],[-79.17446,-3.53007]],[[-79.17444,-3.5164],[-79.17435,-3.51646]],[[-79.17435,-3.51646],[-79.17444,-3.5164]],[[-79.17444,-3.39351],[-79.17422,-3.39352]],[[-79.17422,-3.39352],[-79.17444,-3.39351]],[[-79.17407,-3.40549],[-79.17442,-3.40564]],[[-79.17442,-3.40564],[-79.17407,-3.40549]],[[-79.17427,-3.51386],[-79.17439,-3.51444]],[[-79.17439,-3.51444],[-79.17427,-3.51386]],[[-79.17416,-3.52562],[-79.17437,-3.52593]],[[-79.17437,-3.52593],[-79.17416,-3.52562]],[[-79.17435,-3.51646],[-79.17423,-3.51652]],[[-79.17423,-3.51652],[-79.17435,-3.51646]],[[-79.17375,-3.49437],[-79.17434,-3.49378]],[[-79.17434,-3.49378],[-79.17375,-3.49437]],[[-79.17401,-3.33357],[-79.17428,-3.33387]],[[-79.17428,-3.33387],[-79.17401,-3.33357]],[[-79.17421,-3.51366],[-79.17427,-3.51386]],[[-79.17427,-3.51386],[-79.17421,-3.51366]],[[-79.17423,-3.51652],[-79.17412,-3.51656]],[[-79.17412,-3.51656],[-79.17423,-3.51652]],[[-79.17422,-3.39352],[-79.1733,-3.39361]],[[-79.1733,-3.39361],[-79.17422,-3.39352]],[[-79.17378,-3.51229],[-79.17421,-3.51366]],[[-79.17421,-3.51366],[-79.17378,-3.51229]],[[-79.17394,-3.52523],[-79.17416,-3.52562]],[[-79.17416,-3.52562],[-79.17394,-3.52523]],[[-79.17412,-3.51656],[-79.17392,-3.5166]],[[-79.17392,-3.5166],[-79.17412,-3.51656]],[[-79.17376,-3.40532],[-79.17407,-3.40549]],[[-79.17407,-3.40549],[-79.17376,-3.40532]],[[-79.17394,-3.33349],[-79.17401,-3.33357]],[[-79.17401,-3.33357],[-79.17394,-3.33349]],[[-79.17395,-3.41419],[-79.17375,-3.41408]],[[-79.17375,-3.41408],[-79.17395,-3.41419]],[[-79.16718,-3.32526],[-79.17394,-3.33349]],[[-79.17394,-3.33349],[-79.16718,-3.32526]],[[-79.17349,-3.52448],[-79.17394,-3.52523]],[[-79.17394,-3.52523],[-79.17349,-3.52448]],[[-79.17392,-3.5166],[-79.17364,-3.51662]],[[-79.17364,-3.51662],[-79.17392,-3.5166]],[[-79.17293,-3.50958],[-79.17378,-3.51229]],[[-79.17378,-3.51229],[-79.17293,-3.50958]],[[-79.17337,-3.40503],[-79.17376,-3.40532]],[[-79.17376,-3.40532],[-79.17337,-3.40503]],[[-79.17326,-3.49481],[-79.17375,-3.49437]],[[-79.17375,-3.49437],[-79.17326,-3.49481]],[[-79.17375,-3.41408],[-79.17362,-3.41403]],[[-79.17362,-3.41403],[-79.17375,-3.41408]],[[-79.17364,-3.51662],[-79.17252,-3.51642]],[[-79.17252,-3.51642],[-79.17364,-3.51662]],[[-79.17362,-3.41403],[-79.17353,-3.414]],[[-79.17353,-3.414],[-79.17362,-3.41403]],[[-79.17356,-3.50791],[-79.17332,-3.50817]],[[-79.17332,-3.50817],[-79.17356,-3.50791]],[[-79.17353,-3.414],[-79.17335,-3.41396]],[[-79.17335,-3.41396],[-79.17353,-3.414]],[[-79.17332,-3.52415],[-79.17349,-3.52448]],[[-79.17349,-3.52448],[-79.17332,-3.52415]],[[-79.17311,-3.40485],[-79.17337,-3.40503]],[[-79.17337,-3.40503],[-79.17311,-3.40485]],[[-79.17335,-3.41396],[-79.17317,-3.41394]],[[-79.17317,-3.41394],[-79.17335,-3.41396]],[[-79.17332,-3.50817],[-79.17321,-3.5083]],[[-79.17321,-3.5083],[-79.17332,-3.50817]],[[-79.17311,-3.52373],[-79.17332,-3.52415]],[[-79.17332,-3.52415],[-79.17311,-3.52373]],[[-79.1733,-3.39361],[-79.17027,-3.394]],[[-79.17027,-3.394],[-79.1733,-3.39361]],[[-79.17296,-3.49508],[-79.17326,-3.49481]],[[-79.17326,-3.49481],[-79.17296,-3.49508]],[[-79.17321,-3.5083],[-79.17315,-3.5084]],[[-79.17315,-3.5084],[-79.17321,-3.5083]],[[-79.17317,-3.41394],[-79.17292,-3.41392]],[[-79.17292,-3.41392],[-79.17317,-3.41394]],[[-79.17315,-3.5084],[-79.17308,-3.50852]],[[-79.17308,-3.50852],[-79.17315,-3.5084]],[[-79.17275,-3.52296],[-79.17311,-3.52373]],[[-79.17311,-3.52373],[-79.17275,-3.52296]],[[-79.1722,-3.4042],[-79.17311,-3.40485]],[[-79.17311,-3.40485],[-79.1722,-3.4042]],[[-79.17308,-3.50852],[-79.17301,-3.50866]],[[-79.17301,-3.50866],[-79.17308,-3.50852]],[[-79.17301,-3.50866],[-79.17297,-3.50881]],[[-79.17297,-3.50881],[-79.17301,-3.50866]],[[-79.17297,-3.50881],[-79.17292,-3.50901]],[[-79.17292,-3.50901],[-79.17297,-3.50881]],[[-79.17287,-3.49521],[-79.17296,-3.49508]],[[-79.17296,-3.49508],[-79.17287,-3.49521]],[[-79.17291,-3.50936],[-79.17293,-3.50958]],[[-79.17293,-3.50958],[-79.17291,-3.50936]],[[-79.17292,-3.41392],[-79.17161,-3.41416]],[[-79.17161,-3.41416],[-79.17292,-3.41392]],[[-79.17292,-3.50901],[-79.17291,-3.50909]],[[-79.17291,-3.50909],[-79.17292,-3.50901]],[[-79.17291,-3.50909],[-79.17291,-3.50918]],[[-79.17291,-3.50918],[-79.17291,-3.50909]],[[-79.17291,-3.50918],[-79.17291,-3.50936]],[[-79.17291,-3.50936],[-79.17291,-3.50918]],[[-79.17275,-3.49539],[-79.17287,-3.49521]],[[-79.17287,-3.49521],[-79.17275,-3.49539]],[[-79.17204,-3.52146],[-79.17275,-3.52296]],[[-79.17275,-3.52296],[-79.17204,-3.52146]],[[-79.17256,-3.49579],[-79.17275,-3.49539]],[[-79.17275,-3.49539],[-79.17256,-3.49579]],[[-79.17243,-3.49603],[-79.17256,-3.49579]],[[-79.17256,-3.49579],[-79.17243,-3.49603]],[[-79.17252,-3.51642],[-79.17186,-3.5163]],[[-79.17186,-3.5163],[-79.17252,-3.51642]],[[-79.17233,-3.49615],[-79.17243,-3.49603]],[[-79.17243,-3.49603],[-79.17233,-3.49615]],[[-79.17221,-3.49627],[-79.17233,-3.49615]],[[-79.17233,-3.49615],[-79.17221,-3.49627]],[[-79.17212,-3.49635],[-79.17221,-3.49627]],[[-79.17221,-3.49627],[-79.17212,-3.49635]],[[-79.17213,-3.40414],[-79.1722,-3.4042]],[[-79.1722,-3.4042],[-79.17213,-3.40414]],[[-79.17009,-3.40267],[-79.17213,-3.40414]],[[-79.17213,-3.40414],[-79.17009,-3.40267]],[[-79.17189,-3.49647],[-79.17212,-3.49635]],[[-79.17212,-3.49635],[-79.17189,-3.49647]],[[-79.17178,-3.52095],[-79.17204,-3.52146]],[[-79.17204,-3.52146],[-79.17178,-3.52095]],[[-79.17193,-3.39872],[-79.17194,-3.39899]],[[-79.17194,-3.39899],[-79.17193,-3.39872]],[[-79.17194,-3.39899],[-79.17191,-3.39911]],[[-79.17191,-3.39911],[-79.17194,-3.39899]],[[-79.17184,-3.39845],[-79.17193,-3.39872]],[[-79.17193,-3.39872],[-79.17184,-3.39845]],[[-79.17191,-3.39911],[-79.17179,-3.39935]],[[-79.17179,-3.39935],[-79.17191,-3.39911]],[[-79.17164,-3.49656],[-79.17189,-3.49647]],[[-79.17189,-3.49647],[-79.17164,-3.49656]],[[-79.17186,-3.5163],[-79.17121,-3.5162]],[[-79.17121,-3.5162],[-79.17186,-3.5163]],[[-79.17169,-3.39824],[-79.17184,-3.39845]],[[-79.17184,-3.39845],[-79.17169,-3.39824]],[[-79.17179,-3.39935],[-79.17164,-3.39953]],[[-79.17164,-3.39953],[-79.17179,-3.39935]],[[-79.17149,-3.52038],[-79.17178,-3.52095]],[[-79.17178,-3.52095],[-79.17149,-3.52038]],[[-79.17148,-3.39804],[-79.17169,-3.39824]],[[-79.17169,-3.39824],[-79.17148,-3.39804]],[[-79.17063,-3.49676],[-79.17164,-3.49656]],[[-79.17164,-3.49656],[-79.17063,-3.49676]],[[-79.17164,-3.39953],[-79.17145,-3.39967]],[[-79.17145,-3.39967],[-79.17164,-3.39953]],[[-79.17161,-3.41416],[-79.17148,-3.41415]],[[-79.17148,-3.41415],[-79.17161,-3.41416]],[[-79.17108,-3.51964],[-79.17149,-3.52038]],[[-79.17149,-3.52038],[-79.17108,-3.51964]],[[-79.17148,-3.41415],[-79.17134,-3.41414]],[[-79.17134,-3.41414],[-79.17148,-3.41415]],[[-79.17111,-3.39766],[-79.17148,-3.39804]],[[-79.17148,-3.39804],[-79.17111,-3.39766]],[[-79.17145,-3.39967],[-79.17136,-3.39974]],[[-79.17136,-3.39974],[-79.17145,-3.39967]],[[-79.17136,-3.39974],[-79.16999,-3.40064]],[[-79.16999,-3.40064],[-79.17136,-3.39974]],[[-79.17134,-3.41414],[-79.17121,-3.41409]],[[-79.17121,-3.41409],[-79.17134,-3.41414]],[[-79.17121,-3.41409],[-79.17101,-3.41399]],[[-79.17101,-3.41399],[-79.17121,-3.41409]],[[-79.17121,-3.5162],[-79.17107,-3.51618]],[[-79.17107,-3.51618],[-79.17121,-3.5162]],[[-79.16984,-3.3964],[-79.17111,-3.39766]],[[-79.17111,-3.39766],[-79.16984,-3.3964]],[[-79.17066,-3.51887],[-79.17108,-3.51964]],[[-79.17108,-3.51964],[-79.17066,-3.51887]],[[-79.17107,-3.51618],[-79.171,-3.51617]],[[-79.171,-3.51617],[-79.17107,-3.51618]],[[-79.17101,-3.41399],[-79.17087,-3.41386]],[[-79.17087,-3.41386],[-79.17101,-3.41399]],[[-79.171,-3.51617],[-79.17088,-3.51618]],[[-79.17088,-3.51618],[-79.171,-3.51617]],[[-79.17088,-3.51618],[-79.17074,-3.51619]],[[-79.17074,-3.51619],[-79.17088,-3.51618]],[[-79.17087,-3.41386],[-79.17074,-3.41366]],[[-79.17074,-3.41366],[-79.17087,-3.41386]],[[-79.17086,-3.48152],[-79.17086,-3.48181]],[[-79.17086,-3.48181],[-79.17086,-3.48152]],[[-79.17086,-3.48181],[-79.17086,-3.48213]],[[-79.17086,-3.48213],[-79.17086,-3.48181]],[[-79.17086,-3.48213],[-79.17082,-3.48239]],[[-79.17082,-3.48239],[-79.17086,-3.48213]],[[-79.17079,-3.48123],[-79.17086,-3.48152]],[[-79.17086,-3.48152],[-79.17079,-3.48123]],[[-79.17082,-3.48239],[-79.17075,-3.48273]],[[-79.17075,-3.48273],[-79.17082,-3.48239]],[[-79.17074,-3.48105],[-79.17079,-3.48123]],[[-79.17079,-3.48123],[-79.17074,-3.48105]],[[-79.17075,-3.48273],[-79.17027,-3.48403]],[[-79.17027,-3.48403],[-79.17075,-3.48273]],[[-79.17031,-3.47956],[-79.17074,-3.48105]],[[-79.17074,-3.48105],[-79.17031,-3.47956]],[[-79.17074,-3.51619],[-79.17062,-3.51622]],[[-79.17062,-3.51622],[-79.17074,-3.51619]],[[-79.17074,-3.41366],[-79.17065,-3.41343]],[[-79.17065,-3.41343],[-79.17074,-3.41366]],[[-79.16988,-3.5175],[-79.17066,-3.51887]],[[-79.17066,-3.51887],[-79.16988,-3.5175]],[[-79.17065,-3.41343],[-79.17062,-3.41312]],[[-79.17062,-3.41312],[-79.17065,-3.41343]],[[-79.17037,-3.49683],[-79.17063,-3.49676]],[[-79.17063,-3.49676],[-79.17037,-3.49683]],[[-79.17062,-3.51622],[-79.17039,-3.51633]],[[-79.17039,-3.51633],[-79.17062,-3.51622]],[[-79.17062,-3.41243],[-79.1706,-3.4121]],[[-79.1706,-3.4121],[-79.17062,-3.41243]],[[-79.17062,-3.41312],[-79.17062,-3.41243]],[[-79.17062,-3.41243],[-79.17062,-3.41312]],[[-79.1706,-3.4121],[-79.17056,-3.41195]],[[-79.17056,-3.41195],[-79.1706,-3.4121]],[[-79.17056,-3.41195],[-79.17048,-3.41175]],[[-79.17048,-3.41175],[-79.17056,-3.41195]],[[-79.17048,-3.41175],[-79.17035,-3.41158]],[[-79.17035,-3.41158],[-79.17048,-3.41175]],[[-79.17039,-3.51633],[-79.17028,-3.51642]],[[-79.17028,-3.51642],[-79.17039,-3.51633]],[[-79.17011,-3.49693],[-79.17037,-3.49683]],[[-79.17037,-3.49683],[-79.17011,-3.49693]],[[-79.17035,-3.41158],[-79.17021,-3.41144]],[[-79.17021,-3.41144],[-79.17035,-3.41158]],[[-79.17014,-3.4789],[-79.17031,-3.47956]],[[-79.17031,-3.47956],[-79.17014,-3.4789]],[[-79.17028,-3.51642],[-79.17017,-3.51651]],[[-79.17017,-3.51651],[-79.17028,-3.51642]],[[-79.17027,-3.48403],[-79.1695,-3.48609]],[[-79.1695,-3.48609],[-79.17027,-3.48403]],[[-79.17027,-3.394],[-79.16996,-3.39399]],[[-79.16996,-3.39399],[-79.17027,-3.394]],[[-79.17021,-3.41144],[-79.17,-3.41131]],[[-79.17,-3.41131],[-79.17021,-3.41144]],[[-79.17017,-3.51651],[-79.17006,-3.51663]],[[-79.17006,-3.51663],[-79.17017,-3.51651]],[[-79.16998,-3.4783],[-79.17014,-3.4789]],[[-79.17014,-3.4789],[-79.16998,-3.4783]],[[-79.16979,-3.49716],[-79.17011,-3.49693]],[[-79.17011,-3.49693],[-79.16979,-3.49716]],[[-79.16995,-3.40255],[-79.17009,-3.40267]],[[-79.17009,-3.40267],[-79.16995,-3.40255]],[[-79.17006,-3.51663],[-79.16998,-3.51678]],[[-79.16998,-3.51678],[-79.17006,-3.51663]],[[-79.17,-3.41131],[-79.16977,-3.41124]],[[-79.16977,-3.41124],[-79.17,-3.41131]],[[-79.16999,-3.40064],[-79.16987,-3.40078]],[[-79.16987,-3.40078],[-79.16999,-3.40064]],[[-79.16998,-3.51678],[-79.16992,-3.51688]],[[-79.16992,-3.51688],[-79.16998,-3.51678]],[[-79.16965,-3.47719],[-79.16998,-3.4783]],[[-79.16998,-3.4783],[-79.16965,-3.47719]],[[-79.16996,-3.39399],[-79.16872,-3.39348]],[[-79.16872,-3.39348],[-79.16996,-3.39399]],[[-79.16978,-3.40235],[-79.16995,-3.40255]],[[-79.16995,-3.40255],[-79.16978,-3.40235]],[[-79.16992,-3.51688],[-79.16988,-3.51702]],[[-79.16988,-3.51702],[-79.16992,-3.51688]],[[-79.16985,-3.51734],[-79.16988,-3.5175]],[[-79.16988,-3.5175],[-79.16985,-3.51734]],[[-79.16988,-3.51702],[-79.16985,-3.51722]],[[-79.16985,-3.51722],[-79.16988,-3.51702]],[[-79.16987,-3.40078],[-79.16973,-3.40096]],[[-79.16973,-3.40096],[-79.16987,-3.40078]],[[-79.16985,-3.51722],[-79.16985,-3.51734]],[[-79.16985,-3.51734],[-79.16985,-3.51722]],[[-79.16953,-3.39611],[-79.16984,-3.3964]],[[-79.16984,-3.3964],[-79.16953,-3.39611]],[[-79.16962,-3.49736],[-79.16979,-3.49716]],[[-79.16979,-3.49716],[-79.16962,-3.49736]],[[-79.16964,-3.40208],[-79.16978,-3.40235]],[[-79.16978,-3.40235],[-79.16964,-3.40208]],[[-79.16977,-3.41124],[-79.1696,-3.41121]],[[-79.1696,-3.41121],[-79.16977,-3.41124]],[[-79.16973,-3.40096],[-79.16964,-3.40114]],[[-79.16964,-3.40114],[-79.16973,-3.40096]],[[-79.16953,-3.47697],[-79.16965,-3.47719]],[[-79.16965,-3.47719],[-79.16953,-3.47697]],[[-79.16964,-3.40114],[-79.16959,-3.40131]],[[-79.16959,-3.40131],[-79.16964,-3.40114]],[[-79.16958,-3.40188],[-79.16964,-3.40208]],[[-79.16964,-3.40208],[-79.16958,-3.40188]],[[-79.16875,-3.49831],[-79.16962,-3.49736]],[[-79.16962,-3.49736],[-79.16875,-3.49831]],[[-79.1696,-3.41121],[-79.16945,-3.41121]],[[-79.16945,-3.41121],[-79.1696,-3.41121]],[[-79.16959,-3.40131],[-79.16955,-3.40155]],[[-79.16955,-3.40155],[-79.16959,-3.40131]],[[-79.16955,-3.40155],[-79.16958,-3.40188]],[[-79.16958,-3.40188],[-79.16955,-3.40155]],[[-79.16951,-3.47693],[-79.16953,-3.47697]],[[-79.16953,-3.47697],[-79.16951,-3.47693]],[[-79.16918,-3.39589],[-79.16953,-3.39611]],[[-79.16953,-3.39611],[-79.16918,-3.39589]],[[-79.16935,-3.4767],[-79.16951,-3.47693]],[[-79.16951,-3.47693],[-79.16935,-3.4767]],[[-79.1695,-3.48609],[-79.16874,-3.48817]],[[-79.16874,-3.48817],[-79.1695,-3.48609]],[[-79.16945,-3.41121],[-79.16915,-3.41127]],[[-79.16915,-3.41127],[-79.16945,-3.41121]],[[-79.16915,-3.47651],[-79.16935,-3.4767]],[[-79.16935,-3.4767],[-79.16915,-3.47651]],[[-79.16787,-3.39544],[-79.16918,-3.39589]],[[-79.16918,-3.39589],[-79.16787,-3.39544]],[[-79.16844,-3.47596],[-79.16915,-3.47651]],[[-79.16915,-3.47651],[-79.16844,-3.47596]],[[-79.16915,-3.41127],[-79.16892,-3.41142]],[[-79.16892,-3.41142],[-79.16915,-3.41127]],[[-79.16892,-3.41142],[-79.16754,-3.41232]],[[-79.16754,-3.41232],[-79.16892,-3.41142]],[[-79.16861,-3.49846],[-79.16875,-3.49831]],[[-79.16875,-3.49831],[-79.16861,-3.49846]],[[-79.16874,-3.48817],[-79.16865,-3.48842]],[[-79.16865,-3.48842],[-79.16874,-3.48817]],[[-79.16872,-3.39348],[-79.16845,-3.3934]],[[-79.16845,-3.3934],[-79.16872,-3.39348]],[[-79.16865,-3.48842],[-79.16857,-3.48859]],[[-79.16857,-3.48859],[-79.16865,-3.48842]],[[-79.16846,-3.49859],[-79.16861,-3.49846]],[[-79.16861,-3.49846],[-79.16846,-3.49859]],[[-79.16857,-3.48859],[-79.16842,-3.48881]],[[-79.16842,-3.48881],[-79.16857,-3.48859]],[[-79.16826,-3.49871],[-79.16846,-3.49859]],[[-79.16846,-3.49859],[-79.16826,-3.49871]],[[-79.16845,-3.3934],[-79.16822,-3.39337]],[[-79.16822,-3.39337],[-79.16845,-3.3934]],[[-79.16782,-3.47539],[-79.16844,-3.47596]],[[-79.16844,-3.47596],[-79.16782,-3.47539]],[[-79.16842,-3.48881],[-79.16829,-3.48894]],[[-79.16829,-3.48894],[-79.16842,-3.48881]],[[-79.16829,-3.48894],[-79.16806,-3.48916]],[[-79.16806,-3.48916],[-79.16829,-3.48894]],[[-79.16804,-3.49881],[-79.16826,-3.49871]],[[-79.16826,-3.49871],[-79.16804,-3.49881]],[[-79.16822,-3.39337],[-79.16789,-3.39337]],[[-79.16789,-3.39337],[-79.16822,-3.39337]],[[-79.16806,-3.48916],[-79.16777,-3.48935]],[[-79.16777,-3.48935],[-79.16806,-3.48916]],[[-79.16639,-3.49963],[-79.16804,-3.49881]],[[-79.16804,-3.49881],[-79.16639,-3.49963]],[[-79.16789,-3.39337],[-79.16692,-3.39341]],[[-79.16692,-3.39341],[-79.16789,-3.39337]],[[-79.16625,-3.39479],[-79.16787,-3.39544]],[[-79.16787,-3.39544],[-79.16625,-3.39479]],[[-79.16763,-3.47513],[-79.16782,-3.47539]],[[-79.16782,-3.47539],[-79.16763,-3.47513]],[[-79.16777,-3.48935],[-79.16754,-3.48945]],[[-79.16754,-3.48945],[-79.16777,-3.48935]],[[-79.16645,-3.47337],[-79.16763,-3.47513]],[[-79.16763,-3.47513],[-79.16645,-3.47337]],[[-79.16754,-3.44769],[-79.16757,-3.44784]],[[-79.16757,-3.44784],[-79.16754,-3.44769]],[[-79.16757,-3.44784],[-79.16757,-3.44799]],[[-79.16757,-3.44799],[-79.16757,-3.44784]],[[-79.16757,-3.44799],[-79.16753,-3.44815]],[[-79.16753,-3.44815],[-79.16757,-3.44799]],[[-79.16754,-3.41232],[-79.16724,-3.41263]],[[-79.16724,-3.41263],[-79.16754,-3.41232]],[[-79.16754,-3.48945],[-79.16729,-3.48951]],[[-79.16729,-3.48951],[-79.16754,-3.48945]],[[-79.16749,-3.44755],[-79.16754,-3.44769]],[[-79.16754,-3.44769],[-79.16749,-3.44755]],[[-79.16753,-3.44815],[-79.16697,-3.44911]],[[-79.16697,-3.44911],[-79.16753,-3.44815]],[[-79.16742,-3.44742],[-79.16749,-3.44755]],[[-79.16749,-3.44755],[-79.16742,-3.44742]],[[-79.16728,-3.44729],[-79.16742,-3.44742]],[[-79.16742,-3.44742],[-79.16728,-3.44729]],[[-79.16729,-3.48951],[-79.16705,-3.48954]],[[-79.16705,-3.48954],[-79.16729,-3.48951]],[[-79.16712,-3.44718],[-79.16728,-3.44729]],[[-79.16728,-3.44729],[-79.16712,-3.44718]],[[-79.16724,-3.41263],[-79.16684,-3.41315]],[[-79.16684,-3.41315],[-79.16724,-3.41263]],[[-79.16541,-3.32347],[-79.16718,-3.32526]],[[-79.16718,-3.32526],[-79.16541,-3.32347]],[[-79.16573,-3.44681],[-79.16712,-3.44718]],[[-79.16712,-3.44718],[-79.16573,-3.44681]],[[-79.16705,-3.48954],[-79.16571,-3.48949]],[[-79.16571,-3.48949],[-79.16705,-3.48954]],[[-79.16697,-3.44911],[-79.1669,-3.44921]],[[-79.1669,-3.44921],[-79.16697,-3.44911]],[[-79.16692,-3.39341],[-79.16497,-3.39322]],[[-79.16497,-3.39322],[-79.16692,-3.39341]],[[-79.1669,-3.44921],[-79.16679,-3.44933]],[[-79.16679,-3.44933],[-79.1669,-3.44921]],[[-79.16684,-3.41315],[-79.16661,-3.41349]],[[-79.16661,-3.41349],[-79.16684,-3.41315]],[[-79.16679,-3.44933],[-79.16668,-3.44943]],[[-79.16668,-3.44943],[-79.16679,-3.44933]],[[-79.16668,-3.44943],[-79.16646,-3.44953]],[[-79.16646,-3.44953],[-79.16668,-3.44943]],[[-79.16661,-3.41349],[-79.16652,-3.41363]],[[-79.16652,-3.41363],[-79.16661,-3.41349]],[[-79.16652,-3.41363],[-79.16642,-3.41377]],[[-79.16642,-3.41377],[-79.16652,-3.41363]],[[-79.16646,-3.44953],[-79.16632,-3.44958]],[[-79.16632,-3.44958],[-79.16646,-3.44953]],[[-79.16632,-3.47322],[-79.16645,-3.47337]],[[-79.16645,-3.47337],[-79.16632,-3.47322]],[[-79.16642,-3.41377],[-79.16613,-3.41422]],[[-79.16613,-3.41422],[-79.16642,-3.41377]],[[-79.16616,-3.49975],[-79.16639,-3.49963]],[[-79.16639,-3.49963],[-79.16616,-3.49975]],[[-79.16632,-3.44958],[-79.16614,-3.4496]],[[-79.16614,-3.4496],[-79.16632,-3.44958]],[[-79.16613,-3.4731],[-79.16632,-3.47322]],[[-79.16632,-3.47322],[-79.16613,-3.4731]],[[-79.16342,-3.3938],[-79.16625,-3.39479]],[[-79.16625,-3.39479],[-79.16342,-3.3938]],[[-79.16597,-3.49979],[-79.16616,-3.49975]],[[-79.16616,-3.49975],[-79.16597,-3.49979]],[[-79.16614,-3.4496],[-79.16599,-3.44959]],[[-79.16599,-3.44959],[-79.16614,-3.4496]],[[-79.16593,-3.47303],[-79.16613,-3.4731]],[[-79.16613,-3.4731],[-79.16593,-3.47303]],[[-79.16613,-3.41422],[-79.16594,-3.41447]],[[-79.16594,-3.41447],[-79.16613,-3.41422]],[[-79.16599,-3.44959],[-79.16495,-3.44923]],[[-79.16495,-3.44923],[-79.16599,-3.44959]],[[-79.16577,-3.4998],[-79.16597,-3.49979]],[[-79.16597,-3.49979],[-79.16577,-3.4998]],[[-79.16594,-3.41447],[-79.16511,-3.41533]],[[-79.16511,-3.41533],[-79.16594,-3.41447]],[[-79.16569,-3.47299],[-79.16593,-3.47303]],[[-79.16593,-3.47303],[-79.16569,-3.47299]],[[-79.16562,-3.49976],[-79.16577,-3.4998]],[[-79.16577,-3.4998],[-79.16562,-3.49976]],[[-79.16553,-3.44678],[-79.16573,-3.44681]],[[-79.16573,-3.44681],[-79.16553,-3.44678]],[[-79.16571,-3.48949],[-79.16454,-3.48943]],[[-79.16454,-3.48943],[-79.16571,-3.48949]],[[-79.16492,-3.47299],[-79.16569,-3.47299]],[[-79.16569,-3.47299],[-79.16492,-3.47299]],[[-79.16544,-3.4997],[-79.16562,-3.49976]],[[-79.16562,-3.49976],[-79.16544,-3.4997]],[[-79.16525,-3.44675],[-79.16553,-3.44678]],[[-79.16553,-3.44678],[-79.16525,-3.44675]],[[-79.16443,-3.49918],[-79.16544,-3.4997]],[[-79.16544,-3.4997],[-79.16443,-3.49918]],[[-79.16528,-3.32334],[-79.16541,-3.32347]],[[-79.16541,-3.32347],[-79.16528,-3.32334]],[[-79.16495,-3.32304],[-79.16528,-3.32334]],[[-79.16528,-3.32334],[-79.16495,-3.32304]],[[-79.1646,-3.44674],[-79.16525,-3.44675]],[[-79.16525,-3.44675],[-79.1646,-3.44674]],[[-79.16511,-3.41533],[-79.1649,-3.41552]],[[-79.1649,-3.41552],[-79.16511,-3.41533]],[[-79.16497,-3.39322],[-79.16458,-3.39313]],[[-79.16458,-3.39313],[-79.16497,-3.39322]],[[-79.1649,-3.323],[-79.16495,-3.32304]],[[-79.16495,-3.32304],[-79.1649,-3.323]],[[-79.16495,-3.44923],[-79.16478,-3.4492]],[[-79.16478,-3.4492],[-79.16495,-3.44923]],[[-79.16468,-3.47295],[-79.16492,-3.47299]],[[-79.16492,-3.47299],[-79.16468,-3.47295]],[[-79.16457,-3.32281],[-79.1649,-3.323]],[[-79.1649,-3.323],[-79.16457,-3.32281]],[[-79.1649,-3.41552],[-79.16473,-3.41561]],[[-79.16473,-3.41561],[-79.1649,-3.41552]],[[-79.16478,-3.4492],[-79.16462,-3.44921]],[[-79.16462,-3.44921],[-79.16478,-3.4492]],[[-79.16473,-3.41561],[-79.16459,-3.41564]],[[-79.16459,-3.41564],[-79.16473,-3.41561]],[[-79.16446,-3.47288],[-79.16468,-3.47295]],[[-79.16468,-3.47295],[-79.16446,-3.47288]],[[-79.16462,-3.44921],[-79.16449,-3.44923]],[[-79.16449,-3.44923],[-79.16462,-3.44921]],[[-79.16351,-3.44675],[-79.1646,-3.44674]],[[-79.1646,-3.44674],[-79.16351,-3.44675]],[[-79.16459,-3.41564],[-79.16446,-3.41562]],[[-79.16446,-3.41562],[-79.16459,-3.41564]],[[-79.16458,-3.39313],[-79.1642,-3.39301]],[[-79.1642,-3.39301],[-79.16458,-3.39313]],[[-79.16329,-3.3222],[-79.16457,-3.32281]],[[-79.16457,-3.32281],[-79.16329,-3.3222]],[[-79.16454,-3.48943],[-79.16428,-3.48943]],[[-79.16428,-3.48943],[-79.16454,-3.48943]],[[-79.16449,-3.44923],[-79.16351,-3.44961]],[[-79.16351,-3.44961],[-79.16449,-3.44923]],[[-79.16429,-3.47278],[-79.16446,-3.47288]],[[-79.16446,-3.47288],[-79.16429,-3.47278]],[[-79.16446,-3.41562],[-79.16432,-3.4156]],[[-79.16432,-3.4156],[-79.16446,-3.41562]],[[-79.16338,-3.49864],[-79.16443,-3.49918]],[[-79.16443,-3.49918],[-79.16338,-3.49864]],[[-79.16432,-3.4156],[-79.16418,-3.41552]],[[-79.16418,-3.41552],[-79.16432,-3.4156]],[[-79.16407,-3.47258],[-79.16429,-3.47278]],[[-79.16429,-3.47278],[-79.16407,-3.47258]],[[-79.16428,-3.48943],[-79.16408,-3.48944]],[[-79.16408,-3.48944],[-79.16428,-3.48943]],[[-79.16425,-3.41316],[-79.1642,-3.41296]],[[-79.1642,-3.41296],[-79.16425,-3.41316]],[[-79.16424,-3.41335],[-79.16425,-3.41316]],[[-79.16425,-3.41316],[-79.16424,-3.41335]],[[-79.16419,-3.41387],[-79.16424,-3.41335]],[[-79.16424,-3.41335],[-79.16419,-3.41387]],[[-79.1642,-3.39301],[-79.16364,-3.39267]],[[-79.16364,-3.39267],[-79.1642,-3.39301]],[[-79.1642,-3.41296],[-79.16413,-3.41283]],[[-79.16413,-3.41283],[-79.1642,-3.41296]],[[-79.16412,-3.41421],[-79.16419,-3.41387]],[[-79.16419,-3.41387],[-79.16412,-3.41421]],[[-79.16418,-3.41552],[-79.1641,-3.41544]],[[-79.1641,-3.41544],[-79.16418,-3.41552]],[[-79.16413,-3.41283],[-79.16404,-3.41273]],[[-79.16404,-3.41273],[-79.16413,-3.41283]],[[-79.16402,-3.41463],[-79.16412,-3.41421]],[[-79.16412,-3.41421],[-79.16402,-3.41463]],[[-79.1641,-3.41544],[-79.16401,-3.4153]],[[-79.16401,-3.4153],[-79.1641,-3.41544]],[[-79.16408,-3.48944],[-79.16388,-3.48949]],[[-79.16388,-3.48949],[-79.16408,-3.48944]],[[-79.16368,-3.47222],[-79.16407,-3.47258]],[[-79.16407,-3.47258],[-79.16368,-3.47222]],[[-79.16404,-3.41273],[-79.16318,-3.41205]],[[-79.16318,-3.41205],[-79.16404,-3.41273]],[[-79.16396,-3.41488],[-79.16402,-3.41463]],[[-79.16402,-3.41463],[-79.16396,-3.41488]],[[-79.16401,-3.4153],[-79.16395,-3.41511]],[[-79.16395,-3.41511],[-79.16401,-3.4153]],[[-79.16395,-3.41511],[-79.16396,-3.41488]],[[-79.16396,-3.41488],[-79.16395,-3.41511]],[[-79.16388,-3.48949],[-79.16365,-3.48957]],[[-79.16365,-3.48957],[-79.16388,-3.48949]],[[-79.1634,-3.47202],[-79.16368,-3.47222]],[[-79.16368,-3.47222],[-79.1634,-3.47202]],[[-79.16365,-3.48957],[-79.16311,-3.48984]],[[-79.16311,-3.48984],[-79.16365,-3.48957]],[[-79.16364,-3.39267],[-79.16312,-3.39225]],[[-79.16312,-3.39225],[-79.16364,-3.39267]],[[-79.16251,-3.44673],[-79.16351,-3.44675]],[[-79.16351,-3.44675],[-79.16251,-3.44673]],[[-79.16351,-3.44961],[-79.16338,-3.44968]],[[-79.16338,-3.44968],[-79.16351,-3.44961]],[[-79.16229,-3.3934],[-79.16342,-3.3938]],[[-79.16342,-3.3938],[-79.16229,-3.3934]],[[-79.1632,-3.47194],[-79.1634,-3.47202]],[[-79.1634,-3.47202],[-79.1632,-3.47194]],[[-79.16324,-3.49856],[-79.16338,-3.49864]],[[-79.16338,-3.49864],[-79.16324,-3.49856]],[[-79.16338,-3.44968],[-79.16325,-3.4498]],[[-79.16325,-3.4498],[-79.16338,-3.44968]],[[-79.16311,-3.32215],[-79.16329,-3.3222]],[[-79.16329,-3.3222],[-79.16311,-3.32215]],[[-79.16325,-3.4498],[-79.16314,-3.44994]],[[-79.16314,-3.44994],[-79.16325,-3.4498]],[[-79.16314,-3.49845],[-79.16324,-3.49856]],[[-79.16324,-3.49856],[-79.16314,-3.49845]],[[-79.16307,-3.47191],[-79.1632,-3.47194]],[[-79.1632,-3.47194],[-79.16307,-3.47191]],[[-79.16318,-3.41205],[-79.16301,-3.41193]],[[-79.16301,-3.41193],[-79.16318,-3.41205]],[[-79.16305,-3.49828],[-79.16314,-3.49845]],[[-79.16314,-3.49845],[-79.16305,-3.49828]],[[-79.16314,-3.44994],[-79.16304,-3.45007]],[[-79.16304,-3.45007],[-79.16314,-3.44994]],[[-79.16312,-3.39225],[-79.16286,-3.39209]],[[-79.16286,-3.39209],[-79.16312,-3.39225]],[[-79.1627,-3.32202],[-79.16311,-3.32215]],[[-79.16311,-3.32215],[-79.1627,-3.32202]],[[-79.16311,-3.48984],[-79.16289,-3.49004]],[[-79.16289,-3.49004],[-79.16311,-3.48984]],[[-79.16286,-3.4719],[-79.16307,-3.47191]],[[-79.16307,-3.47191],[-79.16286,-3.4719]],[[-79.16305,-3.49813],[-79.16305,-3.49828]],[[-79.16305,-3.49828],[-79.16305,-3.49813]],[[-79.16303,-3.49753],[-79.16305,-3.49782]],[[-79.16305,-3.49782],[-79.16303,-3.49753]],[[-79.16305,-3.49782],[-79.16305,-3.49813]],[[-79.16305,-3.49813],[-79.16305,-3.49782]],[[-79.16304,-3.45007],[-79.16294,-3.45028]],[[-79.16294,-3.45028],[-79.16304,-3.45007]],[[-79.16299,-3.49701],[-79.16303,-3.49753]],[[-79.16303,-3.49753],[-79.16299,-3.49701]],[[-79.16301,-3.41193],[-79.16285,-3.41188]],[[-79.16285,-3.41188],[-79.16301,-3.41193]],[[-79.16289,-3.49627],[-79.16299,-3.49701]],[[-79.16299,-3.49701],[-79.16289,-3.49627]],[[-79.16294,-3.45028],[-79.16289,-3.4506]],[[-79.16289,-3.4506],[-79.16294,-3.45028]],[[-79.16275,-3.49541],[-79.16289,-3.49627]],[[-79.16289,-3.49627],[-79.16275,-3.49541]],[[-79.16289,-3.49004],[-79.16263,-3.49036]],[[-79.16263,-3.49036],[-79.16289,-3.49004]],[[-79.16289,-3.4506],[-79.16276,-3.45184]],[[-79.16276,-3.45184],[-79.16289,-3.4506]],[[-79.16286,-3.41393],[-79.16286,-3.41413]],[[-79.16286,-3.41413],[-79.16286,-3.41393]],[[-79.16286,-3.41413],[-79.16261,-3.41467]],[[-79.16261,-3.41467],[-79.16286,-3.41413]],[[-79.16265,-3.47193],[-79.16286,-3.4719]],[[-79.16286,-3.4719],[-79.16265,-3.47193]],[[-79.16286,-3.39209],[-79.16267,-3.39205]],[[-79.16267,-3.39205],[-79.16286,-3.39209]],[[-79.16283,-3.41377],[-79.16286,-3.41393]],[[-79.16286,-3.41393],[-79.16283,-3.41377]],[[-79.16285,-3.41188],[-79.16273,-3.41185]],[[-79.16273,-3.41185],[-79.16285,-3.41188]],[[-79.1628,-3.41363],[-79.16283,-3.41377]],[[-79.16283,-3.41377],[-79.1628,-3.41363]],[[-79.16267,-3.41342],[-79.1628,-3.41363]],[[-79.1628,-3.41363],[-79.16267,-3.41342]],[[-79.16276,-3.45184],[-79.16268,-3.45239]],[[-79.16268,-3.45239],[-79.16276,-3.45184]],[[-79.16267,-3.49497],[-79.16275,-3.49541]],[[-79.16275,-3.49541],[-79.16267,-3.49497]],[[-79.16273,-3.41185],[-79.1626,-3.41187]],[[-79.1626,-3.41187],[-79.16273,-3.41185]],[[-79.1623,-3.3219],[-79.1627,-3.32202]],[[-79.1627,-3.32202],[-79.1623,-3.3219]],[[-79.16268,-3.45239],[-79.16227,-3.45384]],[[-79.16227,-3.45384],[-79.16268,-3.45239]],[[-79.16244,-3.41313],[-79.16267,-3.41342]],[[-79.16267,-3.41342],[-79.16244,-3.41313]],[[-79.16267,-3.39205],[-79.16249,-3.39206]],[[-79.16249,-3.39206],[-79.16267,-3.39205]],[[-79.16251,-3.49446],[-79.16267,-3.49497]],[[-79.16267,-3.49497],[-79.16251,-3.49446]],[[-79.16093,-3.47253],[-79.16265,-3.47193]],[[-79.16265,-3.47193],[-79.16093,-3.47253]],[[-79.16263,-3.49036],[-79.16236,-3.4908]],[[-79.16236,-3.4908],[-79.16263,-3.49036]],[[-79.16261,-3.41467],[-79.1622,-3.41543]],[[-79.1622,-3.41543],[-79.16261,-3.41467]],[[-79.1626,-3.41187],[-79.16244,-3.41191]],[[-79.16244,-3.41191],[-79.1626,-3.41187]],[[-79.16239,-3.4467],[-79.16251,-3.44673]],[[-79.16251,-3.44673],[-79.16239,-3.4467]],[[-79.16213,-3.49345],[-79.16251,-3.49446]],[[-79.16251,-3.49446],[-79.16213,-3.49345]],[[-79.16249,-3.39206],[-79.16228,-3.39212]],[[-79.16228,-3.39212],[-79.16249,-3.39206]],[[-79.16244,-3.41191],[-79.16235,-3.41198]],[[-79.16235,-3.41198],[-79.16244,-3.41191]],[[-79.16219,-3.41277],[-79.16244,-3.41313]],[[-79.16244,-3.41313],[-79.16219,-3.41277]],[[-79.16224,-3.44664],[-79.16239,-3.4467]],[[-79.16239,-3.4467],[-79.16224,-3.44664]],[[-79.16236,-3.4908],[-79.16202,-3.49136]],[[-79.16202,-3.49136],[-79.16236,-3.4908]],[[-79.16235,-3.41198],[-79.16224,-3.41208]],[[-79.16224,-3.41208],[-79.16235,-3.41198]],[[-79.1613,-3.32157],[-79.1623,-3.3219]],[[-79.1623,-3.3219],[-79.1613,-3.32157]],[[-79.1621,-3.39327],[-79.16229,-3.3934]],[[-79.16229,-3.3934],[-79.1621,-3.39327]],[[-79.16228,-3.39212],[-79.16213,-3.39222]],[[-79.16213,-3.39222],[-79.16228,-3.39212]],[[-79.16227,-3.45384],[-79.16202,-3.4547]],[[-79.16202,-3.4547],[-79.16227,-3.45384]],[[-79.16224,-3.41208],[-79.16217,-3.41219]],[[-79.16217,-3.41219],[-79.16224,-3.41208]],[[-79.16211,-3.44654],[-79.16224,-3.44664]],[[-79.16224,-3.44664],[-79.16211,-3.44654]],[[-79.1622,-3.41543],[-79.16205,-3.41564]],[[-79.16205,-3.41564],[-79.1622,-3.41543]],[[-79.16211,-3.41254],[-79.16219,-3.41277]],[[-79.16219,-3.41277],[-79.16211,-3.41254]],[[-79.16217,-3.41219],[-79.1621,-3.41235]],[[-79.1621,-3.41235],[-79.16217,-3.41219]],[[-79.16213,-3.39222],[-79.16201,-3.39236]],[[-79.16201,-3.39236],[-79.16213,-3.39222]],[[-79.16185,-3.49275],[-79.16213,-3.49345]],[[-79.16213,-3.49345],[-79.16185,-3.49275]],[[-79.16154,-3.44599],[-79.16211,-3.44654]],[[-79.16211,-3.44654],[-79.16154,-3.44599]],[[-79.1621,-3.41235],[-79.16211,-3.41254]],[[-79.16211,-3.41254],[-79.1621,-3.41235]],[[-79.16195,-3.39303],[-79.1621,-3.39327]],[[-79.1621,-3.39327],[-79.16195,-3.39303]],[[-79.16205,-3.41564],[-79.16187,-3.41585]],[[-79.16187,-3.41585],[-79.16205,-3.41564]],[[-79.162,-3.45813],[-79.16202,-3.4585]],[[-79.16202,-3.4585],[-79.162,-3.45813]],[[-79.16202,-3.4585],[-79.16197,-3.45922]],[[-79.16197,-3.45922],[-79.16202,-3.4585]],[[-79.16202,-3.4547],[-79.16181,-3.45533]],[[-79.16181,-3.45533],[-79.16202,-3.4547]],[[-79.16202,-3.49136],[-79.1619,-3.4916]],[[-79.1619,-3.4916],[-79.16202,-3.49136]],[[-79.16201,-3.39236],[-79.16192,-3.39253]],[[-79.16192,-3.39253],[-79.16201,-3.39236]],[[-79.16193,-3.45775],[-79.162,-3.45813]],[[-79.162,-3.45813],[-79.16193,-3.45775]],[[-79.16197,-3.45922],[-79.16197,-3.4593]],[[-79.16197,-3.4593],[-79.16197,-3.45922]],[[-79.16197,-3.4593],[-79.16195,-3.45951]],[[-79.16195,-3.45951],[-79.16197,-3.4593]],[[-79.16195,-3.45951],[-79.16194,-3.45972]],[[-79.16194,-3.45972],[-79.16195,-3.45951]],[[-79.16188,-3.39272],[-79.16195,-3.39303]],[[-79.16195,-3.39303],[-79.16188,-3.39272]],[[-79.16194,-3.45972],[-79.1619,-3.45999]],[[-79.1619,-3.45999],[-79.16194,-3.45972]],[[-79.16171,-3.45646],[-79.16193,-3.45775]],[[-79.16193,-3.45775],[-79.16171,-3.45646]],[[-79.16192,-3.39253],[-79.16188,-3.39272]],[[-79.16188,-3.39272],[-79.16192,-3.39253]],[[-79.1619,-3.4916],[-79.16182,-3.4919]],[[-79.16182,-3.4919],[-79.1619,-3.4916]],[[-79.1619,-3.45999],[-79.16189,-3.46022]],[[-79.16189,-3.46022],[-79.1619,-3.45999]],[[-79.16189,-3.46022],[-79.16187,-3.46059]],[[-79.16187,-3.46059],[-79.16189,-3.46022]],[[-79.16187,-3.46059],[-79.16182,-3.46112]],[[-79.16182,-3.46112],[-79.16187,-3.46059]],[[-79.16187,-3.41585],[-79.16127,-3.41622]],[[-79.16127,-3.41622],[-79.16187,-3.41585]],[[-79.16179,-3.49244],[-79.16185,-3.49275]],[[-79.16185,-3.49275],[-79.16179,-3.49244]],[[-79.16182,-3.46112],[-79.16175,-3.46152]],[[-79.16175,-3.46152],[-79.16182,-3.46112]],[[-79.16182,-3.4919],[-79.16179,-3.49212]],[[-79.16179,-3.49212],[-79.16182,-3.4919]],[[-79.16181,-3.45533],[-79.16172,-3.4557]],[[-79.16172,-3.4557],[-79.16181,-3.45533]],[[-79.16179,-3.49212],[-79.16179,-3.49244]],[[-79.16179,-3.49244],[-79.16179,-3.49212]],[[-79.16175,-3.46152],[-79.16163,-3.46187]],[[-79.16163,-3.46187],[-79.16175,-3.46152]],[[-79.16172,-3.4557],[-79.1617,-3.45598]],[[-79.1617,-3.45598],[-79.16172,-3.4557]],[[-79.16169,-3.45622],[-79.16171,-3.45646]],[[-79.16171,-3.45646],[-79.16169,-3.45622]],[[-79.1617,-3.45598],[-79.16169,-3.45622]],[[-79.16169,-3.45622],[-79.1617,-3.45598]],[[-79.16163,-3.46187],[-79.16137,-3.4625]],[[-79.16137,-3.4625],[-79.16163,-3.46187]],[[-79.16128,-3.44582],[-79.16154,-3.44599]],[[-79.16154,-3.44599],[-79.16128,-3.44582]],[[-79.16137,-3.4625],[-79.16121,-3.46281]],[[-79.16121,-3.46281],[-79.16137,-3.4625]],[[-79.16074,-3.3214],[-79.1613,-3.32157]],[[-79.1613,-3.32157],[-79.16074,-3.3214]],[[-79.16097,-3.44569],[-79.16128,-3.44582]],[[-79.16128,-3.44582],[-79.16097,-3.44569]],[[-79.16127,-3.41622],[-79.16084,-3.4165]],[[-79.16084,-3.4165],[-79.16127,-3.41622]],[[-79.16121,-3.46281],[-79.15959,-3.46607]],[[-79.15959,-3.46607],[-79.16121,-3.46281]],[[-79.16071,-3.4456],[-79.16097,-3.44569]],[[-79.16097,-3.44569],[-79.16071,-3.4456]],[[-79.16065,-3.47265],[-79.16093,-3.47253]],[[-79.16093,-3.47253],[-79.16065,-3.47265]],[[-79.16084,-3.4165],[-79.15963,-3.4173]],[[-79.15963,-3.4173],[-79.16084,-3.4165]],[[-79.16051,-3.32135],[-79.16074,-3.3214]],[[-79.16074,-3.3214],[-79.16051,-3.32135]],[[-79.16038,-3.44555],[-79.16071,-3.4456]],[[-79.16071,-3.4456],[-79.16038,-3.44555]],[[-79.16055,-3.47271],[-79.16065,-3.47265]],[[-79.16065,-3.47265],[-79.16055,-3.47271]],[[-79.16034,-3.47289],[-79.16055,-3.47271]],[[-79.16055,-3.47271],[-79.16034,-3.47289]],[[-79.1602,-3.32131],[-79.16051,-3.32135]],[[-79.16051,-3.32135],[-79.1602,-3.32131]],[[-79.16018,-3.44556],[-79.16038,-3.44555]],[[-79.16038,-3.44555],[-79.16018,-3.44556]],[[-79.15944,-3.47392],[-79.16034,-3.47289]],[[-79.16034,-3.47289],[-79.15944,-3.47392]],[[-79.16025,-3.46964],[-79.16027,-3.46986]],[[-79.16027,-3.46986],[-79.16025,-3.46964]],[[-79.16027,-3.46986],[-79.16026,-3.47001]],[[-79.16026,-3.47001],[-79.16027,-3.46986]],[[-79.16026,-3.47001],[-79.16021,-3.47026]],[[-79.16021,-3.47026],[-79.16026,-3.47001]],[[-79.16022,-3.46942],[-79.16025,-3.46964]],[[-79.16025,-3.46964],[-79.16022,-3.46942]],[[-79.16013,-3.46923],[-79.16022,-3.46942]],[[-79.16022,-3.46942],[-79.16013,-3.46923]],[[-79.16021,-3.47026],[-79.16011,-3.4705]],[[-79.16011,-3.4705],[-79.16021,-3.47026]],[[-79.16,-3.32131],[-79.1602,-3.32131]],[[-79.1602,-3.32131],[-79.16,-3.32131]],[[-79.16001,-3.44559],[-79.16018,-3.44556]],[[-79.16018,-3.44556],[-79.16001,-3.44559]],[[-79.16005,-3.46906],[-79.16013,-3.46923]],[[-79.16013,-3.46923],[-79.16005,-3.46906]],[[-79.16011,-3.4705],[-79.16,-3.47071]],[[-79.16,-3.47071],[-79.16011,-3.4705]],[[-79.15989,-3.46886],[-79.16005,-3.46906]],[[-79.16005,-3.46906],[-79.15989,-3.46886]],[[-79.15943,-3.44575],[-79.16001,-3.44559]],[[-79.16001,-3.44559],[-79.15943,-3.44575]],[[-79.16,-3.47071],[-79.15987,-3.47088]],[[-79.15987,-3.47088],[-79.16,-3.47071]],[[-79.1598,-3.3213],[-79.16,-3.32131]],[[-79.16,-3.32131],[-79.1598,-3.3213]],[[-79.15963,-3.46862],[-79.15989,-3.46886]],[[-79.15989,-3.46886],[-79.15963,-3.46862]],[[-79.15987,-3.47088],[-79.15971,-3.47103]],[[-79.15971,-3.47103],[-79.15987,-3.47088]],[[-79.15925,-3.32136],[-79.1598,-3.3213]],[[-79.1598,-3.3213],[-79.15925,-3.32136]],[[-79.15971,-3.47103],[-79.15904,-3.47155]],[[-79.15904,-3.47155],[-79.15971,-3.47103]],[[-79.15963,-3.4173],[-79.15948,-3.41739]],[[-79.15948,-3.41739],[-79.15963,-3.4173]],[[-79.15939,-3.46842],[-79.15963,-3.46862]],[[-79.15963,-3.46862],[-79.15939,-3.46842]],[[-79.15959,-3.46607],[-79.15922,-3.46682]],[[-79.15922,-3.46682],[-79.15959,-3.46607]],[[-79.15953,-3.43962],[-79.15957,-3.43983]],[[-79.15957,-3.43983],[-79.15953,-3.43962]],[[-79.15957,-3.43983],[-79.15952,-3.44012]],[[-79.15952,-3.44012],[-79.15957,-3.43983]],[[-79.15947,-3.43946],[-79.15953,-3.43962]],[[-79.15953,-3.43962],[-79.15947,-3.43946]],[[-79.15952,-3.44012],[-79.15941,-3.4403]],[[-79.15941,-3.4403],[-79.15952,-3.44012]],[[-79.15949,-3.41471],[-79.15948,-3.41456]],[[-79.15948,-3.41456],[-79.15949,-3.41471]],[[-79.15946,-3.41492],[-79.15949,-3.41471]],[[-79.15949,-3.41471],[-79.15946,-3.41492]],[[-79.15948,-3.41456],[-79.15922,-3.41376]],[[-79.15922,-3.41376],[-79.15948,-3.41456]],[[-79.15948,-3.41739],[-79.15933,-3.41744]],[[-79.15933,-3.41744],[-79.15948,-3.41739]],[[-79.15936,-3.43932],[-79.15947,-3.43946]],[[-79.15947,-3.43946],[-79.15936,-3.43932]],[[-79.15937,-3.4151],[-79.15946,-3.41492]],[[-79.15946,-3.41492],[-79.15937,-3.4151]],[[-79.15929,-3.47405],[-79.15944,-3.47392]],[[-79.15944,-3.47392],[-79.15929,-3.47405]],[[-79.15925,-3.4458],[-79.15943,-3.44575]],[[-79.15943,-3.44575],[-79.15925,-3.4458]],[[-79.15941,-3.4403],[-79.15874,-3.44103]],[[-79.15874,-3.44103],[-79.15941,-3.4403]],[[-79.15923,-3.46828],[-79.15939,-3.46842]],[[-79.15939,-3.46842],[-79.15923,-3.46828]],[[-79.1588,-3.41604],[-79.15937,-3.4151]],[[-79.15937,-3.4151],[-79.1588,-3.41604]],[[-79.15919,-3.4392],[-79.15936,-3.43932]],[[-79.15936,-3.43932],[-79.15919,-3.4392]],[[-79.15933,-3.41744],[-79.15919,-3.41746]],[[-79.15919,-3.41746],[-79.15933,-3.41744]],[[-79.15919,-3.47414],[-79.15929,-3.47405]],[[-79.15929,-3.47405],[-79.15919,-3.47414]],[[-79.15868,-3.32142],[-79.15925,-3.32136]],[[-79.15925,-3.32136],[-79.15868,-3.32142]],[[-79.1591,-3.44583],[-79.15925,-3.4458]],[[-79.15925,-3.4458],[-79.1591,-3.44583]],[[-79.15908,-3.46806],[-79.15923,-3.46828]],[[-79.15923,-3.46828],[-79.15908,-3.46806]],[[-79.15922,-3.41376],[-79.15888,-3.41294]],[[-79.15888,-3.41294],[-79.15922,-3.41376]],[[-79.15922,-3.46682],[-79.15907,-3.46711]],[[-79.15907,-3.46711],[-79.15922,-3.46682]],[[-79.15897,-3.43908],[-79.15919,-3.4392]],[[-79.15919,-3.4392],[-79.15897,-3.43908]],[[-79.15919,-3.41746],[-79.15903,-3.41744]],[[-79.15903,-3.41744],[-79.15919,-3.41746]],[[-79.15899,-3.47422],[-79.15919,-3.47414]],[[-79.15919,-3.47414],[-79.15899,-3.47422]],[[-79.159,-3.44584],[-79.1591,-3.44583]],[[-79.1591,-3.44583],[-79.159,-3.44584]],[[-79.15898,-3.46779],[-79.15908,-3.46806]],[[-79.15908,-3.46806],[-79.15898,-3.46779]],[[-79.15907,-3.46711],[-79.15899,-3.4673]],[[-79.15899,-3.4673],[-79.15907,-3.46711]],[[-79.15904,-3.47155],[-79.1589,-3.47167]],[[-79.1589,-3.47167],[-79.15904,-3.47155]],[[-79.15903,-3.41744],[-79.15888,-3.41739]],[[-79.15888,-3.41739],[-79.15903,-3.41744]],[[-79.15891,-3.44585],[-79.159,-3.44584]],[[-79.159,-3.44584],[-79.15891,-3.44585]],[[-79.15886,-3.47424],[-79.15899,-3.47422]],[[-79.15899,-3.47422],[-79.15886,-3.47424]],[[-79.15899,-3.4673],[-79.15896,-3.4675]],[[-79.15896,-3.4675],[-79.15899,-3.4673]],[[-79.15896,-3.4675],[-79.15898,-3.46779]],[[-79.15898,-3.46779],[-79.15896,-3.4675]],[[-79.15788,-3.43849],[-79.15897,-3.43908]],[[-79.15897,-3.43908],[-79.15788,-3.43849]],[[-79.15879,-3.44584],[-79.15891,-3.44585]],[[-79.15891,-3.44585],[-79.15879,-3.44584]],[[-79.1589,-3.47167],[-79.15882,-3.47178]],[[-79.15882,-3.47178],[-79.1589,-3.47167]],[[-79.15888,-3.41739],[-79.15873,-3.41729]],[[-79.15873,-3.41729],[-79.15888,-3.41739]],[[-79.15888,-3.41294],[-79.1588,-3.41283]],[[-79.1588,-3.41283],[-79.15888,-3.41294]],[[-79.15871,-3.47424],[-79.15886,-3.47424]],[[-79.15886,-3.47424],[-79.15871,-3.47424]],[[-79.15882,-3.47178],[-79.15869,-3.47193]],[[-79.15869,-3.47193],[-79.15882,-3.47178]],[[-79.15856,-3.41645],[-79.1588,-3.41604]],[[-79.1588,-3.41604],[-79.15856,-3.41645]],[[-79.1588,-3.41283],[-79.15869,-3.41275]],[[-79.15869,-3.41275],[-79.1588,-3.41283]],[[-79.15869,-3.44583],[-79.15879,-3.44584]],[[-79.15879,-3.44584],[-79.15869,-3.44583]],[[-79.15874,-3.44103],[-79.15818,-3.44181]],[[-79.15818,-3.44181],[-79.15874,-3.44103]],[[-79.15873,-3.41729],[-79.15861,-3.41716]],[[-79.15861,-3.41716],[-79.15873,-3.41729]],[[-79.15858,-3.47418],[-79.15871,-3.47424]],[[-79.15871,-3.47424],[-79.15858,-3.47418]],[[-79.15869,-3.47193],[-79.15855,-3.47223]],[[-79.15855,-3.47223],[-79.15869,-3.47193]],[[-79.15869,-3.41275],[-79.15853,-3.4127]],[[-79.15853,-3.4127],[-79.15869,-3.41275]],[[-79.15858,-3.44581],[-79.15869,-3.44583]],[[-79.15869,-3.44583],[-79.15858,-3.44581]],[[-79.15836,-3.32146],[-79.15868,-3.32142]],[[-79.15868,-3.32142],[-79.15836,-3.32146]],[[-79.15861,-3.41716],[-79.15852,-3.417]],[[-79.15852,-3.417],[-79.15861,-3.41716]],[[-79.15847,-3.47412],[-79.15858,-3.47418]],[[-79.15858,-3.47418],[-79.15847,-3.47412]],[[-79.15828,-3.44577],[-79.15858,-3.44581]],[[-79.15858,-3.44581],[-79.15828,-3.44577]],[[-79.15849,-3.41665],[-79.15856,-3.41645]],[[-79.15856,-3.41645],[-79.15849,-3.41665]],[[-79.15855,-3.47223],[-79.15841,-3.47264]],[[-79.15841,-3.47264],[-79.15855,-3.47223]],[[-79.15853,-3.4127],[-79.15843,-3.41268]],[[-79.15843,-3.41268],[-79.15853,-3.4127]],[[-79.15852,-3.417],[-79.15849,-3.41686]],[[-79.15849,-3.41686],[-79.15852,-3.417]],[[-79.15849,-3.41686],[-79.15849,-3.41665]],[[-79.15849,-3.41665],[-79.15849,-3.41686]],[[-79.15833,-3.47401],[-79.15847,-3.47412]],[[-79.15847,-3.47412],[-79.15833,-3.47401]],[[-79.15843,-3.41268],[-79.15831,-3.41269]],[[-79.15831,-3.41269],[-79.15843,-3.41268]],[[-79.15841,-3.47264],[-79.15825,-3.4732]],[[-79.15825,-3.4732],[-79.15841,-3.47264]],[[-79.15801,-3.32147],[-79.15836,-3.32146]],[[-79.15836,-3.32146],[-79.15801,-3.32147]],[[-79.15823,-3.47381],[-79.15833,-3.47401]],[[-79.15833,-3.47401],[-79.15823,-3.47381]],[[-79.15831,-3.41269],[-79.15818,-3.41272]],[[-79.15818,-3.41272],[-79.15831,-3.41269]],[[-79.15789,-3.4457],[-79.15828,-3.44577]],[[-79.15828,-3.44577],[-79.15789,-3.4457]],[[-79.15825,-3.4732],[-79.1582,-3.47343]],[[-79.1582,-3.47343],[-79.15825,-3.4732]],[[-79.15819,-3.47364],[-79.15823,-3.47381]],[[-79.15823,-3.47381],[-79.15819,-3.47364]],[[-79.1582,-3.47343],[-79.15819,-3.47364]],[[-79.15819,-3.47364],[-79.1582,-3.47343]],[[-79.15818,-3.41272],[-79.15815,-3.41273]],[[-79.15815,-3.41273],[-79.15818,-3.41272]],[[-79.15818,-3.44181],[-79.15758,-3.44257]],[[-79.15758,-3.44257],[-79.15818,-3.44181]],[[-79.15815,-3.41273],[-79.15703,-3.41312]],[[-79.15703,-3.41312],[-79.15815,-3.41273]],[[-79.15765,-3.32143],[-79.15801,-3.32147]],[[-79.15801,-3.32147],[-79.15765,-3.32143]],[[-79.15732,-3.44563],[-79.15789,-3.4457]],[[-79.15789,-3.4457],[-79.15732,-3.44563]],[[-79.1569,-3.43802],[-79.15788,-3.43849]],[[-79.15788,-3.43849],[-79.1569,-3.43802]],[[-79.15738,-3.32138],[-79.15765,-3.32143]],[[-79.15765,-3.32143],[-79.15738,-3.32138]],[[-79.15758,-3.44257],[-79.15739,-3.44284]],[[-79.15739,-3.44284],[-79.15758,-3.44257]],[[-79.15739,-3.44284],[-79.15718,-3.44331]],[[-79.15718,-3.44331],[-79.15739,-3.44284]],[[-79.1569,-3.32123],[-79.15738,-3.32138]],[[-79.15738,-3.32138],[-79.1569,-3.32123]],[[-79.15714,-3.44556],[-79.15732,-3.44563]],[[-79.15732,-3.44563],[-79.15714,-3.44556]],[[-79.15718,-3.44331],[-79.157,-3.44379]],[[-79.157,-3.44379],[-79.15718,-3.44331]],[[-79.15699,-3.44549],[-79.15714,-3.44556]],[[-79.15714,-3.44556],[-79.15699,-3.44549]],[[-79.15703,-3.41312],[-79.15677,-3.41321]],[[-79.15677,-3.41321],[-79.15703,-3.41312]],[[-79.157,-3.44379],[-79.15669,-3.44469]],[[-79.15669,-3.44469],[-79.157,-3.44379]],[[-79.15684,-3.44535],[-79.15699,-3.44549]],[[-79.15699,-3.44549],[-79.15684,-3.44535]],[[-79.15647,-3.32104],[-79.1569,-3.32123]],[[-79.1569,-3.32123],[-79.15647,-3.32104]],[[-79.15667,-3.43792],[-79.1569,-3.43802]],[[-79.1569,-3.43802],[-79.15667,-3.43792]],[[-79.15673,-3.44517],[-79.15684,-3.44535]],[[-79.15684,-3.44535],[-79.15673,-3.44517]],[[-79.15677,-3.41321],[-79.1551,-3.41381]],[[-79.1551,-3.41381],[-79.15677,-3.41321]],[[-79.15668,-3.44497],[-79.15673,-3.44517]],[[-79.15673,-3.44517],[-79.15668,-3.44497]],[[-79.15669,-3.44469],[-79.15668,-3.44497]],[[-79.15668,-3.44497],[-79.15669,-3.44469]],[[-79.15617,-3.43771],[-79.15667,-3.43792]],[[-79.15667,-3.43792],[-79.15617,-3.43771]],[[-79.15652,-3.42957],[-79.15655,-3.42991]],[[-79.15655,-3.42991],[-79.15652,-3.42957]],[[-79.15655,-3.42991],[-79.15617,-3.43141]],[[-79.15617,-3.43141],[-79.15655,-3.42991]],[[-79.15648,-3.42935],[-79.15652,-3.42957]],[[-79.15652,-3.42957],[-79.15648,-3.42935]],[[-79.15642,-3.42912],[-79.15648,-3.42935]],[[-79.15648,-3.42935],[-79.15642,-3.42912]],[[-79.15607,-3.32079],[-79.15647,-3.32104]],[[-79.15647,-3.32104],[-79.15607,-3.32079]],[[-79.15631,-3.42889],[-79.15642,-3.42912]],[[-79.15642,-3.42912],[-79.15631,-3.42889]],[[-79.15614,-3.42862],[-79.15631,-3.42889]],[[-79.15631,-3.42889],[-79.15614,-3.42862]],[[-79.15594,-3.43759],[-79.15617,-3.43771]],[[-79.15617,-3.43771],[-79.15594,-3.43759]],[[-79.15617,-3.43141],[-79.15595,-3.43217]],[[-79.15595,-3.43217],[-79.15617,-3.43141]],[[-79.15598,-3.42839],[-79.15614,-3.42862]],[[-79.15614,-3.42862],[-79.15598,-3.42839]],[[-79.15574,-3.32051],[-79.15607,-3.32079]],[[-79.15607,-3.32079],[-79.15574,-3.32051]],[[-79.1539,-3.42571],[-79.15598,-3.42839]],[[-79.15598,-3.42839],[-79.1539,-3.42571]],[[-79.15595,-3.43217],[-79.15577,-3.43283]],[[-79.15577,-3.43283],[-79.15595,-3.43217]],[[-79.15576,-3.43746],[-79.15594,-3.43759]],[[-79.15594,-3.43759],[-79.15576,-3.43746]],[[-79.15577,-3.43283],[-79.15572,-3.43319]],[[-79.15572,-3.43319],[-79.15577,-3.43283]],[[-79.15565,-3.4373],[-79.15576,-3.43746]],[[-79.15576,-3.43746],[-79.15565,-3.4373]],[[-79.15548,-3.32025],[-79.15574,-3.32051]],[[-79.15574,-3.32051],[-79.15548,-3.32025]],[[-79.1557,-3.43366],[-79.15573,-3.43451]],[[-79.15573,-3.43451],[-79.1557,-3.43366]],[[-79.15573,-3.43451],[-79.1557,-3.43529]],[[-79.1557,-3.43529],[-79.15573,-3.43451]],[[-79.15572,-3.43319],[-79.1557,-3.43366]],[[-79.1557,-3.43366],[-79.15572,-3.43319]],[[-79.1557,-3.43529],[-79.15567,-3.43553]],[[-79.15567,-3.43553],[-79.1557,-3.43529]],[[-79.15567,-3.43553],[-79.15551,-3.43675]],[[-79.15551,-3.43675],[-79.15567,-3.43553]],[[-79.15557,-3.43715],[-79.15565,-3.4373]],[[-79.15565,-3.4373],[-79.15557,-3.43715]],[[-79.15552,-3.43696],[-79.15557,-3.43715]],[[-79.15557,-3.43715],[-79.15552,-3.43696]],[[-79.15551,-3.43675],[-79.15552,-3.43696]],[[-79.15552,-3.43696],[-79.15551,-3.43675]],[[-79.15526,-3.31997],[-79.15548,-3.32025]],[[-79.15548,-3.32025],[-79.15526,-3.31997]],[[-79.15507,-3.31969],[-79.15526,-3.31997]],[[-79.15526,-3.31997],[-79.15507,-3.31969]],[[-79.1551,-3.41381],[-79.15497,-3.41383]],[[-79.15497,-3.41383],[-79.1551,-3.41381]],[[-79.15492,-3.31942],[-79.15507,-3.31969]],[[-79.15507,-3.31969],[-79.15492,-3.31942]],[[-79.15497,-3.41383],[-79.15483,-3.41386]],[[-79.15483,-3.41386],[-79.15497,-3.41383]],[[-79.15366,-3.31727],[-79.15492,-3.31942]],[[-79.15492,-3.31942],[-79.15366,-3.31727]],[[-79.15483,-3.41386],[-79.15457,-3.41385]],[[-79.15457,-3.41385],[-79.15483,-3.41386]],[[-79.15457,-3.41385],[-79.15418,-3.41375]],[[-79.15418,-3.41375],[-79.15457,-3.41385]],[[-79.15418,-3.41375],[-79.1541,-3.4137]],[[-79.1541,-3.4137],[-79.15418,-3.41375]],[[-79.1541,-3.4137],[-79.15279,-3.41283]],[[-79.15279,-3.41283],[-79.1541,-3.4137]],[[-79.15319,-3.42478],[-79.1539,-3.42571]],[[-79.1539,-3.42571],[-79.15319,-3.42478]],[[-79.15333,-3.31671],[-79.15366,-3.31727]],[[-79.15366,-3.31727],[-79.15333,-3.31671]],[[-79.15239,-3.31509],[-79.15333,-3.31671]],[[-79.15333,-3.31671],[-79.15239,-3.31509]],[[-79.15182,-3.423],[-79.15319,-3.42478]],[[-79.15319,-3.42478],[-79.15182,-3.423]],[[-79.15304,-3.31229],[-79.15307,-3.31254]],[[-79.15307,-3.31254],[-79.15304,-3.31229]],[[-79.15307,-3.31254],[-79.15305,-3.31284]],[[-79.15305,-3.31284],[-79.15307,-3.31254]],[[-79.15305,-3.31284],[-79.15297,-3.31326]],[[-79.15297,-3.31326],[-79.15305,-3.31284]],[[-79.15274,-3.31046],[-79.15304,-3.31229]],[[-79.15304,-3.31229],[-79.15274,-3.31046]],[[-79.15297,-3.31326],[-79.15288,-3.31353]],[[-79.15288,-3.31353],[-79.15297,-3.31326]],[[-79.15288,-3.31353],[-79.15243,-3.31446]],[[-79.15243,-3.31446],[-79.15288,-3.31353]],[[-79.15277,-3.30733],[-79.15281,-3.30767]],[[-79.15281,-3.30767],[-79.15277,-3.30733]],[[-79.15281,-3.30767],[-79.15269,-3.30993]],[[-79.15269,-3.30993],[-79.15281,-3.30767]],[[-79.15279,-3.41283],[-79.15145,-3.41191]],[[-79.15145,-3.41191],[-79.15279,-3.41283]],[[-79.1527,-3.30708],[-79.15277,-3.30733]],[[-79.15277,-3.30733],[-79.1527,-3.30708]],[[-79.15269,-3.30993],[-79.15274,-3.31046]],[[-79.15274,-3.31046],[-79.15269,-3.30993]],[[-79.15258,-3.30686],[-79.1527,-3.30708]],[[-79.1527,-3.30708],[-79.15258,-3.30686]],[[-79.15184,-3.30586],[-79.15258,-3.30686]],[[-79.15258,-3.30686],[-79.15184,-3.30586]],[[-79.15243,-3.31446],[-79.15236,-3.31466]],[[-79.15236,-3.31466],[-79.15243,-3.31446]],[[-79.15236,-3.31498],[-79.15239,-3.31509]],[[-79.15239,-3.31509],[-79.15236,-3.31498]],[[-79.15236,-3.31466],[-79.15235,-3.31486]],[[-79.15235,-3.31486],[-79.15236,-3.31466]],[[-79.15235,-3.31486],[-79.15236,-3.31498]],[[-79.15236,-3.31498],[-79.15235,-3.31486]],[[-79.15171,-3.30558],[-79.15184,-3.30586]],[[-79.15184,-3.30586],[-79.15171,-3.30558]],[[-79.15168,-3.42276],[-79.15182,-3.423]],[[-79.15182,-3.423],[-79.15168,-3.42276]],[[-79.15139,-3.30457],[-79.15171,-3.30558]],[[-79.15171,-3.30558],[-79.15139,-3.30457]],[[-79.15151,-3.42244],[-79.15168,-3.42276]],[[-79.15168,-3.42276],[-79.15151,-3.42244]],[[-79.15134,-3.42196],[-79.15151,-3.42244]],[[-79.15151,-3.42244],[-79.15134,-3.42196]],[[-79.15145,-3.41191],[-79.15114,-3.41164]],[[-79.15114,-3.41164],[-79.15145,-3.41191]],[[-79.15122,-3.30436],[-79.15139,-3.30457]],[[-79.15139,-3.30457],[-79.15122,-3.30436]],[[-79.15114,-3.4215],[-79.15134,-3.42196]],[[-79.15134,-3.42196],[-79.15114,-3.4215]],[[-79.15104,-3.30423],[-79.15122,-3.30436]],[[-79.15122,-3.30436],[-79.15104,-3.30423]],[[-79.15114,-3.41164],[-79.15097,-3.41142]],[[-79.15097,-3.41142],[-79.15114,-3.41164]],[[-79.15102,-3.42135],[-79.15114,-3.4215]],[[-79.15114,-3.4215],[-79.15102,-3.42135]],[[-79.15084,-3.30418],[-79.15104,-3.30423]],[[-79.15104,-3.30423],[-79.15084,-3.30418]],[[-79.1509,-3.42126],[-79.15102,-3.42135]],[[-79.15102,-3.42135],[-79.1509,-3.42126]],[[-79.15097,-3.41142],[-79.15081,-3.41106]],[[-79.15081,-3.41106],[-79.15097,-3.41142]],[[-79.15073,-3.42112],[-79.1509,-3.42126]],[[-79.1509,-3.42126],[-79.15073,-3.42112]],[[-79.15055,-3.30418],[-79.15084,-3.30418]],[[-79.15084,-3.30418],[-79.15055,-3.30418]],[[-79.15081,-3.41106],[-79.15065,-3.41072]],[[-79.15065,-3.41072],[-79.15081,-3.41106]],[[-79.1501,-3.42082],[-79.15073,-3.42112]],[[-79.15073,-3.42112],[-79.1501,-3.42082]],[[-79.15065,-3.41072],[-79.15054,-3.4105]],[[-79.15054,-3.4105],[-79.15065,-3.41072]],[[-79.15036,-3.30427],[-79.15055,-3.30418]],[[-79.15055,-3.30418],[-79.15036,-3.30427]],[[-79.15054,-3.4105],[-79.1504,-3.41031]],[[-79.1504,-3.41031],[-79.15054,-3.4105]],[[-79.1504,-3.41031],[-79.15023,-3.41016]],[[-79.15023,-3.41016],[-79.1504,-3.41031]],[[-79.15017,-3.30442],[-79.15036,-3.30427]],[[-79.15036,-3.30427],[-79.15017,-3.30442]],[[-79.15023,-3.41016],[-79.15019,-3.41014]],[[-79.15019,-3.41014],[-79.15023,-3.41016]],[[-79.15019,-3.41014],[-79.15005,-3.41007]],[[-79.15005,-3.41007],[-79.15019,-3.41014]],[[-79.14986,-3.30485],[-79.15017,-3.30442]],[[-79.15017,-3.30442],[-79.14986,-3.30485]],[[-79.14992,-3.42071],[-79.1501,-3.42082]],[[-79.1501,-3.42082],[-79.14992,-3.42071]],[[-79.15005,-3.41007],[-79.14997,-3.41003]],[[-79.14997,-3.41003],[-79.15005,-3.41007]],[[-79.14997,-3.41003],[-79.14992,-3.41001]],[[-79.14992,-3.41001],[-79.14997,-3.41003]],[[-79.14992,-3.41001],[-79.14978,-3.40999]],[[-79.14978,-3.40999],[-79.14992,-3.41001]],[[-79.14976,-3.42055],[-79.14992,-3.42071]],[[-79.14992,-3.42071],[-79.14976,-3.42055]],[[-79.14968,-3.30511],[-79.14986,-3.30485]],[[-79.14986,-3.30485],[-79.14968,-3.30511]],[[-79.14978,-3.40999],[-79.14969,-3.40997]],[[-79.14969,-3.40997],[-79.14978,-3.40999]],[[-79.14967,-3.4204],[-79.14976,-3.42055]],[[-79.14976,-3.42055],[-79.14967,-3.4204]],[[-79.14969,-3.40997],[-79.14952,-3.40996]],[[-79.14952,-3.40996],[-79.14969,-3.40997]],[[-79.14947,-3.30536],[-79.14968,-3.30511]],[[-79.14968,-3.30511],[-79.14947,-3.30536]],[[-79.14962,-3.42022],[-79.14967,-3.4204]],[[-79.14967,-3.4204],[-79.14962,-3.42022]],[[-79.14949,-3.41939],[-79.14962,-3.42022]],[[-79.14962,-3.42022],[-79.14949,-3.41939]],[[-79.14952,-3.40996],[-79.14935,-3.40998]],[[-79.14935,-3.40998],[-79.14952,-3.40996]],[[-79.14942,-3.41913],[-79.14949,-3.41939]],[[-79.14949,-3.41939],[-79.14942,-3.41913]],[[-79.14925,-3.30551],[-79.14947,-3.30536]],[[-79.14947,-3.30536],[-79.14925,-3.30551]],[[-79.14934,-3.41898],[-79.14942,-3.41913]],[[-79.14942,-3.41913],[-79.14934,-3.41898]],[[-79.14935,-3.40998],[-79.1491,-3.41005]],[[-79.1491,-3.41005],[-79.14935,-3.40998]],[[-79.14923,-3.41878],[-79.14934,-3.41898]],[[-79.14934,-3.41898],[-79.14923,-3.41878]],[[-79.14906,-3.30559],[-79.14925,-3.30551]],[[-79.14925,-3.30551],[-79.14906,-3.30559]],[[-79.14906,-3.41855],[-79.14923,-3.41878]],[[-79.14923,-3.41878],[-79.14906,-3.41855]],[[-79.1491,-3.41005],[-79.14844,-3.41038]],[[-79.14844,-3.41038],[-79.1491,-3.41005]],[[-79.1487,-3.41808],[-79.14906,-3.41855]],[[-79.14906,-3.41855],[-79.1487,-3.41808]],[[-79.14785,-3.30596],[-79.14906,-3.30559]],[[-79.14906,-3.30559],[-79.14785,-3.30596]],[[-79.14821,-3.41756],[-79.1487,-3.41808]],[[-79.1487,-3.41808],[-79.14821,-3.41756]],[[-79.14844,-3.41038],[-79.14836,-3.41042]],[[-79.14836,-3.41042],[-79.14844,-3.41038]],[[-79.14836,-3.41042],[-79.14747,-3.41088]],[[-79.14747,-3.41088],[-79.14836,-3.41042]],[[-79.14767,-3.41706],[-79.14821,-3.41756]],[[-79.14821,-3.41756],[-79.14767,-3.41706]],[[-79.14788,-3.41526],[-79.14789,-3.41536]],[[-79.14789,-3.41536],[-79.14788,-3.41526]],[[-79.14789,-3.41536],[-79.14788,-3.41556]],[[-79.14788,-3.41556],[-79.14789,-3.41536]],[[-79.14788,-3.41556],[-79.14755,-3.41635]],[[-79.14755,-3.41635],[-79.14788,-3.41556]],[[-79.14783,-3.41515],[-79.14788,-3.41526]],[[-79.14788,-3.41526],[-79.14783,-3.41515]],[[-79.14765,-3.30605],[-79.14785,-3.30596]],[[-79.14785,-3.30596],[-79.14765,-3.30605]],[[-79.14774,-3.415],[-79.14783,-3.41515]],[[-79.14783,-3.41515],[-79.14774,-3.415]],[[-79.14738,-3.41463],[-79.14774,-3.415]],[[-79.14774,-3.415],[-79.14738,-3.41463]],[[-79.14758,-3.41692],[-79.14767,-3.41706]],[[-79.14767,-3.41706],[-79.14758,-3.41692]],[[-79.14749,-3.30619],[-79.14765,-3.30605]],[[-79.14765,-3.30605],[-79.14749,-3.30619]],[[-79.14752,-3.41681],[-79.14758,-3.41692]],[[-79.14758,-3.41692],[-79.14752,-3.41681]],[[-79.14755,-3.41635],[-79.14751,-3.41652]],[[-79.14751,-3.41652],[-79.14755,-3.41635]],[[-79.14751,-3.41667],[-79.14752,-3.41681]],[[-79.14752,-3.41681],[-79.14751,-3.41667]],[[-79.14751,-3.41652],[-79.14751,-3.41667]],[[-79.14751,-3.41667],[-79.14751,-3.41652]],[[-79.14722,-3.30649],[-79.14749,-3.30619]],[[-79.14749,-3.30619],[-79.14722,-3.30649]],[[-79.14747,-3.41088],[-79.1474,-3.41094]],[[-79.1474,-3.41094],[-79.14747,-3.41088]],[[-79.1474,-3.41094],[-79.14736,-3.41098]],[[-79.14736,-3.41098],[-79.1474,-3.41094]],[[-79.14719,-3.4144],[-79.14738,-3.41463]],[[-79.14738,-3.41463],[-79.14719,-3.4144]],[[-79.14733,-3.4126],[-79.14736,-3.41278]],[[-79.14736,-3.41278],[-79.14733,-3.4126]],[[-79.14736,-3.41278],[-79.14736,-3.41293]],[[-79.14736,-3.41293],[-79.14736,-3.41278]],[[-79.14736,-3.41293],[-79.14725,-3.41337]],[[-79.14725,-3.41337],[-79.14736,-3.41293]],[[-79.14736,-3.41098],[-79.14728,-3.41108]],[[-79.14728,-3.41108],[-79.14736,-3.41098]],[[-79.14713,-3.4117],[-79.14733,-3.4126]],[[-79.14733,-3.4126],[-79.14713,-3.4117]],[[-79.14728,-3.41108],[-79.1472,-3.4112]],[[-79.1472,-3.4112],[-79.14728,-3.41108]],[[-79.14725,-3.41337],[-79.14709,-3.41387]],[[-79.14709,-3.41387],[-79.14725,-3.41337]],[[-79.1462,-3.30835],[-79.14722,-3.30649]],[[-79.14722,-3.30649],[-79.1462,-3.30835]],[[-79.1472,-3.4112],[-79.14715,-3.41135]],[[-79.14715,-3.41135],[-79.1472,-3.4112]],[[-79.14711,-3.41423],[-79.14719,-3.4144]],[[-79.14719,-3.4144],[-79.14711,-3.41423]],[[-79.14715,-3.41135],[-79.14713,-3.4115]],[[-79.14713,-3.4115],[-79.14715,-3.41135]],[[-79.14713,-3.4115],[-79.14713,-3.4117]],[[-79.14713,-3.4117],[-79.14713,-3.4115]],[[-79.14709,-3.41407],[-79.14711,-3.41423]],[[-79.14711,-3.41423],[-79.14709,-3.41407]],[[-79.14709,-3.41387],[-79.14709,-3.41407]],[[-79.14709,-3.41407],[-79.14709,-3.41387]],[[-79.14601,-3.30857],[-79.1462,-3.30835]],[[-79.1462,-3.30835],[-79.14601,-3.30857]],[[-79.14587,-3.30869],[-79.14601,-3.30857]],[[-79.14601,-3.30857],[-79.14587,-3.30869]],[[-79.14568,-3.3088],[-79.14587,-3.30869]],[[-79.14587,-3.30869],[-79.14568,-3.3088]],[[-79.14537,-3.3089],[-79.14568,-3.3088]],[[-79.14568,-3.3088],[-79.14537,-3.3089]],[[-79.14365,-3.3092],[-79.14537,-3.3089]],[[-79.14537,-3.3089],[-79.14365,-3.3092]],[[-79.14344,-3.30931],[-79.14365,-3.3092]],[[-79.14365,-3.3092],[-79.14344,-3.30931]],[[-79.14325,-3.30948],[-79.14344,-3.30931]],[[-79.14344,-3.30931],[-79.14325,-3.30948]],[[-79.14284,-3.31011],[-79.14325,-3.30948]],[[-79.14325,-3.30948],[-79.14284,-3.31011]],[[-79.14265,-3.31028],[-79.14284,-3.31011]],[[-79.14284,-3.31011],[-79.14265,-3.31028]],[[-79.14244,-3.31035],[-79.14265,-3.31028]],[[-79.14265,-3.31028],[-79.14244,-3.31035]],[[-79.14229,-3.31036],[-79.14244,-3.31035]],[[-79.14244,-3.31035],[-79.14229,-3.31036]],[[-79.14215,-3.31032],[-79.14229,-3.31036]],[[-79.14229,-3.31036],[-79.14215,-3.31032]],[[-79.142,-3.31024],[-79.14215,-3.31032]],[[-79.14215,-3.31032],[-79.142,-3.31024]],[[-79.14114,-3.30936],[-79.142,-3.31024]],[[-79.142,-3.31024],[-79.14114,-3.30936]],[[-79.14092,-3.30924],[-79.14114,-3.30936]],[[-79.14114,-3.30936],[-79.14092,-3.30924]],[[-79.14068,-3.30916],[-79.14092,-3.30924]],[[-79.14092,-3.30924],[-79.14068,-3.30916]],[[-79.1404,-3.30915],[-79.14068,-3.30916]],[[-79.14068,-3.30916],[-79.1404,-3.30915]],[[-79.13865,-3.30934],[-79.1404,-3.30915]],[[-79.1404,-3.30915],[-79.13865,-3.30934]],[[-79.13844,-3.30942],[-79.13865,-3.30934]],[[-79.13865,-3.30934],[-79.13844,-3.30942]],[[-79.13825,-3.30957],[-79.13844,-3.30942]],[[-79.13844,-3.30942],[-79.13825,-3.30957]],[[-79.13814,-3.30974],[-79.13825,-3.30957]],[[-79.13825,-3.30957],[-79.13814,-3.30974]],[[-79.13804,-3.31009],[-79.13814,-3.30974]],[[-79.13814,-3.30974],[-79.13804,-3.31009]],[[-79.13792,-3.31078],[-79.13804,-3.31009]],[[-79.13804,-3.31009],[-79.13792,-3.31078]],[[-79.13784,-3.31095],[-79.13792,-3.31078]],[[-79.13792,-3.31078],[-79.13784,-3.31095]],[[-79.13774,-3.31108],[-79.13784,-3.31095]],[[-79.13784,-3.31095],[-79.13774,-3.31108]],[[-79.13765,-3.31116],[-79.13774,-3.31108]],[[-79.13774,-3.31108],[-79.13765,-3.31116]],[[-79.13747,-3.31125],[-79.13765,-3.31116]],[[-79.13765,-3.31116],[-79.13747,-3.31125]],[[-79.13602,-3.312],[-79.13747,-3.31125]],[[-79.13747,-3.31125],[-79.13602,-3.312]],[[-79.13581,-3.31206],[-79.13602,-3.312]],[[-79.13602,-3.312],[-79.13581,-3.31206]],[[-79.13569,-3.31208],[-79.13581,-3.31206]],[[-79.13581,-3.31206],[-79.13569,-3.31208]],[[-79.13551,-3.31208],[-79.13569,-3.31208]],[[-79.13569,-3.31208],[-79.13551,-3.31208]],[[-79.13534,-3.31203],[-79.13551,-3.31208]],[[-79.13551,-3.31208],[-79.13534,-3.31203]],[[-79.13522,-3.31198],[-79.13534,-3.31203]],[[-79.13534,-3.31203],[-79.13522,-3.31198]],[[-79.13506,-3.31187],[-79.13522,-3.31198]],[[-79.13522,-3.31198],[-79.13506,-3.31187]],[[-79.13428,-3.31112],[-79.13506,-3.31187]],[[-79.13506,-3.31187],[-79.13428,-3.31112]],[[-79.13403,-3.31092],[-79.13428,-3.31112]],[[-79.13428,-3.31112],[-79.13403,-3.31092]],[[-79.13389,-3.31083],[-79.13403,-3.31092]],[[-79.13403,-3.31092],[-79.13389,-3.31083]],[[-79.13375,-3.31078],[-79.13389,-3.31083]],[[-79.13389,-3.31083],[-79.13375,-3.31078]],[[-79.13354,-3.31074],[-79.13375,-3.31078]],[[-79.13375,-3.31078],[-79.13354,-3.31074]],[[-79.13223,-3.31054],[-79.13354,-3.31074]],[[-79.13354,-3.31074],[-79.13223,-3.31054]],[[-79.13202,-3.31043],[-79.13223,-3.31054]],[[-79.13223,-3.31054],[-79.13202,-3.31043]],[[-79.13181,-3.31024],[-79.13202,-3.31043]],[[-79.13202,-3.31043],[-79.13181,-3.31024]],[[-79.13171,-3.31013],[-79.13181,-3.31024]],[[-79.13181,-3.31024],[-79.13171,-3.31013]],[[-79.13162,-3.30996],[-79.13171,-3.31013]],[[-79.13171,-3.31013],[-79.13162,-3.30996]],[[-79.13153,-3.3097],[-79.13162,-3.30996]],[[-79.13162,-3.30996],[-79.13153,-3.3097]],[[-79.13151,-3.30943],[-79.13153,-3.3097]],[[-79.13153,-3.3097],[-79.13151,-3.30943]],[[-79.13143,-3.30847],[-79.13151,-3.30943]],[[-79.13151,-3.30943],[-79.13143,-3.30847]],[[-79.13139,-3.30825],[-79.13143,-3.30847]],[[-79.13143,-3.30847],[-79.13139,-3.30825]],[[-79.1313,-3.30801],[-79.13139,-3.30825]],[[-79.13139,-3.30825],[-79.1313,-3.30801]],[[-79.13114,-3.30779],[-79.1313,-3.30801]],[[-79.1313,-3.30801],[-79.13114,-3.30779]],[[-79.13097,-3.30763],[-79.13114,-3.30779]],[[-79.13114,-3.30779],[-79.13097,-3.30763]],[[-79.13074,-3.30751],[-79.13097,-3.30763]],[[-79.13097,-3.30763],[-79.13074,-3.30751]],[[-79.13056,-3.30746],[-79.13074,-3.30751]],[[-79.13074,-3.30751],[-79.13056,-3.30746]],[[-79.13034,-3.30744],[-79.13056,-3.30746]],[[-79.13056,-3.30746],[-79.13034,-3.30744]],[[-79.13003,-3.30746],[-79.13034,-3.30744]],[[-79.13034,-3.30744],[-79.13003,-3.30746]],[[-79.12827,-3.30764],[-79.13003,-3.30746]],[[-79.13003,-3.30746],[-79.12827,-3.30764]],[[-79.12745,-3.30767],[-79.12827,-3.30764]],[[-79.12827,-3.30764],[-79.12745,-3.30767]],[[-79.12634,-3.30761],[-79.12745,-3.30767]],[[-79.12745,-3.30767],[-79.12634,-3.30761]],[[-79.12608,-3.30763],[-79.12634,-3.30761]],[[-79.12634,-3.30761],[-79.12608,-3.30763]],[[-79.12587,-3.3077],[-79.12608,-3.30763]],[[-79.12608,-3.30763],[-79.12587,-3.3077]],[[-79.12564,-3.30783],[-79.12587,-3.3077]],[[-79.12587,-3.3077],[-79.12564,-3.30783]],[[-79.12544,-3.30801],[-79.12564,-3.30783]],[[-79.12564,-3.30783],[-79.12544,-3.30801]],[[-79.12533,-3.30819],[-79.12544,-3.30801]],[[-79.12544,-3.30801],[-79.12533,-3.30819]],[[-79.12536,-3.31002],[-79.12521,-3.30877]],[[-79.12521,-3.30877],[-79.12536,-3.31002]],[[-79.12535,-3.31023],[-79.12536,-3.31002]],[[-79.12536,-3.31002],[-79.12535,-3.31023]],[[-79.12533,-3.31036],[-79.12535,-3.31023]],[[-79.12535,-3.31023],[-79.12533,-3.31036]],[[-79.12528,-3.31053],[-79.12533,-3.31036]],[[-79.12533,-3.31036],[-79.12528,-3.31053]],[[-79.12523,-3.30848],[-79.12533,-3.30819]],[[-79.12533,-3.30819],[-79.12523,-3.30848]],[[-79.12519,-3.31073],[-79.12528,-3.31053]],[[-79.12528,-3.31053],[-79.12519,-3.31073]],[[-79.12521,-3.30877],[-79.12523,-3.30848]],[[-79.12523,-3.30848],[-79.12521,-3.30877]],[[-79.12507,-3.31088],[-79.12519,-3.31073]],[[-79.12519,-3.31073],[-79.12507,-3.31088]],[[-79.12491,-3.31101],[-79.12507,-3.31088]],[[-79.12507,-3.31088],[-79.12491,-3.31101]],[[-79.12472,-3.31112],[-79.12491,-3.31101]],[[-79.12491,-3.31101],[-79.12472,-3.31112]],[[-79.12451,-3.31119],[-79.12472,-3.31112]],[[-79.12472,-3.31112],[-79.12451,-3.31119]],[[-79.12288,-3.31151],[-79.12451,-3.31119]],[[-79.12451,-3.31119],[-79.12288,-3.31151]],[[-79.12235,-3.31161],[-79.12288,-3.31151]],[[-79.12288,-3.31151],[-79.12235,-3.31161]],[[-79.12202,-3.31163],[-79.12235,-3.31161]],[[-79.12235,-3.31161],[-79.12202,-3.31163]],[[-79.12187,-3.31162],[-79.12202,-3.31163]],[[-79.12202,-3.31163],[-79.12187,-3.31162]],[[-79.12164,-3.31157],[-79.12187,-3.31162]],[[-79.12187,-3.31162],[-79.12164,-3.31157]],[[-79.12148,-3.31151],[-79.12164,-3.31157]],[[-79.12164,-3.31157],[-79.12148,-3.31151]],[[-79.12038,-3.31104],[-79.12148,-3.31151]],[[-79.12148,-3.31151],[-79.12038,-3.31104]],[[-79.12011,-3.31087],[-79.12038,-3.31104]],[[-79.12038,-3.31104],[-79.12011,-3.31087]],[[-79.11995,-3.31073],[-79.12011,-3.31087]],[[-79.12011,-3.31087],[-79.11995,-3.31073]],[[-79.11977,-3.31054],[-79.11995,-3.31073]],[[-79.11995,-3.31073],[-79.11977,-3.31054]],[[-79.1196,-3.31032],[-79.11977,-3.31054]],[[-79.11977,-3.31054],[-79.1196,-3.31032]],[[-79.11852,-3.30887],[-79.1196,-3.31032]],[[-79.1196,-3.31032],[-79.11852,-3.30887]],[[-79.11827,-3.30863],[-79.11852,-3.30887]],[[-79.11852,-3.30887],[-79.11827,-3.30863]],[[-79.11802,-3.30847],[-79.11827,-3.30863]],[[-79.11827,-3.30863],[-79.11802,-3.30847]],[[-79.11639,-3.30763],[-79.11802,-3.30847]],[[-79.11802,-3.30847],[-79.11639,-3.30763]],[[-79.1169,-3.30452],[-79.11691,-3.30477]],[[-79.11691,-3.30477],[-79.1169,-3.30452]],[[-79.11691,-3.30477],[-79.11688,-3.305]],[[-79.11688,-3.305],[-79.11691,-3.30477]],[[-79.1165,-3.30322],[-79.1169,-3.30452]],[[-79.1169,-3.30452],[-79.1165,-3.30322]],[[-79.11688,-3.305],[-79.11683,-3.30511]],[[-79.11683,-3.30511],[-79.11688,-3.305]],[[-79.11683,-3.30511],[-79.11676,-3.30525]],[[-79.11676,-3.30525],[-79.11683,-3.30511]],[[-79.11676,-3.30525],[-79.1165,-3.3056]],[[-79.1165,-3.3056],[-79.11676,-3.30525]],[[-79.11642,-3.30304],[-79.1165,-3.30322]],[[-79.1165,-3.30322],[-79.11642,-3.30304]],[[-79.1165,-3.3056],[-79.11616,-3.30601]],[[-79.11616,-3.30601],[-79.1165,-3.3056]],[[-79.1163,-3.30276],[-79.11642,-3.30304]],[[-79.11642,-3.30304],[-79.1163,-3.30276]],[[-79.1161,-3.30733],[-79.11639,-3.30763]],[[-79.11639,-3.30763],[-79.1161,-3.30733]],[[-79.1161,-3.30244],[-79.1163,-3.30276]],[[-79.1163,-3.30276],[-79.1161,-3.30244]],[[-79.11616,-3.30601],[-79.11604,-3.3062]],[[-79.11604,-3.3062],[-79.11616,-3.30601]],[[-79.11586,-3.30217],[-79.1161,-3.30244]],[[-79.1161,-3.30244],[-79.11586,-3.30217]],[[-79.11604,-3.30725],[-79.1161,-3.30733]],[[-79.1161,-3.30733],[-79.11604,-3.30725]],[[-79.11597,-3.30706],[-79.11604,-3.30725]],[[-79.11604,-3.30725],[-79.11597,-3.30706]],[[-79.11604,-3.3062],[-79.11601,-3.30624]],[[-79.11601,-3.30624],[-79.11604,-3.3062]],[[-79.11601,-3.30624],[-79.11597,-3.30633]],[[-79.11597,-3.30633],[-79.11601,-3.30624]],[[-79.11597,-3.30633],[-79.11593,-3.30654]],[[-79.11593,-3.30654],[-79.11597,-3.30633]],[[-79.11591,-3.30682],[-79.11597,-3.30706]],[[-79.11597,-3.30706],[-79.11591,-3.30682]],[[-79.11593,-3.30654],[-79.11591,-3.30682]],[[-79.11591,-3.30682],[-79.11593,-3.30654]],[[-79.11579,-3.3021],[-79.11586,-3.30217]],[[-79.11586,-3.30217],[-79.11579,-3.3021]],[[-79.11549,-3.30184],[-79.11579,-3.3021]],[[-79.11579,-3.3021],[-79.11549,-3.30184]],[[-79.11512,-3.30162],[-79.11549,-3.30184]],[[-79.11549,-3.30184],[-79.11512,-3.30162]],[[-79.11473,-3.30146],[-79.11512,-3.30162]],[[-79.11512,-3.30162],[-79.11473,-3.30146]],[[-79.11348,-3.30123],[-79.11473,-3.30146]],[[-79.11473,-3.30146],[-79.11348,-3.30123]],[[-79.11315,-3.30108],[-79.11348,-3.30123]],[[-79.11348,-3.30123],[-79.11315,-3.30108]],[[-79.11293,-3.30094],[-79.11315,-3.30108]],[[-79.11315,-3.30108],[-79.11293,-3.30094]],[[-79.1127,-3.30075],[-79.11293,-3.30094]],[[-79.11293,-3.30094],[-79.1127,-3.30075]],[[-79.11154,-3.29928],[-79.1127,-3.30075]],[[-79.1127,-3.30075],[-79.11154,-3.29928]],[[-79.11134,-3.29902],[-79.11154,-3.29928]],[[-79.11154,-3.29928],[-79.11134,-3.29902]],[[-79.10822,-3.29559],[-79.11134,-3.29902]],[[-79.11134,-3.29902],[-79.10822,-3.29559]],[[-79.10801,-3.29528],[-79.10822,-3.29559]],[[-79.10822,-3.29559],[-79.10801,-3.29528]],[[-79.10788,-3.29492],[-79.10801,-3.29528]],[[-79.10801,-3.29528],[-79.10788,-3.29492]],[[-79.10777,-3.2942],[-79.10788,-3.29492]],[[-79.10788,-3.29492],[-79.10777,-3.2942]],[[-79.10769,-3.29378],[-79.10777,-3.2942]],[[-79.10777,-3.2942],[-79.10769,-3.29378]],[[-79.10761,-3.29354],[-79.10769,-3.29378]],[[-79.10769,-3.29378],[-79.10761,-3.29354]],[[-79.10733,-3.29322],[-79.10761,-3.29354]],[[-79.10761,-3.29354],[-79.10733,-3.29322]],[[-79.10731,-3.2932],[-79.10733,-3.29322]],[[-79.10733,-3.29322],[-79.10731,-3.2932]],[[-79.10717,-3.29306],[-79.10731,-3.2932]],[[-79.10731,-3.2932],[-79.10717,-3.29306]],[[-79.10378,-3.29049],[-79.10717,-3.29306]],[[-79.10717,-3.29306],[-79.10378,-3.29049]],[[-79.10086,-3.28767],[-79.10378,-3.29049]],[[-79.10378,-3.29049],[-79.10086,-3.28767]],[[-79.1006,-3.28745],[-79.10086,-3.28767]],[[-79.10086,-3.28767],[-79.1006,-3.28745]],[[-79.10034,-3.28731],[-79.1006,-3.28745]],[[-79.1006,-3.28745],[-79.10034,-3.28731]],[[-79.09918,-3.28682],[-79.10034,-3.28731]],[[-79.10034,-3.28731],[-79.09918,-3.28682]],[[-79.099,-3.28671],[-79.09918,-3.28682]],[[-79.09918,-3.28682],[-79.099,-3.28671]],[[-79.09882,-3.28658],[-79.099,-3.28671]],[[-79.099,-3.28671],[-79.09882,-3.28658]],[[-79.09859,-3.28639],[-79.09882,-3.28658]],[[-79.09882,-3.28658],[-79.09859,-3.28639]],[[-79.09709,-3.28482],[-79.09859,-3.28639]],[[-79.09859,-3.28639],[-79.09709,-3.28482]],[[-79.09637,-3.28373],[-79.09709,-3.28482]],[[-79.09709,-3.28482],[-79.09637,-3.28373]],[[-79.09597,-3.2834],[-79.09637,-3.28373]],[[-79.09637,-3.28373],[-79.09597,-3.2834]],[[-79.0943,-3.28264],[-79.09597,-3.2834]],[[-79.09597,-3.2834],[-79.0943,-3.28264]],[[-79.09401,-3.28244],[-79.0943,-3.28264]],[[-79.0943,-3.28264],[-79.09401,-3.28244]],[[-79.09373,-3.28221],[-79.09401,-3.28244]],[[-79.09401,-3.28244],[-79.09373,-3.28221]],[[-79.09327,-3.28157],[-79.09373,-3.28221]],[[-79.09373,-3.28221],[-79.09327,-3.28157]],[[-79.09316,-3.28137],[-79.09327,-3.28157]],[[-79.09327,-3.28157],[-79.09316,-3.28137]],[[-79.09207,-3.27931],[-79.09316,-3.28137]],[[-79.09316,-3.28137],[-79.09207,-3.27931]],[[-79.09182,-3.27906],[-79.09207,-3.27931]],[[-79.09207,-3.27931],[-79.09182,-3.27906]],[[-79.09156,-3.27891],[-79.09182,-3.27906]],[[-79.09182,-3.27906],[-79.09156,-3.27891]],[[-79.09035,-3.27841],[-79.09156,-3.27891]],[[-79.09156,-3.27891],[-79.09035,-3.27841]],[[-79.09025,-3.27837],[-79.09035,-3.27841]],[[-79.09035,-3.27841],[-79.09025,-3.27837]],[[-79.08946,-3.27808],[-79.09025,-3.27837]],[[-79.09025,-3.27837],[-79.08946,-3.27808]],[[-79.08915,-3.27803],[-79.08946,-3.27808]],[[-79.08946,-3.27808],[-79.08915,-3.27803]],[[-79.08886,-3.27803],[-79.08915,-3.27803]],[[-79.08915,-3.27803],[-79.08886,-3.27803]],[[-79.08813,-3.27811],[-79.08886,-3.27803]],[[-79.08886,-3.27803],[-79.08813,-3.27811]],[[-79.08793,-3.27811],[-79.08813,-3.27811]],[[-79.08813,-3.27811],[-79.08793,-3.27811]],[[-79.08767,-3.27804],[-79.08793,-3.27811]],[[-79.08793,-3.27811],[-79.08767,-3.27804]],[[-79.08749,-3.27794],[-79.08767,-3.27804]],[[-79.08767,-3.27804],[-79.08749,-3.27794]],[[-79.08729,-3.27776],[-79.08749,-3.27794]],[[-79.08749,-3.27794],[-79.08729,-3.27776]],[[-79.08707,-3.27748],[-79.08729,-3.27776]],[[-79.08729,-3.27776],[-79.08707,-3.27748]],[[-79.08581,-3.27572],[-79.08707,-3.27748]],[[-79.08707,-3.27748],[-79.08581,-3.27572]],[[-79.08546,-3.27537],[-79.08581,-3.27572]],[[-79.08581,-3.27572],[-79.08546,-3.27537]],[[-79.08526,-3.27521],[-79.08546,-3.27537]],[[-79.08546,-3.27537],[-79.08526,-3.27521]],[[-79.0846,-3.27471],[-79.08526,-3.27521]],[[-79.08526,-3.27521],[-79.0846,-3.27471]],[[-79.0844,-3.2746],[-79.0846,-3.27471]],[[-79.0846,-3.27471],[-79.0844,-3.2746]],[[-79.08416,-3.27449],[-79.0844,-3.2746]],[[-79.0844,-3.2746],[-79.08416,-3.27449]],[[-79.08397,-3.27445],[-79.08416,-3.27449]],[[-79.08416,-3.27449],[-79.08397,-3.27445]],[[-79.08375,-3.27442],[-79.08397,-3.27445]],[[-79.08397,-3.27445],[-79.08375,-3.27442]],[[-79.08359,-3.27443],[-79.08375,-3.27442]],[[-79.08375,-3.27442],[-79.08359,-3.27443]],[[-79.08344,-3.27445],[-79.08359,-3.27443]],[[-79.08359,-3.27443],[-79.08344,-3.27445]],[[-79.08318,-3.27453],[-79.08344,-3.27445]],[[-79.08344,-3.27445],[-79.08318,-3.27453]],[[-79.08299,-3.27462],[-79.08318,-3.27453]],[[-79.08318,-3.27453],[-79.08299,-3.27462]],[[-79.08244,-3.275],[-79.08299,-3.27462]],[[-79.08299,-3.27462],[-79.08244,-3.275]],[[-79.08216,-3.27516],[-79.08244,-3.275]],[[-79.08244,-3.275],[-79.08216,-3.27516]],[[-79.08196,-3.27521],[-79.08216,-3.27516]],[[-79.08216,-3.27516],[-79.08196,-3.27521]],[[-79.08173,-3.27521],[-79.08196,-3.27521]],[[-79.08196,-3.27521],[-79.08173,-3.27521]],[[-79.08151,-3.27516],[-79.08173,-3.27521]],[[-79.08173,-3.27521],[-79.08151,-3.27516]],[[-79.08013,-3.27457],[-79.08151,-3.27516]],[[-79.08151,-3.27516],[-79.08013,-3.27457]],[[-79.07964,-3.27444],[-79.08013,-3.27457]],[[-79.08013,-3.27457],[-79.07964,-3.27444]],[[-79.07871,-3.27433],[-79.07964,-3.27444]],[[-79.07964,-3.27444],[-79.07871,-3.27433]],[[-79.07842,-3.27428],[-79.07871,-3.27433]],[[-79.07871,-3.27433],[-79.07842,-3.27428]],[[-79.0785,-3.27182],[-79.07854,-3.27201]],[[-79.07854,-3.27201],[-79.0785,-3.27182]],[[-79.07854,-3.27201],[-79.07852,-3.27217]],[[-79.07852,-3.27217],[-79.07854,-3.27201]],[[-79.07852,-3.27217],[-79.07849,-3.27228]],[[-79.07849,-3.27228],[-79.07852,-3.27217]],[[-79.07841,-3.27162],[-79.0785,-3.27182]],[[-79.0785,-3.27182],[-79.07841,-3.27162]],[[-79.07849,-3.27228],[-79.07844,-3.27239]],[[-79.07844,-3.27239],[-79.07849,-3.27228]],[[-79.07844,-3.27239],[-79.07804,-3.27291]],[[-79.07804,-3.27291],[-79.07844,-3.27239]],[[-79.07817,-3.27413],[-79.07842,-3.27428]],[[-79.07842,-3.27428],[-79.07817,-3.27413]],[[-79.07803,-3.27102],[-79.07841,-3.27162]],[[-79.07841,-3.27162],[-79.07803,-3.27102]],[[-79.07801,-3.27397],[-79.07817,-3.27413]],[[-79.07817,-3.27413],[-79.07801,-3.27397]],[[-79.07804,-3.27291],[-79.07792,-3.27311]],[[-79.07792,-3.27311],[-79.07804,-3.27291]],[[-79.0779,-3.27072],[-79.07803,-3.27102]],[[-79.07803,-3.27102],[-79.0779,-3.27072]],[[-79.07792,-3.27379],[-79.07801,-3.27397]],[[-79.07801,-3.27397],[-79.07792,-3.27379]],[[-79.07791,-3.26911],[-79.07793,-3.26939]],[[-79.07793,-3.26939],[-79.07791,-3.26911]],[[-79.07793,-3.26939],[-79.07785,-3.27024]],[[-79.07785,-3.27024],[-79.07793,-3.26939]],[[-79.07792,-3.27311],[-79.07787,-3.2733]],[[-79.07787,-3.2733],[-79.07792,-3.27311]],[[-79.07787,-3.27365],[-79.07792,-3.27379]],[[-79.07792,-3.27379],[-79.07787,-3.27365]],[[-79.07785,-3.26891],[-79.07791,-3.26911]],[[-79.07791,-3.26911],[-79.07785,-3.26891]],[[-79.07785,-3.27042],[-79.0779,-3.27072]],[[-79.0779,-3.27072],[-79.07785,-3.27042]],[[-79.07785,-3.27348],[-79.07787,-3.27365]],[[-79.07787,-3.27365],[-79.07785,-3.27348]],[[-79.07787,-3.2733],[-79.07785,-3.27348]],[[-79.07785,-3.27348],[-79.07787,-3.2733]],[[-79.07773,-3.26868],[-79.07785,-3.26891]],[[-79.07785,-3.26891],[-79.07773,-3.26868]],[[-79.07785,-3.27024],[-79.07785,-3.27042]],[[-79.07785,-3.27042],[-79.07785,-3.27024]],[[-79.07771,-3.26864],[-79.07773,-3.26868]],[[-79.07773,-3.26868],[-79.07771,-3.26864]],[[-79.07761,-3.26849],[-79.07771,-3.26864]],[[-79.07771,-3.26864],[-79.07761,-3.26849]],[[-79.07737,-3.26825],[-79.07761,-3.26849]],[[-79.07761,-3.26849],[-79.07737,-3.26825]],[[-79.07632,-3.26736],[-79.07737,-3.26825]],[[-79.07737,-3.26825],[-79.07632,-3.26736]],[[-79.07609,-3.26717],[-79.07632,-3.26736]],[[-79.07632,-3.26736],[-79.07609,-3.26717]],[[-79.07599,-3.2671],[-79.07609,-3.26717]],[[-79.07609,-3.26717],[-79.07599,-3.2671]],[[-79.07518,-3.26641],[-79.07599,-3.2671]],[[-79.07599,-3.2671],[-79.07518,-3.26641]],[[-79.07316,-3.26472],[-79.07518,-3.26641]],[[-79.07518,-3.26641],[-79.07316,-3.26472]],[[-79.07305,-3.26462],[-79.07316,-3.26472]],[[-79.07316,-3.26472],[-79.07305,-3.26462]],[[-79.07286,-3.26439],[-79.07305,-3.26462]],[[-79.07305,-3.26462],[-79.07286,-3.26439]],[[-79.07269,-3.26412],[-79.07286,-3.26439]],[[-79.07286,-3.26439],[-79.07269,-3.26412]],[[-79.07261,-3.26396],[-79.07269,-3.26412]],[[-79.07269,-3.26412],[-79.07261,-3.26396]],[[-79.0725,-3.26368],[-79.07261,-3.26396]],[[-79.07261,-3.26396],[-79.0725,-3.26368]],[[-79.07257,-3.26087],[-79.07258,-3.26112]],[[-79.07258,-3.26112],[-79.07257,-3.26087]],[[-79.07258,-3.26112],[-79.07242,-3.26286]],[[-79.07242,-3.26286],[-79.07258,-3.26112]],[[-79.07254,-3.26064],[-79.07257,-3.26087]],[[-79.07257,-3.26087],[-79.07254,-3.26064]],[[-79.07244,-3.26037],[-79.07254,-3.26064]],[[-79.07254,-3.26064],[-79.07244,-3.26037]],[[-79.07246,-3.26347],[-79.0725,-3.26368]],[[-79.0725,-3.26368],[-79.07246,-3.26347]],[[-79.07242,-3.26322],[-79.07246,-3.26347]],[[-79.07246,-3.26347],[-79.07242,-3.26322]],[[-79.072,-3.25947],[-79.07244,-3.26037]],[[-79.07244,-3.26037],[-79.072,-3.25947]],[[-79.07241,-3.26307],[-79.07242,-3.26322]],[[-79.07242,-3.26322],[-79.07241,-3.26307]],[[-79.07242,-3.26286],[-79.07241,-3.26307]],[[-79.07241,-3.26307],[-79.07242,-3.26286]],[[-79.07049,-3.25657],[-79.072,-3.25947]],[[-79.072,-3.25947],[-79.07049,-3.25657]],[[-79.07021,-3.25615],[-79.07049,-3.25657]],[[-79.07049,-3.25657],[-79.07021,-3.25615]],[[-79.06998,-3.25591],[-79.07021,-3.25615]],[[-79.07021,-3.25615],[-79.06998,-3.25591]],[[-79.06924,-3.25532],[-79.06998,-3.25591]],[[-79.06998,-3.25591],[-79.06924,-3.25532]],[[-79.06908,-3.25515],[-79.06924,-3.25532]],[[-79.06924,-3.25532],[-79.06908,-3.25515]],[[-79.06895,-3.25497],[-79.06908,-3.25515]],[[-79.06908,-3.25515],[-79.06895,-3.25497]],[[-79.06887,-3.25476],[-79.06895,-3.25497]],[[-79.06895,-3.25497],[-79.06887,-3.25476]],[[-79.06894,-3.25318],[-79.06894,-3.25338]],[[-79.06894,-3.25338],[-79.06894,-3.25318]],[[-79.06894,-3.25338],[-79.06884,-3.25429]],[[-79.06884,-3.25429],[-79.06894,-3.25338]],[[-79.06892,-3.2531],[-79.06894,-3.25318]],[[-79.06894,-3.25318],[-79.06892,-3.2531]],[[-79.0689,-3.25297],[-79.06892,-3.2531]],[[-79.06892,-3.2531],[-79.0689,-3.25297]],[[-79.06881,-3.25277],[-79.0689,-3.25297]],[[-79.0689,-3.25297],[-79.06881,-3.25277]],[[-79.06884,-3.2545],[-79.06887,-3.25476]],[[-79.06887,-3.25476],[-79.06884,-3.2545]],[[-79.06884,-3.25429],[-79.06884,-3.2545]],[[-79.06884,-3.2545],[-79.06884,-3.25429]],[[-79.06865,-3.25253],[-79.06881,-3.25277]],[[-79.06881,-3.25277],[-79.06865,-3.25253]],[[-79.0685,-3.25237],[-79.06865,-3.25253]],[[-79.06865,-3.25253],[-79.0685,-3.25237]],[[-79.0663,-3.25072],[-79.0685,-3.25237]],[[-79.0685,-3.25237],[-79.0663,-3.25072]],[[-79.06428,-3.24913],[-79.0663,-3.25072]],[[-79.0663,-3.25072],[-79.06428,-3.24913]],[[-79.06409,-3.24892],[-79.06428,-3.24913]],[[-79.06428,-3.24913],[-79.06409,-3.24892]],[[-79.064,-3.24877],[-79.06409,-3.24892]],[[-79.06409,-3.24892],[-79.064,-3.24877]],[[-79.06386,-3.24855],[-79.064,-3.24877]],[[-79.064,-3.24877],[-79.06386,-3.24855]],[[-79.06313,-3.24713],[-79.06386,-3.24855]],[[-79.06386,-3.24855],[-79.06313,-3.24713]],[[-79.06302,-3.24701],[-79.06313,-3.24713]],[[-79.06313,-3.24713],[-79.06302,-3.24701]],[[-79.06288,-3.24688],[-79.06302,-3.24701]],[[-79.06302,-3.24701],[-79.06288,-3.24688]],[[-79.06274,-3.24679],[-79.06288,-3.24688]],[[-79.06288,-3.24688],[-79.06274,-3.24679]],[[-79.06257,-3.24674],[-79.06274,-3.24679]],[[-79.06274,-3.24679],[-79.06257,-3.24674]],[[-79.0624,-3.2467],[-79.06257,-3.24674]],[[-79.06257,-3.24674],[-79.0624,-3.2467]],[[-79.0615,-3.24667],[-79.0624,-3.2467]],[[-79.0624,-3.2467],[-79.0615,-3.24667]],[[-79.06003,-3.2466],[-79.0615,-3.24667]],[[-79.0615,-3.24667],[-79.06003,-3.2466]],[[-79.05986,-3.24658],[-79.06003,-3.2466]],[[-79.06003,-3.2466],[-79.05986,-3.24658]],[[-79.05969,-3.24653],[-79.05986,-3.24658]],[[-79.05986,-3.24658],[-79.05969,-3.24653]],[[-79.0594,-3.24638],[-79.05969,-3.24653]],[[-79.05969,-3.24653],[-79.0594,-3.24638]],[[-79.05926,-3.24625],[-79.0594,-3.24638]],[[-79.0594,-3.24638],[-79.05926,-3.24625]],[[-79.05916,-3.24612],[-79.05926,-3.24625]],[[-79.05926,-3.24625],[-79.05916,-3.24612]],[[-79.05907,-3.24598],[-79.05916,-3.24612]],[[-79.05916,-3.24612],[-79.05907,-3.24598]],[[-79.05815,-3.24368],[-79.05907,-3.24598]],[[-79.05907,-3.24598],[-79.05815,-3.24368]],[[-79.05808,-3.24348],[-79.05815,-3.24368]],[[-79.05815,-3.24368],[-79.05808,-3.24348]],[[-79.05804,-3.24331],[-79.05808,-3.24348]],[[-79.05808,-3.24348],[-79.05804,-3.24331]],[[-79.05802,-3.24312],[-79.05804,-3.24331]],[[-79.05804,-3.24331],[-79.05802,-3.24312]],[[-79.05801,-3.24122],[-79.05802,-3.24312]],[[-79.05802,-3.24312],[-79.05801,-3.24122]],[[-79.05795,-3.24092],[-79.05801,-3.24122]],[[-79.05801,-3.24122],[-79.05795,-3.24092]],[[-79.05783,-3.24059],[-79.05795,-3.24092]],[[-79.05795,-3.24092],[-79.05783,-3.24059]],[[-79.05755,-3.24023],[-79.05783,-3.24059]],[[-79.05783,-3.24059],[-79.05755,-3.24023]],[[-79.05732,-3.24002],[-79.05755,-3.24023]],[[-79.05755,-3.24023],[-79.05732,-3.24002]],[[-79.05704,-3.23987],[-79.05732,-3.24002]],[[-79.05732,-3.24002],[-79.05704,-3.23987]],[[-79.05664,-3.23972],[-79.05704,-3.23987]],[[-79.05704,-3.23987],[-79.05664,-3.23972]],[[-79.0543,-3.23904],[-79.05664,-3.23972]],[[-79.05664,-3.23972],[-79.0543,-3.23904]],[[-79.05331,-3.23898],[-79.0543,-3.23904]],[[-79.0543,-3.23904],[-79.05331,-3.23898]],[[-79.05305,-3.2389],[-79.05331,-3.23898]],[[-79.05331,-3.23898],[-79.05305,-3.2389]],[[-79.05282,-3.23879],[-79.05305,-3.2389]],[[-79.05305,-3.2389],[-79.05282,-3.23879]],[[-79.05267,-3.23867],[-79.05282,-3.23879]],[[-79.05282,-3.23879],[-79.05267,-3.23867]],[[-79.0525,-3.2385],[-79.05267,-3.23867]],[[-79.05267,-3.23867],[-79.0525,-3.2385]],[[-79.0524,-3.23836],[-79.0525,-3.2385]],[[-79.0525,-3.2385],[-79.0524,-3.23836]],[[-79.05238,-3.23591],[-79.0524,-3.23606]],[[-79.0524,-3.23606],[-79.05238,-3.23591]],[[-79.0524,-3.23606],[-79.05225,-3.23753]],[[-79.05225,-3.23753],[-79.0524,-3.23606]],[[-79.05228,-3.23806],[-79.0524,-3.23836]],[[-79.0524,-3.23836],[-79.05228,-3.23806]],[[-79.05232,-3.23576],[-79.05238,-3.23591]],[[-79.05238,-3.23591],[-79.05232,-3.23576]],[[-79.05218,-3.23559],[-79.05232,-3.23576]],[[-79.05232,-3.23576],[-79.05218,-3.23559]],[[-79.05224,-3.23779],[-79.05228,-3.23806]],[[-79.05228,-3.23806],[-79.05224,-3.23779]],[[-79.05225,-3.23753],[-79.05224,-3.23779]],[[-79.05224,-3.23779],[-79.05225,-3.23753]],[[-79.05208,-3.23548],[-79.05218,-3.23559]],[[-79.05218,-3.23559],[-79.05208,-3.23548]],[[-79.05085,-3.23448],[-79.05208,-3.23548]],[[-79.05208,-3.23548],[-79.05085,-3.23448]],[[-79.05042,-3.23429],[-79.05085,-3.23448]],[[-79.05085,-3.23448],[-79.05042,-3.23429]],[[-79.05016,-3.23421],[-79.05042,-3.23429]],[[-79.05042,-3.23429],[-79.05016,-3.23421]],[[-79.04963,-3.23409],[-79.05016,-3.23421]],[[-79.05016,-3.23421],[-79.04963,-3.23409]],[[-79.05014,-2.96199],[-79.05014,-2.96209]],[[-79.05014,-2.96209],[-79.05014,-2.96199]],[[-79.05014,-2.96209],[-79.05014,-2.96219]],[[-79.05014,-2.96219],[-79.05014,-2.96209]],[[-79.05013,-2.96193],[-79.05014,-2.96199]],[[-79.05014,-2.96199],[-79.05013,-2.96193]],[[-79.05014,-2.96219],[-79.05012,-2.96227]],[[-79.05012,-2.96227],[-79.05014,-2.96219]],[[-79.05012,-2.96186],[-79.05013,-2.96193]],[[-79.05013,-2.96193],[-79.05012,-2.96186]],[[-79.05012,-2.96227],[-79.05007,-2.96242]],[[-79.05007,-2.96242],[-79.05012,-2.96227]],[[-79.05011,-2.96183],[-79.05012,-2.96186]],[[-79.05012,-2.96186],[-79.05011,-2.96183]],[[-79.05005,-2.96161],[-79.05011,-2.96183]],[[-79.05011,-2.96183],[-79.05005,-2.96161]],[[-79.05007,-2.96242],[-79.04996,-2.96271]],[[-79.04996,-2.96271],[-79.05007,-2.96242]],[[-79.04993,-2.96121],[-79.05005,-2.96161]],[[-79.05005,-2.96161],[-79.04993,-2.96121]],[[-79.04996,-2.96271],[-79.04987,-2.96293]],[[-79.04987,-2.96293],[-79.04996,-2.96271]],[[-79.0499,-2.96111],[-79.04993,-2.96121]],[[-79.04993,-2.96121],[-79.0499,-2.96111]],[[-79.04989,-2.96108],[-79.0499,-2.96111]],[[-79.0499,-2.96111],[-79.04989,-2.96108]],[[-79.04984,-2.96099],[-79.04989,-2.96108]],[[-79.04989,-2.96108],[-79.04984,-2.96099]],[[-79.04987,-2.96293],[-79.04975,-2.96324]],[[-79.04975,-2.96324],[-79.04987,-2.96293]],[[-79.04978,-2.96091],[-79.04984,-2.96099]],[[-79.04984,-2.96099],[-79.04978,-2.96091]],[[-79.04976,-2.9555],[-79.04979,-2.95586]],[[-79.04979,-2.95586],[-79.04976,-2.9555]],[[-79.04979,-2.95586],[-79.04979,-2.95608]],[[-79.04979,-2.95608],[-79.04979,-2.95586]],[[-79.04979,-2.95608],[-79.04977,-2.9563]],[[-79.04977,-2.9563],[-79.04979,-2.95608]],[[-79.04969,-2.96081],[-79.04978,-2.96091]],[[-79.04978,-2.96091],[-79.04969,-2.96081]],[[-79.04977,-2.9563],[-79.04971,-2.95668]],[[-79.04971,-2.95668],[-79.04977,-2.9563]],[[-79.04963,-2.95503],[-79.04976,-2.9555]],[[-79.04976,-2.9555],[-79.04963,-2.95503]],[[-79.04975,-2.96583],[-79.04976,-2.96592]],[[-79.04976,-2.96592],[-79.04975,-2.96583]],[[-79.04976,-2.96592],[-79.04976,-2.96604]],[[-79.04976,-2.96604],[-79.04976,-2.96592]],[[-79.04976,-2.96604],[-79.04972,-2.96661]],[[-79.04972,-2.96661],[-79.04976,-2.96604]],[[-79.04975,-2.96324],[-79.0497,-2.96351]],[[-79.0497,-2.96351],[-79.04975,-2.96324]],[[-79.04974,-2.96576],[-79.04975,-2.96583]],[[-79.04975,-2.96583],[-79.04974,-2.96576]],[[-79.04971,-2.96557],[-79.04974,-2.96576]],[[-79.04974,-2.96576],[-79.04971,-2.96557]],[[-79.04972,-2.96661],[-79.0497,-2.96671]],[[-79.0497,-2.96671],[-79.04972,-2.96661]],[[-79.04969,-2.96539],[-79.04971,-2.96557]],[[-79.04971,-2.96557],[-79.04969,-2.96539]],[[-79.04971,-2.95668],[-79.04959,-2.95728]],[[-79.04959,-2.95728],[-79.04971,-2.95668]],[[-79.0497,-2.96671],[-79.04963,-2.96703]],[[-79.04963,-2.96703],[-79.0497,-2.96671]],[[-79.0497,-2.96351],[-79.04967,-2.96385]],[[-79.04967,-2.96385],[-79.0497,-2.96351]],[[-79.04969,-2.96518],[-79.04969,-2.96539]],[[-79.04969,-2.96539],[-79.04969,-2.96518]],[[-79.04956,-2.96073],[-79.04969,-2.96081]],[[-79.04969,-2.96081],[-79.04956,-2.96073]],[[-79.04967,-2.96445],[-79.04969,-2.96518]],[[-79.04969,-2.96518],[-79.04967,-2.96445]],[[-79.04967,-2.96422],[-79.04967,-2.96445]],[[-79.04967,-2.96445],[-79.04967,-2.96422]],[[-79.04967,-2.96385],[-79.04966,-2.96415]],[[-79.04966,-2.96415],[-79.04967,-2.96385]],[[-79.04966,-2.96415],[-79.04967,-2.96422]],[[-79.04967,-2.96422],[-79.04966,-2.96415]],[[-79.04907,-3.23397],[-79.04963,-3.23409]],[[-79.04963,-3.23409],[-79.04907,-3.23397]],[[-79.04963,-2.96703],[-79.04959,-2.9672]],[[-79.04959,-2.9672],[-79.04963,-2.96703]],[[-79.04952,-2.95453],[-79.04963,-2.95503]],[[-79.04963,-2.95503],[-79.04952,-2.95453]],[[-79.04959,-2.95728],[-79.04954,-2.9575]],[[-79.04954,-2.9575],[-79.04959,-2.95728]],[[-79.04959,-2.9672],[-79.04947,-2.96763]],[[-79.04947,-2.96763],[-79.04959,-2.9672]],[[-79.04942,-2.96065],[-79.04956,-2.96073]],[[-79.04956,-2.96073],[-79.04942,-2.96065]],[[-79.04954,-2.9575],[-79.04951,-2.95758]],[[-79.04951,-2.95758],[-79.04954,-2.9575]],[[-79.04914,-2.9536],[-79.04952,-2.95453]],[[-79.04952,-2.95453],[-79.04914,-2.9536]],[[-79.04951,-2.95758],[-79.04946,-2.95768]],[[-79.04946,-2.95768],[-79.04951,-2.95758]],[[-79.04947,-2.96763],[-79.04927,-2.96818]],[[-79.04927,-2.96818],[-79.04947,-2.96763]],[[-79.04946,-2.95768],[-79.04943,-2.95774]],[[-79.04943,-2.95774],[-79.04946,-2.95768]],[[-79.04943,-2.95774],[-79.04938,-2.95779]],[[-79.04938,-2.95779],[-79.04943,-2.95774]],[[-79.04937,-2.96061],[-79.04942,-2.96065]],[[-79.04942,-2.96065],[-79.04937,-2.96061]],[[-79.04938,-2.95779],[-79.04934,-2.95784]],[[-79.04934,-2.95784],[-79.04938,-2.95779]],[[-79.04892,-2.96037],[-79.04937,-2.96061]],[[-79.04937,-2.96061],[-79.04892,-2.96037]],[[-79.04934,-2.95784],[-79.04931,-2.95788]],[[-79.04931,-2.95788],[-79.04934,-2.95784]],[[-79.04931,-2.95788],[-79.04921,-2.95796]],[[-79.04921,-2.95796],[-79.04931,-2.95788]],[[-79.04927,-2.96818],[-79.04918,-2.9684]],[[-79.04918,-2.9684],[-79.04927,-2.96818]],[[-79.04921,-2.95796],[-79.04892,-2.95817]],[[-79.04892,-2.95817],[-79.04921,-2.95796]],[[-79.04918,-2.9684],[-79.04886,-2.96887]],[[-79.04886,-2.96887],[-79.04918,-2.9684]],[[-79.0489,-2.95313],[-79.04914,-2.9536]],[[-79.04914,-2.9536],[-79.0489,-2.95313]],[[-79.0488,-3.23388],[-79.04907,-3.23397]],[[-79.04907,-3.23397],[-79.0488,-3.23388]],[[-79.04892,-2.95817],[-79.04875,-2.9583]],[[-79.04875,-2.9583],[-79.04892,-2.95817]],[[-79.04875,-2.96024],[-79.04892,-2.96037]],[[-79.04892,-2.96037],[-79.04875,-2.96024]],[[-79.04847,-2.95228],[-79.0489,-2.95313]],[[-79.0489,-2.95313],[-79.04847,-2.95228]],[[-79.04886,-2.96887],[-79.04869,-2.96916]],[[-79.04869,-2.96916],[-79.04886,-2.96887]],[[-79.0486,-3.23377],[-79.0488,-3.23388]],[[-79.0488,-3.23388],[-79.0486,-3.23377]],[[-79.04863,-2.9601],[-79.04875,-2.96024]],[[-79.04875,-2.96024],[-79.04863,-2.9601]],[[-79.04875,-2.9583],[-79.04859,-2.95847]],[[-79.04859,-2.95847],[-79.04875,-2.9583]],[[-79.04869,-2.96916],[-79.04859,-2.96928]],[[-79.04859,-2.96928],[-79.04869,-2.96916]],[[-79.04856,-2.95997],[-79.04863,-2.9601]],[[-79.04863,-2.9601],[-79.04856,-2.95997]],[[-79.04862,-2.98478],[-79.04863,-2.98489]],[[-79.04863,-2.98489],[-79.04862,-2.98478]],[[-79.04863,-2.98489],[-79.04863,-2.98503]],[[-79.04863,-2.98503],[-79.04863,-2.98489]],[[-79.04863,-2.98503],[-79.04861,-2.98509]],[[-79.04861,-2.98509],[-79.04863,-2.98503]],[[-79.04861,-2.9847],[-79.04862,-2.98478]],[[-79.04862,-2.98478],[-79.04861,-2.9847]],[[-79.04861,-2.98509],[-79.0486,-2.98515]],[[-79.0486,-2.98515],[-79.04861,-2.98509]],[[-79.04853,-2.98448],[-79.04861,-2.9847]],[[-79.04861,-2.9847],[-79.04853,-2.98448]],[[-79.0486,-2.98515],[-79.04856,-2.98526]],[[-79.04856,-2.98526],[-79.0486,-2.98515]],[[-79.04842,-3.23357],[-79.0486,-3.23377]],[[-79.0486,-3.23377],[-79.04842,-3.23357]],[[-79.04859,-2.95847],[-79.04854,-2.95854]],[[-79.04854,-2.95854],[-79.04859,-2.95847]],[[-79.04859,-2.96928],[-79.04841,-2.96959]],[[-79.04841,-2.96959],[-79.04859,-2.96928]],[[-79.04856,-2.98526],[-79.04849,-2.98541]],[[-79.04849,-2.98541],[-79.04856,-2.98526]],[[-79.04843,-2.95959],[-79.04856,-2.95997]],[[-79.04856,-2.95997],[-79.04843,-2.95959]],[[-79.04854,-2.95854],[-79.04845,-2.95873]],[[-79.04845,-2.95873],[-79.04854,-2.95854]],[[-79.04842,-2.98418],[-79.04853,-2.98448]],[[-79.04853,-2.98448],[-79.04842,-2.98418]],[[-79.0485,-2.98051],[-79.04852,-2.98064]],[[-79.04852,-2.98064],[-79.0485,-2.98051]],[[-79.04852,-2.98064],[-79.04851,-2.98075]],[[-79.04851,-2.98075],[-79.04852,-2.98064]],[[-79.04851,-2.98075],[-79.04851,-2.98077]],[[-79.04851,-2.98077],[-79.04851,-2.98075]],[[-79.04851,-2.98077],[-79.04851,-2.98084]],[[-79.04851,-2.98084],[-79.04851,-2.98077]],[[-79.04851,-2.98084],[-79.04849,-2.98094]],[[-79.04849,-2.98094],[-79.04851,-2.98084]],[[-79.04846,-2.98038],[-79.0485,-2.98051]],[[-79.0485,-2.98051],[-79.04846,-2.98038]],[[-79.04849,-2.98094],[-79.04846,-2.98103]],[[-79.04846,-2.98103],[-79.04849,-2.98094]],[[-79.04849,-2.98541],[-79.04787,-2.98621]],[[-79.04787,-2.98621],[-79.04849,-2.98541]],[[-79.04788,-2.95122],[-79.04847,-2.95228]],[[-79.04847,-2.95228],[-79.04788,-2.95122]],[[-79.04846,-2.98103],[-79.04841,-2.98125]],[[-79.04841,-2.98125],[-79.04846,-2.98103]],[[-79.04844,-2.98033],[-79.04846,-2.98038]],[[-79.04846,-2.98038],[-79.04844,-2.98033]],[[-79.04845,-2.95873],[-79.04843,-2.95877]],[[-79.04843,-2.95877],[-79.04845,-2.95873]],[[-79.04841,-2.98026],[-79.04844,-2.98033]],[[-79.04844,-2.98033],[-79.04841,-2.98026]],[[-79.04843,-2.95877],[-79.04839,-2.95886]],[[-79.04839,-2.95886],[-79.04843,-2.95877]],[[-79.04837,-2.95937],[-79.04843,-2.95959]],[[-79.04843,-2.95959],[-79.04837,-2.95937]],[[-79.04786,-3.23267],[-79.04842,-3.23357]],[[-79.04842,-3.23357],[-79.04786,-3.23267]],[[-79.04818,-2.9835],[-79.04842,-2.98418]],[[-79.04842,-2.98418],[-79.04818,-2.9835]],[[-79.04835,-2.98017],[-79.04841,-2.98026]],[[-79.04841,-2.98026],[-79.04835,-2.98017]],[[-79.04841,-2.96959],[-79.04825,-2.96988]],[[-79.04825,-2.96988],[-79.04841,-2.96959]],[[-79.04841,-2.98125],[-79.0484,-2.98128]],[[-79.0484,-2.98128],[-79.04841,-2.98125]],[[-79.0484,-2.98128],[-79.04829,-2.98172]],[[-79.04829,-2.98172],[-79.0484,-2.98128]],[[-79.04839,-2.95886],[-79.04838,-2.95897]],[[-79.04838,-2.95897],[-79.04839,-2.95886]],[[-79.04838,-2.95897],[-79.04836,-2.95908]],[[-79.04836,-2.95908],[-79.04838,-2.95897]],[[-79.04837,-2.95929],[-79.04837,-2.95937]],[[-79.04837,-2.95937],[-79.04837,-2.95929]],[[-79.04836,-2.95919],[-79.04837,-2.95929]],[[-79.04837,-2.95929],[-79.04836,-2.95919]],[[-79.04836,-2.95908],[-79.04836,-2.95919]],[[-79.04836,-2.95919],[-79.04836,-2.95908]],[[-79.04826,-2.98009],[-79.04835,-2.98017]],[[-79.04835,-2.98017],[-79.04826,-2.98009]],[[-79.04829,-2.98172],[-79.04811,-2.98237]],[[-79.04811,-2.98237],[-79.04829,-2.98172]],[[-79.04816,-2.97999],[-79.04826,-2.98009]],[[-79.04826,-2.98009],[-79.04816,-2.97999]],[[-79.04825,-2.96988],[-79.04818,-2.97011]],[[-79.04818,-2.97011],[-79.04825,-2.96988]],[[-79.04818,-2.97011],[-79.04814,-2.97032]],[[-79.04814,-2.97032],[-79.04818,-2.97011]],[[-79.0481,-2.98326],[-79.04818,-2.9835]],[[-79.04818,-2.9835],[-79.0481,-2.98326]],[[-79.04795,-2.97988],[-79.04816,-2.97999]],[[-79.04816,-2.97999],[-79.04795,-2.97988]],[[-79.04814,-2.97032],[-79.04805,-2.9706]],[[-79.04805,-2.9706],[-79.04814,-2.97032]],[[-79.04811,-2.98237],[-79.04807,-2.98253]],[[-79.04807,-2.98253],[-79.04811,-2.98237]],[[-79.04805,-2.98301],[-79.0481,-2.98326]],[[-79.0481,-2.98326],[-79.04805,-2.98301]],[[-79.04807,-2.98253],[-79.04804,-2.98279]],[[-79.04804,-2.98279],[-79.04807,-2.98253]],[[-79.04804,-2.98279],[-79.04805,-2.98301]],[[-79.04805,-2.98301],[-79.04804,-2.98279]],[[-79.04805,-2.9706],[-79.04801,-2.97069]],[[-79.04801,-2.97069],[-79.04805,-2.9706]],[[-79.04801,-2.97069],[-79.04796,-2.97078]],[[-79.04796,-2.97078],[-79.04801,-2.97069]],[[-79.04796,-2.97078],[-79.04781,-2.97096]],[[-79.04781,-2.97096],[-79.04796,-2.97078]],[[-79.04741,-2.9796],[-79.04795,-2.97988]],[[-79.04795,-2.97988],[-79.04741,-2.9796]],[[-79.0476,-2.9507],[-79.04788,-2.95122]],[[-79.04788,-2.95122],[-79.0476,-2.9507]],[[-79.04787,-2.98621],[-79.04766,-2.98648]],[[-79.04766,-2.98648],[-79.04787,-2.98621]],[[-79.04721,-3.23154],[-79.04786,-3.23267]],[[-79.04786,-3.23267],[-79.04721,-3.23154]],[[-79.04782,-2.977],[-79.04784,-2.97715]],[[-79.04784,-2.97715],[-79.04782,-2.977]],[[-79.04784,-2.97715],[-79.04783,-2.97731]],[[-79.04783,-2.97731],[-79.04784,-2.97715]],[[-79.04783,-2.97731],[-79.0478,-2.97744]],[[-79.0478,-2.97744],[-79.04783,-2.97731]],[[-79.0478,-2.97685],[-79.04782,-2.977]],[[-79.04782,-2.977],[-79.0478,-2.97685]],[[-79.04781,-2.97096],[-79.0474,-2.9714]],[[-79.0474,-2.9714],[-79.04781,-2.97096]],[[-79.0478,-2.97744],[-79.04774,-2.97763]],[[-79.04774,-2.97763],[-79.0478,-2.97744]],[[-79.04774,-2.97663],[-79.0478,-2.97685]],[[-79.0478,-2.97685],[-79.04774,-2.97663]],[[-79.04749,-2.9758],[-79.04774,-2.97663]],[[-79.04774,-2.97663],[-79.04749,-2.9758]],[[-79.04774,-2.97763],[-79.04773,-2.97765]],[[-79.04773,-2.97765],[-79.04774,-2.97763]],[[-79.04773,-2.97765],[-79.04767,-2.97777]],[[-79.04767,-2.97777],[-79.04773,-2.97765]],[[-79.04767,-2.97777],[-79.04757,-2.97797]],[[-79.04757,-2.97797],[-79.04767,-2.97777]],[[-79.04766,-2.98648],[-79.04748,-2.98671]],[[-79.04748,-2.98671],[-79.04766,-2.98648]],[[-79.04735,-2.95016],[-79.0476,-2.9507]],[[-79.0476,-2.9507],[-79.04735,-2.95016]],[[-79.04757,-2.97797],[-79.04744,-2.97819]],[[-79.04744,-2.97819],[-79.04757,-2.97797]],[[-79.04741,-2.97551],[-79.04749,-2.9758]],[[-79.04749,-2.9758],[-79.04741,-2.97551]],[[-79.04748,-2.98671],[-79.04693,-2.98738]],[[-79.04693,-2.98738],[-79.04748,-2.98671]],[[-79.04744,-2.97819],[-79.04727,-2.97847]],[[-79.04727,-2.97847],[-79.04744,-2.97819]],[[-79.04704,-2.97415],[-79.04741,-2.97551]],[[-79.04741,-2.97551],[-79.04704,-2.97415]],[[-79.04731,-2.97952],[-79.04741,-2.9796]],[[-79.04741,-2.9796],[-79.04731,-2.97952]],[[-79.0474,-2.9714],[-79.04723,-2.97159]],[[-79.04723,-2.97159],[-79.0474,-2.9714]],[[-79.0473,-2.95002],[-79.04735,-2.95016]],[[-79.04735,-2.95016],[-79.0473,-2.95002]],[[-79.04723,-2.97944],[-79.04731,-2.97952]],[[-79.04731,-2.97952],[-79.04723,-2.97944]],[[-79.04726,-2.94987],[-79.0473,-2.95002]],[[-79.0473,-2.95002],[-79.04726,-2.94987]],[[-79.04727,-2.97847],[-79.04719,-2.9786]],[[-79.04719,-2.9786],[-79.04727,-2.97847]],[[-79.04721,-2.94958],[-79.04726,-2.94987]],[[-79.04726,-2.94987],[-79.04721,-2.94958]],[[-79.04718,-2.97935],[-79.04723,-2.97944]],[[-79.04723,-2.97944],[-79.04718,-2.97935]],[[-79.04723,-2.97159],[-79.04698,-2.97187]],[[-79.04698,-2.97187],[-79.04723,-2.97159]],[[-79.04713,-2.94866],[-79.04721,-2.94958]],[[-79.04721,-2.94958],[-79.04713,-2.94866]],[[-79.04686,-3.23109],[-79.04721,-3.23154]],[[-79.04721,-3.23154],[-79.04686,-3.23109]],[[-79.04719,-2.9786],[-79.04713,-2.97874]],[[-79.04713,-2.97874],[-79.04719,-2.9786]],[[-79.04712,-2.97925],[-79.04718,-2.97935]],[[-79.04718,-2.97935],[-79.04712,-2.97925]],[[-79.04713,-2.97874],[-79.0471,-2.97884]],[[-79.0471,-2.97884],[-79.04713,-2.97874]],[[-79.04705,-2.9479],[-79.04713,-2.94866]],[[-79.04713,-2.94866],[-79.04705,-2.9479]],[[-79.04709,-2.97915],[-79.04712,-2.97925]],[[-79.04712,-2.97925],[-79.04709,-2.97915]],[[-79.0471,-2.97884],[-79.04709,-2.97895]],[[-79.04709,-2.97895],[-79.0471,-2.97884]],[[-79.04708,-2.97904],[-79.04709,-2.97915]],[[-79.04709,-2.97915],[-79.04708,-2.97904]],[[-79.04709,-2.97895],[-79.04708,-2.97904]],[[-79.04708,-2.97904],[-79.04709,-2.97895]],[[-79.04702,-2.94771],[-79.04705,-2.9479]],[[-79.04705,-2.9479],[-79.04702,-2.94771]],[[-79.04687,-2.97354],[-79.04704,-2.97415]],[[-79.04704,-2.97415],[-79.04687,-2.97354]],[[-79.04697,-2.9474],[-79.04702,-2.94771]],[[-79.04702,-2.94771],[-79.04697,-2.9474]],[[-79.04698,-2.97187],[-79.04684,-2.97206]],[[-79.04684,-2.97206],[-79.04698,-2.97187]],[[-79.04694,-2.94728],[-79.04697,-2.9474]],[[-79.04697,-2.9474],[-79.04694,-2.94728]],[[-79.04691,-2.93897],[-79.04695,-2.93927]],[[-79.04695,-2.93927],[-79.04691,-2.93897]],[[-79.04695,-2.93927],[-79.04694,-2.93945]],[[-79.04694,-2.93945],[-79.04695,-2.93927]],[[-79.04686,-2.94708],[-79.04694,-2.94728]],[[-79.04694,-2.94728],[-79.04686,-2.94708]],[[-79.04694,-2.93945],[-79.04693,-2.93954]],[[-79.04693,-2.93954],[-79.04694,-2.93945]],[[-79.04693,-2.93954],[-79.04685,-2.93982]],[[-79.04685,-2.93982],[-79.04693,-2.93954]],[[-79.04693,-2.98738],[-79.04681,-2.98753]],[[-79.04681,-2.98753],[-79.04693,-2.98738]],[[-79.04683,-2.93877],[-79.04691,-2.93897]],[[-79.04691,-2.93897],[-79.04683,-2.93877]],[[-79.04673,-2.97303],[-79.04687,-2.97354]],[[-79.04687,-2.97354],[-79.04673,-2.97303]],[[-79.04629,-2.94593],[-79.04686,-2.94708]],[[-79.04686,-2.94708],[-79.04629,-2.94593]],[[-79.04644,-3.23073],[-79.04686,-3.23109]],[[-79.04686,-3.23109],[-79.04644,-3.23073]],[[-79.04685,-2.93982],[-79.04635,-2.94072]],[[-79.04635,-2.94072],[-79.04685,-2.93982]],[[-79.04684,-2.97206],[-79.04676,-2.9722]],[[-79.04676,-2.9722],[-79.04684,-2.97206]],[[-79.04674,-2.93857],[-79.04683,-2.93877]],[[-79.04683,-2.93877],[-79.04674,-2.93857]],[[-79.04681,-2.98753],[-79.04674,-2.98761]],[[-79.04674,-2.98761],[-79.04681,-2.98753]],[[-79.04676,-2.9722],[-79.04669,-2.97239]],[[-79.04669,-2.97239],[-79.04676,-2.9722]],[[-79.04674,-2.98761],[-79.04648,-2.98798]],[[-79.04648,-2.98798],[-79.04674,-2.98761]],[[-79.04658,-2.93815],[-79.04674,-2.93857]],[[-79.04674,-2.93857],[-79.04658,-2.93815]],[[-79.04666,-2.97281],[-79.04673,-2.97303]],[[-79.04673,-2.97303],[-79.04666,-2.97281]],[[-79.04669,-2.99666],[-79.04669,-2.99679]],[[-79.04669,-2.99679],[-79.04669,-2.99666]],[[-79.04669,-2.99679],[-79.04669,-2.99694]],[[-79.04669,-2.99694],[-79.04669,-2.99679]],[[-79.04669,-2.97239],[-79.04665,-2.9726]],[[-79.04665,-2.9726],[-79.04669,-2.97239]],[[-79.04669,-2.99694],[-79.04667,-2.99707]],[[-79.04667,-2.99707],[-79.04669,-2.99694]],[[-79.04668,-2.99658],[-79.04669,-2.99666]],[[-79.04669,-2.99666],[-79.04668,-2.99658]],[[-79.04665,-2.99642],[-79.04668,-2.99658]],[[-79.04668,-2.99658],[-79.04665,-2.99642]],[[-79.04667,-2.99707],[-79.04664,-2.9972]],[[-79.04664,-2.9972],[-79.04667,-2.99707]],[[-79.04665,-2.9726],[-79.04666,-2.97281]],[[-79.04666,-2.97281],[-79.04665,-2.9726]],[[-79.04661,-2.99622],[-79.04665,-2.99642]],[[-79.04665,-2.99642],[-79.04661,-2.99622]],[[-79.04664,-2.9972],[-79.0466,-2.99734]],[[-79.0466,-2.99734],[-79.04664,-2.9972]],[[-79.0466,-2.99614],[-79.04661,-2.99622]],[[-79.04661,-2.99622],[-79.0466,-2.99614]],[[-79.04654,-2.99582],[-79.0466,-2.99614]],[[-79.0466,-2.99614],[-79.04654,-2.99582]],[[-79.0466,-2.99734],[-79.04657,-2.99739]],[[-79.04657,-2.99739],[-79.0466,-2.99734]],[[-79.0464,-2.93769],[-79.04658,-2.93815]],[[-79.04658,-2.93815],[-79.0464,-2.93769]],[[-79.04657,-2.99739],[-79.04654,-2.99745]],[[-79.04654,-2.99745],[-79.04657,-2.99739]],[[-79.04654,-2.99745],[-79.04645,-2.99761]],[[-79.04645,-2.99761],[-79.04654,-2.99745]],[[-79.04635,-2.99493],[-79.04654,-2.99582]],[[-79.04654,-2.99582],[-79.04635,-2.99493]],[[-79.04648,-2.98798],[-79.04645,-2.98803]],[[-79.04645,-2.98803],[-79.04648,-2.98798]],[[-79.04645,-2.99761],[-79.04638,-2.9977]],[[-79.04638,-2.9977],[-79.04645,-2.99761]],[[-79.04645,-2.98803],[-79.04641,-2.98808]],[[-79.04641,-2.98808],[-79.04645,-2.98803]],[[-79.04614,-3.23055],[-79.04644,-3.23073]],[[-79.04644,-3.23073],[-79.04614,-3.23055]],[[-79.04641,-2.98808],[-79.04619,-2.98835]],[[-79.04619,-2.98835],[-79.04641,-2.98808]],[[-79.04637,-2.93762],[-79.0464,-2.93769]],[[-79.0464,-2.93769],[-79.04637,-2.93762]],[[-79.04638,-2.9977],[-79.0462,-2.99791]],[[-79.0462,-2.99791],[-79.04638,-2.9977]],[[-79.0461,-2.93698],[-79.04637,-2.93762]],[[-79.04637,-2.93762],[-79.0461,-2.93698]],[[-79.0463,-2.9947],[-79.04635,-2.99493]],[[-79.04635,-2.99493],[-79.0463,-2.9947]],[[-79.04635,-2.94072],[-79.04611,-2.94116]],[[-79.04611,-2.94116],[-79.04635,-2.94072]],[[-79.0462,-2.99443],[-79.0463,-2.9947]],[[-79.0463,-2.9947],[-79.0462,-2.99443]],[[-79.04597,-2.94521],[-79.04629,-2.94593]],[[-79.04629,-2.94593],[-79.04597,-2.94521]],[[-79.04614,-2.99429],[-79.0462,-2.99443]],[[-79.0462,-2.99443],[-79.04614,-2.99429]],[[-79.0462,-2.99791],[-79.04581,-2.99833]],[[-79.04581,-2.99833],[-79.0462,-2.99791]],[[-79.04619,-2.98835],[-79.0461,-2.98847]],[[-79.0461,-2.98847],[-79.04619,-2.98835]],[[-79.04609,-2.99417],[-79.04614,-2.99429]],[[-79.04614,-2.99429],[-79.04609,-2.99417]],[[-79.04566,-3.23036],[-79.04614,-3.23055]],[[-79.04614,-3.23055],[-79.04566,-3.23036]],[[-79.04611,-2.94116],[-79.04578,-2.94177]],[[-79.04578,-2.94177],[-79.04611,-2.94116]],[[-79.04594,-2.93659],[-79.0461,-2.93698]],[[-79.0461,-2.93698],[-79.04594,-2.93659]],[[-79.0461,-2.98847],[-79.04593,-2.98868]],[[-79.04593,-2.98868],[-79.0461,-2.98847]],[[-79.04606,-2.99412],[-79.04609,-2.99417]],[[-79.04609,-2.99417],[-79.04606,-2.99412]],[[-79.04594,-2.99392],[-79.04606,-2.99412]],[[-79.04606,-2.99412],[-79.04594,-2.99392]],[[-79.04594,-2.94515],[-79.04597,-2.94521]],[[-79.04597,-2.94521],[-79.04594,-2.94515]],[[-79.04577,-2.99367],[-79.04594,-2.99392]],[[-79.04594,-2.99392],[-79.04577,-2.99367]],[[-79.04564,-2.93588],[-79.04594,-2.93659]],[[-79.04594,-2.93659],[-79.04564,-2.93588]],[[-79.04576,-2.94468],[-79.04594,-2.94515]],[[-79.04594,-2.94515],[-79.04576,-2.94468]],[[-79.04593,-2.98868],[-79.04574,-2.98889]],[[-79.04574,-2.98889],[-79.04593,-2.98868]],[[-79.04581,-2.99833],[-79.04561,-2.99856]],[[-79.04561,-2.99856],[-79.04581,-2.99833]],[[-79.04578,-2.94177],[-79.04567,-2.94195]],[[-79.04567,-2.94195],[-79.04578,-2.94177]],[[-79.04557,-2.99335],[-79.04577,-2.99367]],[[-79.04577,-2.99367],[-79.04557,-2.99335]],[[-79.04568,-2.94441],[-79.04576,-2.94468]],[[-79.04576,-2.94468],[-79.04568,-2.94441]],[[-79.04574,-2.98889],[-79.04567,-2.98896]],[[-79.04567,-2.98896],[-79.04574,-2.98889]],[[-79.04565,-2.94418],[-79.04568,-2.94441]],[[-79.04568,-2.94441],[-79.04565,-2.94418]],[[-79.04567,-2.98896],[-79.0456,-2.98905]],[[-79.0456,-2.98905],[-79.04567,-2.98896]],[[-79.04567,-2.94195],[-79.04561,-2.94212]],[[-79.04561,-2.94212],[-79.04567,-2.94195]],[[-79.04269,-3.22926],[-79.04566,-3.23036]],[[-79.04566,-3.23036],[-79.04269,-3.22926]],[[-79.04565,-2.94406],[-79.04565,-2.94418]],[[-79.04565,-2.94418],[-79.04565,-2.94406]],[[-79.04563,-2.94386],[-79.04565,-2.94406]],[[-79.04565,-2.94406],[-79.04563,-2.94386]],[[-79.04539,-2.93525],[-79.04564,-2.93588]],[[-79.04564,-2.93588],[-79.04539,-2.93525]],[[-79.04563,-2.94349],[-79.04563,-2.94386]],[[-79.04563,-2.94386],[-79.04563,-2.94349]],[[-79.04562,-2.94337],[-79.04563,-2.94349]],[[-79.04563,-2.94349],[-79.04562,-2.94337]],[[-79.04562,-2.94319],[-79.04562,-2.94337]],[[-79.04562,-2.94337],[-79.04562,-2.94319]],[[-79.04561,-2.94297],[-79.04562,-2.94319]],[[-79.04562,-2.94319],[-79.04561,-2.94297]],[[-79.04561,-2.99856],[-79.04447,-2.99978]],[[-79.04447,-2.99978],[-79.04561,-2.99856]],[[-79.04557,-2.94235],[-79.04561,-2.94297]],[[-79.04561,-2.94297],[-79.04557,-2.94235]],[[-79.04561,-2.94212],[-79.04557,-2.94235]],[[-79.04557,-2.94235],[-79.04561,-2.94212]],[[-79.0456,-2.98905],[-79.04533,-2.98933]],[[-79.04533,-2.98933],[-79.0456,-2.98905]],[[-79.04544,-2.99313],[-79.04557,-2.99335]],[[-79.04557,-2.99335],[-79.04544,-2.99313]],[[-79.04537,-2.993],[-79.04544,-2.99313]],[[-79.04544,-2.99313],[-79.04537,-2.993]],[[-79.04532,-2.93511],[-79.04539,-2.93525]],[[-79.04539,-2.93525],[-79.04532,-2.93511]],[[-79.0453,-2.99284],[-79.04537,-2.993]],[[-79.04537,-2.993],[-79.0453,-2.99284]],[[-79.04533,-2.98933],[-79.04517,-2.98953]],[[-79.04517,-2.98953],[-79.04533,-2.98933]],[[-79.0449,-2.9343],[-79.04532,-2.93511]],[[-79.04532,-2.93511],[-79.0449,-2.9343]],[[-79.04524,-2.99268],[-79.0453,-2.99284]],[[-79.0453,-2.99284],[-79.04524,-2.99268]],[[-79.0452,-2.99252],[-79.04524,-2.99268]],[[-79.04524,-2.99268],[-79.0452,-2.99252]],[[-79.04515,-2.99235],[-79.0452,-2.99252]],[[-79.0452,-2.99252],[-79.04515,-2.99235]],[[-79.04517,-2.98953],[-79.04504,-2.98968]],[[-79.04504,-2.98968],[-79.04517,-2.98953]],[[-79.04509,-2.99204],[-79.04515,-2.99235]],[[-79.04515,-2.99235],[-79.04509,-2.99204]],[[-79.04503,-2.99177],[-79.04509,-2.99204]],[[-79.04509,-2.99204],[-79.04503,-2.99177]],[[-79.04504,-2.98968],[-79.04497,-2.98976]],[[-79.04497,-2.98976],[-79.04504,-2.98968]],[[-79.04484,-2.99093],[-79.04503,-2.99177]],[[-79.04503,-2.99177],[-79.04484,-2.99093]],[[-79.04497,-2.98976],[-79.0449,-2.98986]],[[-79.0449,-2.98986],[-79.04497,-2.98976]],[[-79.04442,-2.93336],[-79.0449,-2.9343]],[[-79.0449,-2.9343],[-79.04442,-2.93336]],[[-79.0449,-2.98986],[-79.04482,-2.99]],[[-79.04482,-2.99],[-79.0449,-2.98986]],[[-79.04479,-2.99076],[-79.04484,-2.99093]],[[-79.04484,-2.99093],[-79.04479,-2.99076]],[[-79.04482,-2.99],[-79.04478,-2.99011]],[[-79.04478,-2.99011],[-79.04482,-2.99]],[[-79.04476,-2.99057],[-79.04479,-2.99076]],[[-79.04479,-2.99076],[-79.04476,-2.99057]],[[-79.04478,-2.99011],[-79.04475,-2.99024]],[[-79.04475,-2.99024],[-79.04478,-2.99011]],[[-79.04473,-2.99039],[-79.04476,-2.99057]],[[-79.04476,-2.99057],[-79.04473,-2.99039]],[[-79.04475,-2.99024],[-79.04473,-2.99039]],[[-79.04473,-2.99039],[-79.04475,-2.99024]],[[-79.04457,-3.04383],[-79.04457,-3.04387]],[[-79.04457,-3.04383],[-79.04457,-3.04387]],[[-79.04457,-3.04387],[-79.04457,-3.04389]],[[-79.04457,-3.04387],[-79.04457,-3.04389]],[[-79.04456,-3.0438],[-79.04457,-3.04383]],[[-79.04456,-3.0438],[-79.04457,-3.04383]],[[-79.04457,-3.04389],[-79.04456,-3.04392]],[[-79.04457,-3.04389],[-79.04456,-3.04392]],[[-79.04456,-3.04392],[-79.04454,-3.04394]],[[-79.04456,-3.04392],[-79.04454,-3.04394]],[[-79.04453,-3.04377],[-79.04456,-3.0438]],[[-79.04453,-3.04377],[-79.04456,-3.0438]],[[-79.04454,-3.04394],[-79.04452,-3.04396]],[[-79.04454,-3.04394],[-79.04452,-3.04396]],[[-79.0445,-3.04375],[-79.04453,-3.04377]],[[-79.0445,-3.04375],[-79.04453,-3.04377]],[[-79.04452,-3.04396],[-79.0445,-3.04397]],[[-79.04452,-3.04396],[-79.0445,-3.04397]],[[-79.04449,-3.04374],[-79.0445,-3.04375]],[[-79.04449,-3.04374],[-79.0445,-3.04375]],[[-79.0445,-3.04397],[-79.04447,-3.04398]],[[-79.0445,-3.04397],[-79.04447,-3.04398]],[[-79.04445,-3.04373],[-79.04449,-3.04374]],[[-79.04445,-3.04373],[-79.04449,-3.04374]],[[-79.04407,-3.04294],[-79.04449,-3.04374]],[[-79.04447,-2.99978],[-79.04439,-2.99987]],[[-79.04439,-2.99987],[-79.04447,-2.99978]],[[-79.04447,-3.04398],[-79.04444,-3.04398]],[[-79.04447,-3.04398],[-79.04444,-3.04398]],[[-79.04441,-3.04374],[-79.04445,-3.04373]],[[-79.04441,-3.04374],[-79.04445,-3.04373]],[[-79.04444,-3.04398],[-79.04442,-3.04398]],[[-79.04444,-3.04398],[-79.04442,-3.04398]],[[-79.04442,-3.04398],[-79.04438,-3.04396]],[[-79.04442,-3.04398],[-79.04438,-3.04396]],[[-79.04442,-3.04398],[-79.0438,-3.04466]],[[-79.04411,-2.93274],[-79.04442,-2.93336]],[[-79.04442,-2.93336],[-79.04411,-2.93274]],[[-79.04438,-3.04376],[-79.04441,-3.04374]],[[-79.04438,-3.04376],[-79.04441,-3.04374]],[[-79.04439,-2.99987],[-79.04419,-3.00008]],[[-79.04419,-3.00008],[-79.04439,-2.99987]],[[-79.04438,-3.04396],[-79.04435,-3.04393]],[[-79.04438,-3.04396],[-79.04435,-3.04393]],[[-79.04435,-3.04378],[-79.04438,-3.04376]],[[-79.04435,-3.04378],[-79.04438,-3.04376]],[[-79.04433,-3.04382],[-79.04435,-3.04378]],[[-79.04433,-3.04382],[-79.04435,-3.04378]],[[-79.04435,-3.04393],[-79.04433,-3.04388]],[[-79.04435,-3.04393],[-79.04433,-3.04388]],[[-79.04433,-3.04382],[-79.04407,-3.04294]],[[-79.04433,-3.04384],[-79.04433,-3.04382]],[[-79.04433,-3.04384],[-79.04433,-3.04382]],[[-79.04433,-3.04388],[-79.04433,-3.04384]],[[-79.04433,-3.04388],[-79.04433,-3.04384]],[[-79.0438,-3.04466],[-79.04433,-3.04384]],[[-79.04419,-3.00008],[-79.04396,-3.00028]],[[-79.04396,-3.00028],[-79.04419,-3.00008]],[[-79.04387,-2.93216],[-79.04411,-2.93274]],[[-79.04411,-2.93274],[-79.04387,-2.93216]],[[-79.04402,-3.04282],[-79.04407,-3.04294]],[[-79.04407,-3.04294],[-79.04402,-3.04282]],[[-79.04362,-3.04195],[-79.04402,-3.04282]],[[-79.04402,-3.04282],[-79.04362,-3.04195]],[[-79.04396,-3.00028],[-79.04372,-3.00046]],[[-79.04372,-3.00046],[-79.04396,-3.00028]],[[-79.0438,-2.93198],[-79.04387,-2.93216]],[[-79.04387,-2.93216],[-79.0438,-2.93198]],[[-79.0438,-3.04466],[-79.04315,-3.04561]],[[-79.04315,-3.04561],[-79.0438,-3.04466]],[[-79.04369,-2.9316],[-79.0438,-2.93198]],[[-79.0438,-2.93198],[-79.04369,-2.9316]],[[-79.04372,-3.00046],[-79.04346,-3.00063]],[[-79.04346,-3.00063],[-79.04372,-3.00046]],[[-79.04366,-2.93147],[-79.04369,-2.9316]],[[-79.04369,-2.9316],[-79.04366,-2.93147]],[[-79.04357,-2.93116],[-79.04366,-2.93147]],[[-79.04366,-2.93147],[-79.04357,-2.93116]],[[-79.04333,-3.04125],[-79.04362,-3.04195]],[[-79.04362,-3.04195],[-79.04333,-3.04125]],[[-79.04353,-2.93106],[-79.04357,-2.93116]],[[-79.04357,-2.93116],[-79.04353,-2.93106]],[[-79.04346,-2.9308],[-79.04353,-2.93106]],[[-79.04353,-2.93106],[-79.04346,-2.9308]],[[-79.0434,-2.93057],[-79.04346,-2.9308]],[[-79.04346,-2.9308],[-79.0434,-2.93057]],[[-79.04346,-3.00063],[-79.04329,-3.00072]],[[-79.04329,-3.00072],[-79.04346,-3.00063]],[[-79.04337,-2.93048],[-79.0434,-2.93057]],[[-79.0434,-2.93057],[-79.04337,-2.93048]],[[-79.0433,-2.93027],[-79.04337,-2.93048]],[[-79.04337,-2.93048],[-79.0433,-2.93027]],[[-79.04315,-3.04077],[-79.04333,-3.04125]],[[-79.04333,-3.04125],[-79.04315,-3.04077]],[[-79.04315,-2.92974],[-79.0433,-2.93027]],[[-79.0433,-2.93027],[-79.04315,-2.92974]],[[-79.04329,-3.00072],[-79.04311,-3.0008]],[[-79.04311,-3.0008],[-79.04329,-3.00072]],[[-79.043,-2.92926],[-79.04315,-2.92974]],[[-79.04315,-2.92974],[-79.043,-2.92926]],[[-79.04311,-3.04066],[-79.04315,-3.04077]],[[-79.04315,-3.04077],[-79.04311,-3.04066]],[[-79.04315,-3.04561],[-79.04262,-3.04633]],[[-79.04262,-3.04633],[-79.04315,-3.04561]],[[-79.04311,-3.0008],[-79.04284,-3.00094]],[[-79.04284,-3.00094],[-79.04311,-3.0008]],[[-79.04295,-3.04023],[-79.04311,-3.04066]],[[-79.04311,-3.04066],[-79.04295,-3.04023]],[[-79.04294,-2.92906],[-79.043,-2.92926]],[[-79.043,-2.92926],[-79.04294,-2.92906]],[[-79.04207,-3.03822],[-79.04295,-3.04023]],[[-79.04295,-3.04023],[-79.04207,-3.03822]],[[-79.04292,-2.929],[-79.04294,-2.92906]],[[-79.04294,-2.92906],[-79.04292,-2.929]],[[-79.04285,-2.92878],[-79.04292,-2.929]],[[-79.04292,-2.929],[-79.04285,-2.92878]],[[-79.04276,-2.92847],[-79.04285,-2.92878]],[[-79.04285,-2.92878],[-79.04276,-2.92847]],[[-79.04284,-3.00094],[-79.04269,-3.00101]],[[-79.04269,-3.00101],[-79.04284,-3.00094]],[[-79.04271,-2.92831],[-79.04276,-2.92847]],[[-79.04276,-2.92847],[-79.04271,-2.92831]],[[-79.04262,-2.92803],[-79.04271,-2.92831]],[[-79.04271,-2.92831],[-79.04262,-2.92803]],[[-79.04229,-3.22907],[-79.04269,-3.22926]],[[-79.04269,-3.22926],[-79.04229,-3.22907]],[[-79.04269,-3.00101],[-79.04256,-3.00108]],[[-79.04256,-3.00108],[-79.04269,-3.00101]],[[-79.04257,-2.92786],[-79.04262,-2.92803]],[[-79.04262,-2.92803],[-79.04257,-2.92786]],[[-79.04262,-3.04633],[-79.04209,-3.04704]],[[-79.04209,-3.04704],[-79.04262,-3.04633]],[[-79.04254,-2.92777],[-79.04257,-2.92786]],[[-79.04257,-2.92786],[-79.04254,-2.92777]],[[-79.04256,-3.00108],[-79.04244,-3.00116]],[[-79.04244,-3.00116],[-79.04256,-3.00108]],[[-79.04244,-2.92747],[-79.04254,-2.92777]],[[-79.04254,-2.92777],[-79.04244,-2.92747]],[[-79.04236,-2.92726],[-79.04244,-2.92747]],[[-79.04244,-2.92747],[-79.04236,-2.92726]],[[-79.04244,-3.00116],[-79.04235,-3.0013]],[[-79.04235,-3.0013],[-79.04244,-3.00116]],[[-79.04227,-2.9271],[-79.04236,-2.92726]],[[-79.04236,-2.92726],[-79.04227,-2.9271]],[[-79.04235,-3.0013],[-79.04224,-3.00141]],[[-79.04224,-3.00141],[-79.04235,-3.0013]],[[-79.04206,-3.22893],[-79.04229,-3.22907]],[[-79.04229,-3.22907],[-79.04206,-3.22893]],[[-79.04217,-2.92691],[-79.04227,-2.9271]],[[-79.04227,-2.9271],[-79.04217,-2.92691]],[[-79.04224,-3.00141],[-79.04215,-3.00151]],[[-79.04215,-3.00151],[-79.04224,-3.00141]],[[-79.04204,-2.92674],[-79.04217,-2.92691]],[[-79.04217,-2.92691],[-79.04204,-2.92674]],[[-79.04215,-3.00151],[-79.04204,-3.00163]],[[-79.04204,-3.00163],[-79.04215,-3.00151]],[[-79.04209,-3.04704],[-79.04073,-3.04886]],[[-79.04073,-3.04886],[-79.04209,-3.04704]],[[-79.04193,-3.03784],[-79.04207,-3.03822]],[[-79.04207,-3.03822],[-79.04193,-3.03784]],[[-79.0416,-3.22854],[-79.04206,-3.22893]],[[-79.04206,-3.22893],[-79.0416,-3.22854]],[[-79.04204,-3.00163],[-79.04196,-3.00176]],[[-79.04196,-3.00176],[-79.04204,-3.00163]],[[-79.04197,-2.92665],[-79.04204,-2.92674]],[[-79.04204,-2.92674],[-79.04197,-2.92665]],[[-79.04191,-2.92657],[-79.04197,-2.92665]],[[-79.04197,-2.92665],[-79.04191,-2.92657]],[[-79.04196,-3.00176],[-79.04183,-3.00198]],[[-79.04183,-3.00198],[-79.04196,-3.00176]],[[-79.04183,-3.03747],[-79.04193,-3.03784]],[[-79.04193,-3.03784],[-79.04183,-3.03747]],[[-79.04184,-2.92649],[-79.04191,-2.92657]],[[-79.04191,-2.92657],[-79.04184,-2.92649]],[[-79.04135,-2.92588],[-79.04184,-2.92649]],[[-79.04184,-2.92649],[-79.04135,-2.92588]],[[-79.04181,-3.03707],[-79.04183,-3.03747]],[[-79.04183,-3.03747],[-79.04181,-3.03707]],[[-79.04183,-3.00198],[-79.04175,-3.0021]],[[-79.04175,-3.0021],[-79.04183,-3.00198]],[[-79.04175,-3.03669],[-79.04181,-3.03707]],[[-79.04181,-3.03707],[-79.04175,-3.03669]],[[-79.04172,-3.03632],[-79.04175,-3.03669]],[[-79.04175,-3.03669],[-79.04172,-3.03632]],[[-79.04175,-3.0021],[-79.04163,-3.00237]],[[-79.04163,-3.00237],[-79.04175,-3.0021]],[[-79.04166,-3.03589],[-79.04172,-3.03632]],[[-79.04172,-3.03632],[-79.04166,-3.03589]],[[-79.04162,-3.03523],[-79.04166,-3.03589]],[[-79.04166,-3.03589],[-79.04162,-3.03523]],[[-79.04163,-3.00237],[-79.0414,-3.00277]],[[-79.0414,-3.00277],[-79.04163,-3.00237]],[[-79.04159,-3.03482],[-79.04162,-3.03523]],[[-79.04162,-3.03523],[-79.04159,-3.03482]],[[-79.03892,-3.22529],[-79.0416,-3.22854]],[[-79.0416,-3.22854],[-79.03892,-3.22529]],[[-79.04157,-3.03455],[-79.04159,-3.03482]],[[-79.04159,-3.03482],[-79.04157,-3.03455]],[[-79.04155,-3.03405],[-79.04157,-3.03455]],[[-79.04157,-3.03455],[-79.04155,-3.03405]],[[-79.04151,-3.03359],[-79.04155,-3.03405]],[[-79.04155,-3.03405],[-79.04151,-3.03359]],[[-79.04147,-3.03289],[-79.04151,-3.03359]],[[-79.04151,-3.03359],[-79.04147,-3.03289]],[[-79.04145,-3.0326],[-79.04147,-3.03289]],[[-79.04147,-3.03289],[-79.04145,-3.0326]],[[-79.04142,-3.03221],[-79.04145,-3.0326]],[[-79.04145,-3.0326],[-79.04142,-3.03221]],[[-79.04134,-3.03171],[-79.04142,-3.03221]],[[-79.04142,-3.03221],[-79.04134,-3.03171]],[[-79.0414,-3.00277],[-79.04133,-3.00292]],[[-79.04133,-3.00292],[-79.0414,-3.00277]],[[-79.04135,-2.92588],[-79.04035,-2.92488],[-79.03937,-2.92517],[-79.03392,-2.92381],[-79.03019,-2.92342],[-79.02765,-2.92269]],[[-79.02777,-2.92239],[-79.04032,-2.92467],[-79.04135,-2.92588]],[[-79.04127,-3.03141],[-79.04134,-3.03171]],[[-79.04134,-3.03171],[-79.04127,-3.03141]],[[-79.04133,-3.00292],[-79.04127,-3.00305]],[[-79.04127,-3.00305],[-79.04133,-3.00292]],[[-79.04115,-3.03105],[-79.04127,-3.03141]],[[-79.04127,-3.03141],[-79.04115,-3.03105]],[[-79.04127,-3.00305],[-79.0412,-3.00327]],[[-79.0412,-3.00327],[-79.04127,-3.00305]],[[-79.0412,-3.00327],[-79.04099,-3.00392]],[[-79.04099,-3.00392],[-79.0412,-3.00327]],[[-79.04103,-3.03073],[-79.04115,-3.03105]],[[-79.04115,-3.03105],[-79.04103,-3.03073]],[[-79.04058,-3.02953],[-79.04103,-3.03073]],[[-79.04103,-3.03073],[-79.04058,-3.02953]],[[-79.04099,-3.00392],[-79.04086,-3.0043]],[[-79.04086,-3.0043],[-79.04099,-3.00392]],[[-79.04086,-3.0043],[-79.04076,-3.00452]],[[-79.04076,-3.00452],[-79.04086,-3.0043]],[[-79.04077,-3.019],[-79.04078,-3.01924]],[[-79.04078,-3.01924],[-79.04077,-3.019]],[[-79.04078,-3.01924],[-79.04077,-3.01945]],[[-79.04077,-3.01945],[-79.04078,-3.01924]],[[-79.04077,-3.01945],[-79.04075,-3.0196]],[[-79.04075,-3.0196],[-79.04077,-3.01945]],[[-79.04071,-3.01876],[-79.04077,-3.019]],[[-79.04077,-3.019],[-79.04071,-3.01876]],[[-79.04076,-3.00452],[-79.04038,-3.00516]],[[-79.04038,-3.00516],[-79.04076,-3.00452]],[[-79.04075,-3.0196],[-79.0407,-3.01978]],[[-79.0407,-3.01978],[-79.04075,-3.0196]],[[-79.04073,-3.04886],[-79.03928,-3.05082]],[[-79.03928,-3.05082],[-79.04073,-3.04886]],[[-79.04067,-3.01862],[-79.04071,-3.01876]],[[-79.04071,-3.01876],[-79.04067,-3.01862]],[[-79.0407,-3.01978],[-79.04063,-3.01998]],[[-79.04063,-3.01998],[-79.0407,-3.01978]],[[-79.04059,-3.0184],[-79.04067,-3.01862]],[[-79.04067,-3.01862],[-79.04059,-3.0184]],[[-79.04063,-3.01998],[-79.04059,-3.02005]],[[-79.04059,-3.02005],[-79.04063,-3.01998]],[[-79.04045,-3.01802],[-79.04059,-3.0184]],[[-79.04059,-3.0184],[-79.04045,-3.01802]],[[-79.04059,-3.02005],[-79.04049,-3.02025]],[[-79.04049,-3.02025],[-79.04059,-3.02005]],[[-79.04046,-3.0293],[-79.04058,-3.02953]],[[-79.04058,-3.02953],[-79.04046,-3.0293]],[[-79.04049,-3.02025],[-79.04029,-3.02059]],[[-79.04029,-3.02059],[-79.04049,-3.02025]],[[-79.04032,-3.02896],[-79.04046,-3.0293]],[[-79.04046,-3.0293],[-79.04032,-3.02896]],[[-79.04031,-3.01765],[-79.04045,-3.01802]],[[-79.04045,-3.01802],[-79.04031,-3.01765]],[[-79.04038,-3.00516],[-79.04018,-3.00549]],[[-79.04018,-3.00549],[-79.04038,-3.00516]],[[-79.0401,-3.0284],[-79.04032,-3.02896]],[[-79.04032,-3.02896],[-79.0401,-3.0284]],[[-79.04019,-3.01733],[-79.04031,-3.01765]],[[-79.04031,-3.01765],[-79.04019,-3.01733]],[[-79.04029,-3.02059],[-79.04005,-3.02098]],[[-79.04005,-3.02098],[-79.04029,-3.02059]],[[-79.04017,-3.01728],[-79.04019,-3.01733]],[[-79.04019,-3.01733],[-79.04017,-3.01728]],[[-79.04018,-3.00549],[-79.03989,-3.00595]],[[-79.03989,-3.00595],[-79.04018,-3.00549]],[[-79.03995,-3.01668],[-79.04017,-3.01728]],[[-79.04017,-3.01728],[-79.03995,-3.01668]],[[-79.03998,-3.02806],[-79.0401,-3.0284]],[[-79.0401,-3.0284],[-79.03998,-3.02806]],[[-79.04007,-3.00834],[-79.04008,-3.00847]],[[-79.04008,-3.00847],[-79.04007,-3.00834]],[[-79.04008,-3.00847],[-79.04008,-3.0086]],[[-79.04008,-3.0086],[-79.04008,-3.00847]],[[-79.04008,-3.0086],[-79.04005,-3.00873]],[[-79.04005,-3.00873],[-79.04008,-3.0086]],[[-79.04006,-3.00825],[-79.04007,-3.00834]],[[-79.04007,-3.00834],[-79.04006,-3.00825]],[[-79.04001,-3.0081],[-79.04006,-3.00825]],[[-79.04006,-3.00825],[-79.04001,-3.0081]],[[-79.04005,-3.02098],[-79.03997,-3.02111]],[[-79.03997,-3.02111],[-79.04005,-3.02098]],[[-79.04005,-3.00873],[-79.04,-3.00888]],[[-79.04,-3.00888],[-79.04005,-3.00873]],[[-79.03993,-3.00791],[-79.04001,-3.0081]],[[-79.04001,-3.0081],[-79.03993,-3.00791]],[[-79.04,-3.00888],[-79.03993,-3.00902]],[[-79.03993,-3.00902],[-79.04,-3.00888]],[[-79.03976,-3.02746],[-79.03998,-3.02806]],[[-79.03998,-3.02806],[-79.03976,-3.02746]],[[-79.03997,-3.02111],[-79.03996,-3.02114]],[[-79.03996,-3.02114],[-79.03997,-3.02111]],[[-79.03996,-3.02114],[-79.03989,-3.02125]],[[-79.03989,-3.02125],[-79.03996,-3.02114]],[[-79.03986,-3.01643],[-79.03995,-3.01668]],[[-79.03995,-3.01668],[-79.03986,-3.01643]],[[-79.03993,-3.00902],[-79.03984,-3.00919]],[[-79.03984,-3.00919],[-79.03993,-3.00902]],[[-79.03977,-3.0076],[-79.03993,-3.00791]],[[-79.03993,-3.00791],[-79.03977,-3.0076]],[[-79.03989,-3.00595],[-79.0398,-3.0061]],[[-79.0398,-3.0061],[-79.03989,-3.00595]],[[-79.03989,-3.02125],[-79.03965,-3.02164]],[[-79.03965,-3.02164],[-79.03989,-3.02125]],[[-79.03986,-3.20966],[-79.03987,-3.20994]],[[-79.03987,-3.20994],[-79.03986,-3.20966]],[[-79.03987,-3.20994],[-79.03955,-3.21087]],[[-79.03955,-3.21087],[-79.03987,-3.20994]],[[-79.03973,-3.01593],[-79.03986,-3.01643]],[[-79.03986,-3.01643],[-79.03973,-3.01593]],[[-79.03982,-3.20952],[-79.03986,-3.20966]],[[-79.03986,-3.20966],[-79.03982,-3.20952]],[[-79.03984,-3.00919],[-79.03973,-3.00939]],[[-79.03973,-3.00939],[-79.03984,-3.00919]],[[-79.03981,-3.20945],[-79.03982,-3.20952]],[[-79.03982,-3.20952],[-79.03981,-3.20945]],[[-79.03967,-3.20925],[-79.03981,-3.20945]],[[-79.03981,-3.20945],[-79.03967,-3.20925]],[[-79.0398,-3.0061],[-79.03974,-3.0062]],[[-79.03974,-3.0062],[-79.0398,-3.0061]],[[-79.03974,-3.00754],[-79.03977,-3.0076]],[[-79.03977,-3.0076],[-79.03974,-3.00754]],[[-79.03973,-3.02738],[-79.03976,-3.02746]],[[-79.03976,-3.02746],[-79.03973,-3.02738]],[[-79.03974,-3.0062],[-79.03968,-3.00633]],[[-79.03968,-3.00633],[-79.03974,-3.0062]],[[-79.03967,-3.00737],[-79.03974,-3.00754]],[[-79.03974,-3.00754],[-79.03967,-3.00737]],[[-79.03973,-3.00939],[-79.03967,-3.00953]],[[-79.03967,-3.00953],[-79.03973,-3.00939]],[[-79.03972,-3.02735],[-79.03973,-3.02738]],[[-79.03973,-3.02738],[-79.03972,-3.02735]],[[-79.03952,-3.01549],[-79.03973,-3.01593]],[[-79.03973,-3.01593],[-79.03952,-3.01549]],[[-79.03958,-3.02697],[-79.03972,-3.02735]],[[-79.03972,-3.02735],[-79.03958,-3.02697]],[[-79.03968,-3.00633],[-79.03963,-3.00647]],[[-79.03963,-3.00647],[-79.03968,-3.00633]],[[-79.03967,-3.01109],[-79.03968,-3.01125]],[[-79.03968,-3.01125],[-79.03967,-3.01109]],[[-79.03968,-3.01125],[-79.03965,-3.01142]],[[-79.03965,-3.01142],[-79.03968,-3.01125]],[[-79.03967,-3.00953],[-79.03963,-3.00966]],[[-79.03963,-3.00966],[-79.03967,-3.00953]],[[-79.03907,-3.20855],[-79.03967,-3.20925]],[[-79.03967,-3.20925],[-79.03907,-3.20855]],[[-79.03961,-3.00718],[-79.03967,-3.00737]],[[-79.03967,-3.00737],[-79.03961,-3.00718]],[[-79.03966,-3.01092],[-79.03967,-3.01109]],[[-79.03967,-3.01109],[-79.03966,-3.01092]],[[-79.03959,-3.01051],[-79.03966,-3.01092]],[[-79.03966,-3.01092],[-79.03959,-3.01051]],[[-79.03965,-3.02164],[-79.03938,-3.0221]],[[-79.03938,-3.0221],[-79.03965,-3.02164]],[[-79.03965,-3.01142],[-79.03964,-3.01156]],[[-79.03964,-3.01156],[-79.03965,-3.01142]],[[-79.03964,-3.01156],[-79.03964,-3.01162]],[[-79.03964,-3.01162],[-79.03964,-3.01156]],[[-79.03964,-3.01162],[-79.03955,-3.01192]],[[-79.03955,-3.01192],[-79.03964,-3.01162]],[[-79.03963,-3.00966],[-79.0396,-3.00977]],[[-79.0396,-3.00977],[-79.03963,-3.00966]],[[-79.03963,-3.00647],[-79.03959,-3.00662]],[[-79.03959,-3.00662],[-79.03963,-3.00647]],[[-79.03957,-3.00703],[-79.03961,-3.00718]],[[-79.03961,-3.00718],[-79.03957,-3.00703]],[[-79.0396,-3.00977],[-79.03957,-3.00991]],[[-79.03957,-3.00991],[-79.0396,-3.00977]],[[-79.03958,-3.01036],[-79.03959,-3.01051]],[[-79.03959,-3.01051],[-79.03958,-3.01036]],[[-79.03959,-3.00662],[-79.03957,-3.00674]],[[-79.03957,-3.00674],[-79.03959,-3.00662]],[[-79.03957,-3.01005],[-79.03958,-3.01036]],[[-79.03958,-3.01036],[-79.03957,-3.01005]],[[-79.03915,-3.02589],[-79.03958,-3.02697]],[[-79.03958,-3.02697],[-79.03915,-3.02589]],[[-79.03957,-3.00991],[-79.03957,-3.01005]],[[-79.03957,-3.01005],[-79.03957,-3.00991]],[[-79.03956,-3.00688],[-79.03957,-3.00703]],[[-79.03957,-3.00703],[-79.03956,-3.00688]],[[-79.03957,-3.00674],[-79.03956,-3.00688]],[[-79.03956,-3.00688],[-79.03957,-3.00674]],[[-79.03955,-3.01192],[-79.03945,-3.01213]],[[-79.03945,-3.01213],[-79.03955,-3.01192]],[[-79.03955,-3.21087],[-79.03936,-3.21121]],[[-79.03936,-3.21121],[-79.03955,-3.21087]],[[-79.03939,-3.01512],[-79.03952,-3.01549]],[[-79.03952,-3.01549],[-79.03939,-3.01512]],[[-79.03945,-3.01213],[-79.03928,-3.01252]],[[-79.03928,-3.01252],[-79.03945,-3.01213]],[[-79.03937,-3.01509],[-79.03939,-3.01512]],[[-79.03939,-3.01512],[-79.03937,-3.01509]],[[-79.03938,-3.0221],[-79.03907,-3.02261]],[[-79.03907,-3.02261],[-79.03938,-3.0221]],[[-79.03936,-3.01506],[-79.03937,-3.01509]],[[-79.03937,-3.01509],[-79.03936,-3.01506]],[[-79.03936,-3.21121],[-79.03918,-3.21149]],[[-79.03918,-3.21149],[-79.03936,-3.21121]],[[-79.03911,-3.01437],[-79.03936,-3.01506]],[[-79.03936,-3.01506],[-79.03911,-3.01437]],[[-79.03928,-3.05082],[-79.03864,-3.05176]],[[-79.03864,-3.05176],[-79.03928,-3.05082]],[[-79.03928,-3.01252],[-79.03915,-3.01285]],[[-79.03915,-3.01285],[-79.03928,-3.01252]],[[-79.03918,-3.21149],[-79.03778,-3.21288]],[[-79.03778,-3.21288],[-79.03918,-3.21149]],[[-79.0391,-3.02574],[-79.03915,-3.02589]],[[-79.03915,-3.02589],[-79.0391,-3.02574]],[[-79.03915,-3.01285],[-79.0391,-3.01299]],[[-79.0391,-3.01299],[-79.03915,-3.01285]],[[-79.03904,-3.01412],[-79.03911,-3.01437]],[[-79.03911,-3.01437],[-79.03904,-3.01412]],[[-79.0391,-3.01299],[-79.03906,-3.01312]],[[-79.03906,-3.01312],[-79.0391,-3.01299]],[[-79.03902,-3.02554],[-79.0391,-3.02574]],[[-79.0391,-3.02574],[-79.03902,-3.02554]],[[-79.03894,-3.20828],[-79.03907,-3.20855]],[[-79.03907,-3.20855],[-79.03894,-3.20828]],[[-79.03907,-3.02261],[-79.03897,-3.02277]],[[-79.03897,-3.02277],[-79.03907,-3.02261]],[[-79.03906,-3.01312],[-79.03902,-3.01329]],[[-79.03902,-3.01329],[-79.03906,-3.01312]],[[-79.03901,-3.01395],[-79.03904,-3.01412]],[[-79.03904,-3.01412],[-79.03901,-3.01395]],[[-79.03884,-3.02518],[-79.03902,-3.02554]],[[-79.03902,-3.02554],[-79.03884,-3.02518]],[[-79.03902,-3.01329],[-79.03899,-3.01344]],[[-79.03899,-3.01344],[-79.03902,-3.01329]],[[-79.03899,-3.01376],[-79.03901,-3.01395]],[[-79.03901,-3.01395],[-79.03899,-3.01376]],[[-79.03899,-3.01344],[-79.03899,-3.01364]],[[-79.03899,-3.01364],[-79.03899,-3.01344]],[[-79.03899,-3.01364],[-79.03899,-3.01376]],[[-79.03899,-3.01376],[-79.03899,-3.01364]],[[-79.03897,-3.02277],[-79.03889,-3.02289]],[[-79.03889,-3.02289],[-79.03897,-3.02277]],[[-79.03793,-3.20585],[-79.03894,-3.20828]],[[-79.03894,-3.20828],[-79.03793,-3.20585]],[[-79.03885,-3.2252],[-79.03892,-3.22529]],[[-79.03892,-3.22529],[-79.03885,-3.2252]],[[-79.03889,-3.02289],[-79.0388,-3.02305]],[[-79.0388,-3.02305],[-79.03889,-3.02289]],[[-79.03776,-3.22386],[-79.03885,-3.2252]],[[-79.03885,-3.2252],[-79.03776,-3.22386]],[[-79.03878,-3.02506],[-79.03884,-3.02518]],[[-79.03884,-3.02518],[-79.03878,-3.02506]],[[-79.0388,-3.02305],[-79.03872,-3.02323]],[[-79.03872,-3.02323],[-79.0388,-3.02305]],[[-79.03871,-3.02485],[-79.03878,-3.02506]],[[-79.03878,-3.02506],[-79.03871,-3.02485]],[[-79.03872,-3.02323],[-79.03867,-3.0234]],[[-79.03867,-3.0234],[-79.03872,-3.02323]],[[-79.03862,-3.02455],[-79.03871,-3.02485]],[[-79.03871,-3.02485],[-79.03862,-3.02455]],[[-79.03867,-3.0234],[-79.03861,-3.02359]],[[-79.03861,-3.02359],[-79.03867,-3.0234]],[[-79.03864,-3.05176],[-79.03854,-3.05197]],[[-79.03854,-3.05197],[-79.03864,-3.05176]],[[-79.03858,-3.02434],[-79.03862,-3.02455]],[[-79.03862,-3.02455],[-79.03858,-3.02434]],[[-79.03861,-3.02359],[-79.03858,-3.02377]],[[-79.03858,-3.02377],[-79.03861,-3.02359]],[[-79.03858,-3.02377],[-79.03857,-3.02395]],[[-79.03857,-3.02395],[-79.03858,-3.02377]],[[-79.03856,-3.02414],[-79.03858,-3.02434]],[[-79.03858,-3.02434],[-79.03856,-3.02414]],[[-79.03857,-3.02395],[-79.03856,-3.02414]],[[-79.03856,-3.02414],[-79.03857,-3.02395]],[[-79.03854,-3.05197],[-79.03811,-3.05289]],[[-79.03811,-3.05289],[-79.03854,-3.05197]],[[-79.03833,-3.21495],[-79.03838,-3.2152]],[[-79.03838,-3.2152],[-79.03833,-3.21495]],[[-79.03838,-3.2152],[-79.03838,-3.21544]],[[-79.03838,-3.21544],[-79.03838,-3.2152]],[[-79.03838,-3.21544],[-79.03801,-3.21685]],[[-79.03801,-3.21685],[-79.03838,-3.21544]],[[-79.03761,-3.21377],[-79.03833,-3.21495]],[[-79.03833,-3.21495],[-79.03761,-3.21377]],[[-79.03811,-3.05289],[-79.0366,-3.05671]],[[-79.0366,-3.05671],[-79.03811,-3.05289]],[[-79.03795,-3.21744],[-79.03803,-3.2193]],[[-79.03803,-3.2193],[-79.03795,-3.21744]],[[-79.03803,-3.2193],[-79.03798,-3.21985]],[[-79.03798,-3.21985],[-79.03803,-3.2193]],[[-79.03801,-3.21685],[-79.03796,-3.21717]],[[-79.03796,-3.21717],[-79.03801,-3.21685]],[[-79.03798,-3.21985],[-79.03762,-3.22166]],[[-79.03762,-3.22166],[-79.03798,-3.21985]],[[-79.03796,-3.21717],[-79.03795,-3.21744]],[[-79.03795,-3.21744],[-79.03796,-3.21717]],[[-79.03744,-3.20399],[-79.03793,-3.20585]],[[-79.03793,-3.20585],[-79.03744,-3.20399]],[[-79.03778,-3.21288],[-79.03762,-3.21309]],[[-79.03762,-3.21309],[-79.03778,-3.21288]],[[-79.03761,-3.22343],[-79.03776,-3.22386]],[[-79.03776,-3.22386],[-79.03761,-3.22343]],[[-79.03762,-3.21309],[-79.03755,-3.21333]],[[-79.03755,-3.21333],[-79.03762,-3.21309]],[[-79.03762,-3.22166],[-79.03758,-3.22319]],[[-79.03758,-3.22319],[-79.03762,-3.22166]],[[-79.03755,-3.21353],[-79.03761,-3.21377]],[[-79.03761,-3.21377],[-79.03755,-3.21353]],[[-79.03758,-3.22319],[-79.03761,-3.22343]],[[-79.03761,-3.22343],[-79.03758,-3.22319]],[[-79.03755,-3.21333],[-79.03755,-3.21353]],[[-79.03755,-3.21353],[-79.03755,-3.21333]],[[-79.03728,-3.20366],[-79.03744,-3.20399]],[[-79.03744,-3.20399],[-79.03728,-3.20366]],[[-79.03722,-3.20353],[-79.03728,-3.20366]],[[-79.03728,-3.20366],[-79.03722,-3.20353]],[[-79.037,-3.20324],[-79.03722,-3.20353]],[[-79.03722,-3.20353],[-79.037,-3.20324]],[[-79.0367,-3.20294],[-79.037,-3.20324]],[[-79.037,-3.20324],[-79.0367,-3.20294]],[[-79.03638,-3.20267],[-79.0367,-3.20294]],[[-79.0367,-3.20294],[-79.03638,-3.20267]],[[-79.0366,-3.05671],[-79.03544,-3.05956]],[[-79.03544,-3.05956],[-79.0366,-3.05671]],[[-79.03195,-3.19976],[-79.03638,-3.20267]],[[-79.03638,-3.20267],[-79.03195,-3.19976]],[[-79.03544,-3.05956],[-79.03521,-3.06003]],[[-79.03521,-3.06003],[-79.03544,-3.05956]],[[-79.03521,-3.06003],[-79.03494,-3.06053]],[[-79.03494,-3.06053],[-79.03521,-3.06003]],[[-79.03494,-3.06053],[-79.0345,-3.06118]],[[-79.0345,-3.06118],[-79.03494,-3.06053]],[[-79.0345,-3.06118],[-79.03423,-3.0615]],[[-79.03423,-3.0615],[-79.0345,-3.06118]],[[-79.03423,-3.17024],[-79.03424,-3.17054]],[[-79.03424,-3.17054],[-79.03423,-3.17024]],[[-79.03424,-3.17054],[-79.03421,-3.17075]],[[-79.03421,-3.17075],[-79.03424,-3.17054]],[[-79.03412,-3.16993],[-79.03423,-3.17024]],[[-79.03423,-3.17024],[-79.03412,-3.16993]],[[-79.03423,-3.0615],[-79.03384,-3.06194]],[[-79.03384,-3.06194],[-79.03423,-3.0615]],[[-79.03421,-3.17075],[-79.03399,-3.17135]],[[-79.03399,-3.17135],[-79.03421,-3.17075]],[[-79.03388,-3.16971],[-79.03412,-3.16993]],[[-79.03412,-3.16993],[-79.03388,-3.16971]],[[-79.03399,-3.17135],[-79.03394,-3.17144]],[[-79.03394,-3.17144],[-79.03399,-3.17135]],[[-79.03394,-3.17144],[-79.03381,-3.17161]],[[-79.03381,-3.17161],[-79.03394,-3.17144]],[[-79.03364,-3.16959],[-79.03388,-3.16971]],[[-79.03388,-3.16971],[-79.03364,-3.16959]],[[-79.03384,-3.06194],[-79.03335,-3.06237]],[[-79.03335,-3.06237],[-79.03384,-3.06194]],[[-79.03381,-3.17161],[-79.03372,-3.1717]],[[-79.03372,-3.1717],[-79.03381,-3.17161]],[[-79.03372,-3.1717],[-79.03353,-3.17179]],[[-79.03353,-3.17179],[-79.03372,-3.1717]],[[-79.03339,-3.16954],[-79.03364,-3.16959]],[[-79.03364,-3.16959],[-79.03339,-3.16954]],[[-79.03353,-3.17179],[-79.03334,-3.17183]],[[-79.03334,-3.17183],[-79.03353,-3.17179]],[[-79.03321,-3.16955],[-79.03339,-3.16954]],[[-79.03339,-3.16954],[-79.03321,-3.16955]],[[-79.03335,-3.06237],[-79.03222,-3.06315]],[[-79.03222,-3.06315],[-79.03335,-3.06237]],[[-79.03334,-3.17183],[-79.03311,-3.17184]],[[-79.03311,-3.17184],[-79.03334,-3.17183]],[[-79.03263,-3.16959],[-79.03321,-3.16955]],[[-79.03321,-3.16955],[-79.03263,-3.16959]],[[-79.03311,-3.17184],[-79.03251,-3.1718]],[[-79.03251,-3.1718],[-79.03311,-3.17184]],[[-79.03304,-3.16631],[-79.03304,-3.16641]],[[-79.03304,-3.16641],[-79.03304,-3.16631]],[[-79.03304,-3.16641],[-79.03303,-3.16649]],[[-79.03303,-3.16649],[-79.03304,-3.16641]],[[-79.03302,-3.16622],[-79.03304,-3.16631]],[[-79.03304,-3.16631],[-79.03302,-3.16622]],[[-79.03303,-3.16649],[-79.033,-3.16662]],[[-79.033,-3.16662],[-79.03303,-3.16649]],[[-79.03294,-3.16604],[-79.03302,-3.16622]],[[-79.03302,-3.16622],[-79.03294,-3.16604]],[[-79.033,-3.16662],[-79.03293,-3.16675]],[[-79.03293,-3.16675],[-79.033,-3.16662]],[[-79.03286,-3.16592],[-79.03294,-3.16604]],[[-79.03294,-3.16604],[-79.03286,-3.16592]],[[-79.03293,-3.16675],[-79.03283,-3.16688]],[[-79.03283,-3.16688],[-79.03293,-3.16675]],[[-79.0326,-3.16567],[-79.03286,-3.16592]],[[-79.03286,-3.16592],[-79.0326,-3.16567]],[[-79.03283,-3.16688],[-79.03226,-3.16729]],[[-79.03226,-3.16729],[-79.03283,-3.16688]],[[-79.03244,-3.16956],[-79.03263,-3.16959]],[[-79.03263,-3.16959],[-79.03244,-3.16956]],[[-79.03238,-3.16541],[-79.0326,-3.16567]],[[-79.0326,-3.16567],[-79.03238,-3.16541]],[[-79.03251,-3.1718],[-79.03223,-3.17181]],[[-79.03223,-3.17181],[-79.03251,-3.1718]],[[-79.03228,-3.16952],[-79.03244,-3.16956]],[[-79.03244,-3.16956],[-79.03228,-3.16952]],[[-79.03225,-3.16531],[-79.03238,-3.16541]],[[-79.03238,-3.16541],[-79.03225,-3.16531]],[[-79.03209,-3.1694],[-79.03228,-3.16952]],[[-79.03228,-3.16952],[-79.03209,-3.1694]],[[-79.03226,-3.16729],[-79.03211,-3.16746]],[[-79.03211,-3.16746],[-79.03226,-3.16729]],[[-79.032,-3.16515],[-79.03225,-3.16531]],[[-79.03225,-3.16531],[-79.032,-3.16515]],[[-79.03223,-3.17181],[-79.03203,-3.17186]],[[-79.03203,-3.17186],[-79.03223,-3.17181]],[[-79.03222,-3.06315],[-79.02871,-3.0656]],[[-79.02871,-3.0656],[-79.03222,-3.06315]],[[-79.03211,-3.16746],[-79.03203,-3.16758]],[[-79.03203,-3.16758],[-79.03211,-3.16746]],[[-79.03193,-3.16922],[-79.03209,-3.1694]],[[-79.03209,-3.1694],[-79.03193,-3.16922]],[[-79.03203,-3.16758],[-79.03192,-3.16784]],[[-79.03192,-3.16784],[-79.03203,-3.16758]],[[-79.03203,-3.17186],[-79.03185,-3.17193]],[[-79.03185,-3.17193],[-79.03203,-3.17186]],[[-79.03164,-3.16502],[-79.032,-3.16515]],[[-79.032,-3.16515],[-79.03164,-3.16502]],[[-79.02966,-3.1987],[-79.03195,-3.19976]],[[-79.03195,-3.19976],[-79.02966,-3.1987]],[[-79.03183,-3.16907],[-79.03193,-3.16922]],[[-79.03193,-3.16922],[-79.03183,-3.16907]],[[-79.03192,-3.16784],[-79.03186,-3.1681]],[[-79.03186,-3.1681],[-79.03192,-3.16784]],[[-79.03186,-3.1681],[-79.03174,-3.1685]],[[-79.03174,-3.1685],[-79.03186,-3.1681]],[[-79.03185,-3.17193],[-79.03159,-3.1721]],[[-79.03159,-3.1721],[-79.03185,-3.17193]],[[-79.03173,-3.16882],[-79.03183,-3.16907]],[[-79.03183,-3.16907],[-79.03173,-3.16882]],[[-79.03174,-3.1685],[-79.03173,-3.16871]],[[-79.03173,-3.16871],[-79.03174,-3.1685]],[[-79.03173,-3.16871],[-79.03173,-3.16882]],[[-79.03173,-3.16882],[-79.03173,-3.16871]],[[-79.03128,-3.16498],[-79.03164,-3.16502]],[[-79.03164,-3.16502],[-79.03128,-3.16498]],[[-79.03159,-3.1721],[-79.0315,-3.17218]],[[-79.0315,-3.17218],[-79.03159,-3.1721]],[[-79.0315,-3.17218],[-79.03138,-3.17238]],[[-79.03138,-3.17238],[-79.0315,-3.17218]],[[-79.03138,-3.17238],[-79.03127,-3.17265]],[[-79.03127,-3.17265],[-79.03138,-3.17238]],[[-79.03102,-3.16501],[-79.03128,-3.16498]],[[-79.03128,-3.16498],[-79.03102,-3.16501]],[[-79.03127,-3.17265],[-79.03077,-3.17458]],[[-79.03077,-3.17458],[-79.03127,-3.17265]],[[-79.0306,-3.16513],[-79.03102,-3.16501]],[[-79.03102,-3.16501],[-79.0306,-3.16513]],[[-79.03077,-3.17458],[-79.03073,-3.17469]],[[-79.03073,-3.17469],[-79.03077,-3.17458]],[[-79.03073,-3.17469],[-79.03057,-3.17495]],[[-79.03057,-3.17495],[-79.03073,-3.17469]],[[-79.02884,-3.16588],[-79.0306,-3.16513]],[[-79.0306,-3.16513],[-79.02884,-3.16588]],[[-79.03057,-3.17495],[-79.03049,-3.17504]],[[-79.03049,-3.17504],[-79.03057,-3.17495]],[[-79.03049,-3.17504],[-79.03028,-3.17524]],[[-79.03028,-3.17524],[-79.03049,-3.17504]],[[-79.03028,-3.17524],[-79.02975,-3.17565]],[[-79.02975,-3.17565],[-79.03028,-3.17524]],[[-79.02975,-3.17565],[-79.02945,-3.17586]],[[-79.02945,-3.17586],[-79.02975,-3.17565]],[[-79.02923,-3.19843],[-79.02966,-3.1987]],[[-79.02966,-3.1987],[-79.02923,-3.19843]],[[-79.02945,-3.17586],[-79.02922,-3.17597]],[[-79.02922,-3.17597],[-79.02945,-3.17586]],[[-79.0288,-3.1981],[-79.02923,-3.19843]],[[-79.02923,-3.19843],[-79.0288,-3.1981]],[[-79.02922,-3.17597],[-79.0291,-3.17601]],[[-79.0291,-3.17601],[-79.02922,-3.17597]],[[-79.0291,-3.17601],[-79.02892,-3.17606]],[[-79.02892,-3.17606],[-79.0291,-3.17601]],[[-79.02892,-3.17606],[-79.02881,-3.17608]],[[-79.02881,-3.17608],[-79.02892,-3.17606]],[[-79.02871,-3.1659],[-79.02884,-3.16588]],[[-79.02884,-3.16588],[-79.02871,-3.1659]],[[-79.02881,-3.17608],[-79.02868,-3.1761]],[[-79.02868,-3.1761],[-79.02881,-3.17608]],[[-79.02844,-3.19778],[-79.0288,-3.1981]],[[-79.0288,-3.1981],[-79.02844,-3.19778]],[[-79.02871,-3.0656],[-79.02844,-3.0658]],[[-79.02844,-3.0658],[-79.02871,-3.0656]],[[-79.02855,-3.1659],[-79.02871,-3.1659]],[[-79.02871,-3.1659],[-79.02855,-3.1659]],[[-79.02868,-3.1761],[-79.02822,-3.1762]],[[-79.02822,-3.1762],[-79.02868,-3.1761]],[[-79.02844,-3.16588],[-79.02855,-3.1659]],[[-79.02855,-3.1659],[-79.02844,-3.16588]],[[-79.02808,-3.19737],[-79.02844,-3.19778]],[[-79.02844,-3.19778],[-79.02808,-3.19737]],[[-79.02844,-3.0658],[-79.02818,-3.06604]],[[-79.02818,-3.06604],[-79.02844,-3.0658]],[[-79.02827,-3.16581],[-79.02844,-3.16588]],[[-79.02844,-3.16588],[-79.02827,-3.16581]],[[-79.02815,-3.16572],[-79.02827,-3.16581]],[[-79.02827,-3.16581],[-79.02815,-3.16572]],[[-79.02822,-3.1762],[-79.02804,-3.17627]],[[-79.02804,-3.17627],[-79.02822,-3.1762]],[[-79.02818,-3.06604],[-79.02793,-3.06628]],[[-79.02793,-3.06628],[-79.02818,-3.06604]],[[-79.02807,-3.16562],[-79.02815,-3.16572]],[[-79.02815,-3.16572],[-79.02807,-3.16562]],[[-79.02586,-3.1945],[-79.02808,-3.19737]],[[-79.02808,-3.19737],[-79.02586,-3.1945]],[[-79.02801,-3.16551],[-79.02807,-3.16562]],[[-79.02807,-3.16562],[-79.02801,-3.16551]],[[-79.02805,-3.1641],[-79.02806,-3.16421]],[[-79.02806,-3.16421],[-79.02805,-3.1641]],[[-79.02806,-3.16421],[-79.02805,-3.16455]],[[-79.02805,-3.16455],[-79.02806,-3.16421]],[[-79.02805,-3.16455],[-79.02798,-3.16521]],[[-79.02798,-3.16521],[-79.02805,-3.16455]],[[-79.02798,-3.16389],[-79.02805,-3.1641]],[[-79.02805,-3.1641],[-79.02798,-3.16389]],[[-79.02804,-3.17627],[-79.02785,-3.17637]],[[-79.02785,-3.17637],[-79.02804,-3.17627]],[[-79.02801,-3.1794],[-79.02804,-3.17961]],[[-79.02804,-3.17961],[-79.02801,-3.1794]],[[-79.02804,-3.17961],[-79.02798,-3.17995]],[[-79.02798,-3.17995],[-79.02804,-3.17961]],[[-79.02773,-3.17843],[-79.02801,-3.1794]],[[-79.02801,-3.1794],[-79.02773,-3.17843]],[[-79.02799,-3.16542],[-79.02801,-3.16551]],[[-79.02801,-3.16551],[-79.02799,-3.16542]],[[-79.02798,-3.16521],[-79.02799,-3.16542]],[[-79.02799,-3.16542],[-79.02798,-3.16521]],[[-79.02798,-3.17995],[-79.02788,-3.18021]],[[-79.02788,-3.18021],[-79.02798,-3.17995]],[[-79.02787,-3.16373],[-79.02798,-3.16389]],[[-79.02798,-3.16389],[-79.02787,-3.16373]],[[-79.02793,-3.06628],[-79.02546,-3.06926]],[[-79.02546,-3.06926],[-79.02793,-3.06628]],[[-79.02788,-3.18021],[-79.02782,-3.18031]],[[-79.02782,-3.18031],[-79.02788,-3.18021]],[[-79.0278,-3.16365],[-79.02787,-3.16373]],[[-79.02787,-3.16373],[-79.0278,-3.16365]],[[-79.02785,-3.17637],[-79.02769,-3.1765]],[[-79.02769,-3.1765],[-79.02785,-3.17637]],[[-79.02782,-3.18031],[-79.02769,-3.18047]],[[-79.02769,-3.18047],[-79.02782,-3.18031]],[[-79.02764,-3.1635],[-79.0278,-3.16365]],[[-79.0278,-3.16365],[-79.02764,-3.1635]],[[-79.02779,-2.92244],[-79.0278,-2.92248]],[[-79.02779,-2.92244],[-79.0278,-2.92248]],[[-79.0278,-2.92248],[-79.0278,-2.92253]],[[-79.0278,-2.92248],[-79.0278,-2.92253]],[[-79.0278,-2.92253],[-79.02778,-2.92257]],[[-79.0278,-2.92253],[-79.02778,-2.92257]],[[-79.02777,-2.92239],[-79.02779,-2.92244]],[[-79.02777,-2.92239],[-79.02779,-2.92244]],[[-79.02778,-2.92257],[-79.02776,-2.92261]],[[-79.02778,-2.92257],[-79.02776,-2.92261]],[[-79.02776,-2.92238],[-79.02777,-2.92239]],[[-79.02776,-2.92238],[-79.02777,-2.92239]],[[-79.02774,-2.92235],[-79.02776,-2.92238]],[[-79.02774,-2.92235],[-79.02776,-2.92238]],[[-79.02776,-2.92261],[-79.02773,-2.92265]],[[-79.02776,-2.92261],[-79.02773,-2.92265]],[[-79.02771,-2.92232],[-79.02774,-2.92235]],[[-79.02771,-2.92232],[-79.02774,-2.92235]],[[-79.02751,-3.17783],[-79.02773,-3.17843]],[[-79.02773,-3.17843],[-79.02751,-3.17783]],[[-79.02773,-2.92265],[-79.02769,-2.92267]],[[-79.02773,-2.92265],[-79.02769,-2.92267]],[[-79.02768,-2.9223],[-79.02771,-2.92232]],[[-79.02768,-2.9223],[-79.02771,-2.92232]],[[-79.02769,-2.92267],[-79.02765,-2.92269]],[[-79.02769,-2.92267],[-79.02765,-2.92269]],[[-79.02769,-3.1765],[-79.02758,-3.17664]],[[-79.02758,-3.17664],[-79.02769,-3.1765]],[[-79.02769,-3.18047],[-79.02686,-3.1812]],[[-79.02686,-3.1812],[-79.02769,-3.18047]],[[-79.02765,-2.92229],[-79.02768,-2.9223]],[[-79.02765,-2.92229],[-79.02768,-2.9223]],[[-79.02765,-2.92269],[-79.02764,-2.92269]],[[-79.02765,-2.92269],[-79.02764,-2.92269]],[[-79.02761,-2.92228],[-79.02765,-2.92229]],[[-79.02761,-2.92228],[-79.02765,-2.92229]],[[-79.02738,-3.16334],[-79.02764,-3.1635]],[[-79.02764,-3.1635],[-79.02738,-3.16334]],[[-79.02764,-2.92269],[-79.02758,-2.9227]],[[-79.02764,-2.92269],[-79.02758,-2.9227]],[[-79.02757,-2.92228],[-79.02761,-2.92228]],[[-79.02757,-2.92228],[-79.02761,-2.92228]],[[-79.02758,-2.9227],[-79.02752,-2.92269]],[[-79.02758,-2.9227],[-79.02752,-2.92269]],[[-79.02758,-3.17664],[-79.02752,-3.17674]],[[-79.02752,-3.17674],[-79.02758,-3.17664]],[[-79.02754,-2.92229],[-79.02757,-2.92228]],[[-79.02754,-2.92229],[-79.02757,-2.92228]],[[-79.0275,-2.9223],[-79.02754,-2.92229]],[[-79.0275,-2.9223],[-79.02754,-2.92229]],[[-79.02752,-3.17674],[-79.02744,-3.17691]],[[-79.02744,-3.17691],[-79.02752,-3.17674]],[[-79.02752,-2.92269],[-79.02746,-2.92266]],[[-79.02752,-2.92269],[-79.02746,-2.92266]],[[-79.02741,-3.17749],[-79.02751,-3.17783]],[[-79.02751,-3.17783],[-79.02741,-3.17749]],[[-79.02747,-2.92232],[-79.0275,-2.9223]],[[-79.02747,-2.92232],[-79.0275,-2.9223]],[[-79.02745,-2.92234],[-79.02747,-2.92232]],[[-79.02745,-2.92234],[-79.02747,-2.92232]],[[-79.02746,-2.92266],[-79.02742,-2.92262]],[[-79.02746,-2.92266],[-79.02742,-2.92262]],[[-79.01153,-2.91985],[-79.02244,-2.92088],[-79.02745,-2.92234]],[[-79.02741,-2.92238],[-79.02745,-2.92234]],[[-79.02741,-2.92238],[-79.02745,-2.92234]],[[-79.02744,-3.17691],[-79.02741,-3.17707]],[[-79.02741,-3.17707],[-79.02744,-3.17691]],[[-79.02742,-2.92262],[-79.02741,-2.9226]],[[-79.02742,-2.92262],[-79.02741,-2.9226]],[[-79.02739,-2.92242],[-79.02741,-2.92238]],[[-79.02739,-2.92242],[-79.02741,-2.92238]],[[-79.02741,-2.9226],[-79.02239,-2.92103],[-79.0115,-2.92023]],[[-79.02741,-2.9226],[-79.0274,-2.92258]],[[-79.02741,-2.9226],[-79.0274,-2.92258]],[[-79.0274,-3.17741],[-79.02741,-3.17749]],[[-79.02741,-3.17749],[-79.0274,-3.17741]],[[-79.02741,-3.17707],[-79.02739,-3.17724]],[[-79.02739,-3.17724],[-79.02741,-3.17707]],[[-79.02739,-3.17724],[-79.0274,-3.17741]],[[-79.0274,-3.17741],[-79.02739,-3.17724]],[[-79.0274,-2.92258],[-79.02738,-2.92253]],[[-79.0274,-2.92258],[-79.02738,-2.92253]],[[-79.02738,-2.92248],[-79.02739,-2.92242]],[[-79.02738,-2.92248],[-79.02739,-2.92242]],[[-79.02738,-2.92253],[-79.02738,-2.92248]],[[-79.02738,-2.92253],[-79.02738,-2.92248]],[[-79.02686,-3.16304],[-79.02738,-3.16334]],[[-79.02738,-3.16334],[-79.02686,-3.16304]],[[-79.02721,-3.18313],[-79.02733,-3.18342]],[[-79.02733,-3.18342],[-79.02721,-3.18313]],[[-79.02733,-3.18342],[-79.02733,-3.18357]],[[-79.02733,-3.18357],[-79.02733,-3.18342]],[[-79.02733,-3.18357],[-79.02733,-3.18366]],[[-79.02733,-3.18366],[-79.02733,-3.18357]],[[-79.02733,-3.18366],[-79.02729,-3.1839]],[[-79.02729,-3.1839],[-79.02733,-3.18366]],[[-79.02729,-3.1839],[-79.02705,-3.18452]],[[-79.02705,-3.18452],[-79.02729,-3.1839]],[[-79.02669,-3.18224],[-79.02721,-3.18313]],[[-79.02721,-3.18313],[-79.02669,-3.18224]],[[-79.02713,-3.14693],[-79.02714,-3.14706]],[[-79.02714,-3.14706],[-79.02713,-3.14693]],[[-79.02714,-3.14706],[-79.02714,-3.14717]],[[-79.02714,-3.14717],[-79.02714,-3.14706]],[[-79.02714,-3.14717],[-79.02713,-3.14735]],[[-79.02713,-3.14735],[-79.02714,-3.14717]],[[-79.02713,-3.14735],[-79.02707,-3.14753]],[[-79.02707,-3.14753],[-79.02713,-3.14735]],[[-79.02706,-3.1468],[-79.02713,-3.14693]],[[-79.02713,-3.14693],[-79.02706,-3.1468]],[[-79.02707,-3.14753],[-79.02637,-3.14964]],[[-79.02637,-3.14964],[-79.02707,-3.14753]],[[-79.02697,-3.14666],[-79.02706,-3.1468]],[[-79.02706,-3.1468],[-79.02697,-3.14666]],[[-79.02705,-3.18452],[-79.02679,-3.18505]],[[-79.02679,-3.18505],[-79.02705,-3.18452]],[[-79.02548,-3.14496],[-79.02697,-3.14666]],[[-79.02697,-3.14666],[-79.02548,-3.14496]],[[-79.02686,-3.1812],[-79.02675,-3.18133]],[[-79.02675,-3.18133],[-79.02686,-3.1812]],[[-79.02638,-3.16282],[-79.02686,-3.16304]],[[-79.02686,-3.16304],[-79.02638,-3.16282]],[[-79.02679,-3.18505],[-79.02667,-3.18526]],[[-79.02667,-3.18526],[-79.02679,-3.18505]],[[-79.02675,-3.18133],[-79.0267,-3.18143]],[[-79.0267,-3.18143],[-79.02675,-3.18133]],[[-79.0267,-3.18143],[-79.02666,-3.18153]],[[-79.02666,-3.18153],[-79.0267,-3.18143]],[[-79.02663,-3.18208],[-79.02669,-3.18224]],[[-79.02669,-3.18224],[-79.02663,-3.18208]],[[-79.02667,-3.18526],[-79.02648,-3.18553]],[[-79.02648,-3.18553],[-79.02667,-3.18526]],[[-79.02666,-3.18153],[-79.02661,-3.18173]],[[-79.02661,-3.18173],[-79.02666,-3.18153]],[[-79.0266,-3.18195],[-79.02663,-3.18208]],[[-79.02663,-3.18208],[-79.0266,-3.18195]],[[-79.02661,-3.18173],[-79.02659,-3.18184]],[[-79.02659,-3.18184],[-79.02661,-3.18173]],[[-79.02659,-3.18184],[-79.0266,-3.18195]],[[-79.0266,-3.18195],[-79.02659,-3.18184]],[[-79.02648,-3.18553],[-79.0258,-3.18634]],[[-79.0258,-3.18634],[-79.02648,-3.18553]],[[-79.02603,-3.16274],[-79.02638,-3.16282]],[[-79.02638,-3.16282],[-79.02603,-3.16274]],[[-79.02637,-3.14964],[-79.02625,-3.1499]],[[-79.02625,-3.1499],[-79.02637,-3.14964]],[[-79.02625,-3.1499],[-79.0262,-3.15]],[[-79.0262,-3.15],[-79.02625,-3.1499]],[[-79.0262,-3.15],[-79.02615,-3.15007]],[[-79.02615,-3.15007],[-79.0262,-3.15]],[[-79.02615,-3.15007],[-79.02604,-3.15015]],[[-79.02604,-3.15015],[-79.02615,-3.15007]],[[-79.02604,-3.15015],[-79.02592,-3.15022]],[[-79.02592,-3.15022],[-79.02604,-3.15015]],[[-79.02552,-3.16272],[-79.02603,-3.16274]],[[-79.02603,-3.16274],[-79.02552,-3.16272]],[[-79.02592,-3.15022],[-79.02572,-3.15028]],[[-79.02572,-3.15028],[-79.02592,-3.15022]],[[-79.02403,-3.19259],[-79.02586,-3.1945]],[[-79.02586,-3.1945],[-79.02403,-3.19259]],[[-79.0258,-3.18634],[-79.02543,-3.18665]],[[-79.02543,-3.18665],[-79.0258,-3.18634]],[[-79.02572,-3.15028],[-79.02562,-3.15029]],[[-79.02562,-3.15029],[-79.02572,-3.15028]],[[-79.02562,-3.15029],[-79.02541,-3.15029]],[[-79.02541,-3.15029],[-79.02562,-3.15029]],[[-79.02526,-3.16268],[-79.02552,-3.16272]],[[-79.02552,-3.16272],[-79.02526,-3.16268]],[[-79.02498,-3.14442],[-79.02548,-3.14496]],[[-79.02548,-3.14496],[-79.02498,-3.14442]],[[-79.02546,-3.06926],[-79.02181,-3.07273]],[[-79.02181,-3.07273],[-79.02546,-3.06926]],[[-79.02543,-3.18665],[-79.02519,-3.18682]],[[-79.02519,-3.18682],[-79.02543,-3.18665]],[[-79.02541,-3.15029],[-79.02406,-3.15008]],[[-79.02406,-3.15008],[-79.02541,-3.15029]],[[-79.02504,-3.16259],[-79.02526,-3.16268]],[[-79.02526,-3.16268],[-79.02504,-3.16259]],[[-79.02519,-3.18682],[-79.02479,-3.18701]],[[-79.02479,-3.18701],[-79.02519,-3.18682]],[[-79.0243,-3.16217],[-79.02504,-3.16259]],[[-79.02504,-3.16259],[-79.0243,-3.16217]],[[-79.02472,-3.14424],[-79.02498,-3.14442]],[[-79.02498,-3.14442],[-79.02472,-3.14424]],[[-79.02479,-3.18701],[-79.02457,-3.18708]],[[-79.02457,-3.18708],[-79.02479,-3.18701]],[[-79.02449,-3.14415],[-79.02472,-3.14424]],[[-79.02472,-3.14424],[-79.02449,-3.14415]],[[-79.02457,-3.18708],[-79.02399,-3.18723]],[[-79.02399,-3.18723],[-79.02457,-3.18708]],[[-79.02426,-3.14412],[-79.02449,-3.14415]],[[-79.02449,-3.14415],[-79.02426,-3.14412]],[[-79.02385,-3.16189],[-79.0243,-3.16217]],[[-79.0243,-3.16217],[-79.02385,-3.16189]],[[-79.02407,-3.14412],[-79.02426,-3.14412]],[[-79.02426,-3.14412],[-79.02407,-3.14412]],[[-79.02382,-3.14417],[-79.02407,-3.14412]],[[-79.02407,-3.14412],[-79.02382,-3.14417]],[[-79.02406,-3.15008],[-79.02377,-3.15008]],[[-79.02377,-3.15008],[-79.02406,-3.15008]],[[-79.02384,-3.19236],[-79.02403,-3.19259]],[[-79.02403,-3.19259],[-79.02384,-3.19236]],[[-79.02399,-3.18723],[-79.02246,-3.18754]],[[-79.02246,-3.18754],[-79.02399,-3.18723]],[[-79.0239,-3.14176],[-79.02394,-3.14201]],[[-79.02394,-3.14201],[-79.0239,-3.14176]],[[-79.02394,-3.14201],[-79.02389,-3.14229]],[[-79.02389,-3.14229],[-79.02394,-3.14201]],[[-79.0238,-3.14158],[-79.0239,-3.14176]],[[-79.0239,-3.14176],[-79.0238,-3.14158]],[[-79.02389,-3.14229],[-79.02377,-3.14247]],[[-79.02377,-3.14247],[-79.02389,-3.14229]],[[-79.02367,-3.16177],[-79.02385,-3.16189]],[[-79.02385,-3.16189],[-79.02367,-3.16177]],[[-79.02374,-3.19211],[-79.02384,-3.19236]],[[-79.02384,-3.19236],[-79.02374,-3.19211]],[[-79.02308,-3.14454],[-79.02382,-3.14417]],[[-79.02382,-3.14417],[-79.02308,-3.14454]],[[-79.02327,-3.14072],[-79.0238,-3.14158]],[[-79.0238,-3.14158],[-79.02327,-3.14072]],[[-79.02377,-3.15008],[-79.02363,-3.1501]],[[-79.02363,-3.1501],[-79.02377,-3.15008]],[[-79.02377,-3.14247],[-79.02359,-3.14262]],[[-79.02359,-3.14262],[-79.02377,-3.14247]],[[-79.02352,-3.19157],[-79.02374,-3.19211]],[[-79.02374,-3.19211],[-79.02352,-3.19157]],[[-79.02352,-3.16159],[-79.02367,-3.16177]],[[-79.02367,-3.16177],[-79.02352,-3.16159]],[[-79.02363,-3.1501],[-79.0235,-3.15015]],[[-79.0235,-3.15015],[-79.02363,-3.1501]],[[-79.02359,-3.14262],[-79.02328,-3.14271]],[[-79.02328,-3.14271],[-79.02359,-3.14262]],[[-79.02345,-3.16145],[-79.02352,-3.16159]],[[-79.02352,-3.16159],[-79.02345,-3.16145]],[[-79.02333,-3.19108],[-79.02352,-3.19157]],[[-79.02352,-3.19157],[-79.02333,-3.19108]],[[-79.0235,-3.15015],[-79.02335,-3.15023]],[[-79.02335,-3.15023],[-79.0235,-3.15015]],[[-79.02335,-3.16109],[-79.02345,-3.16145]],[[-79.02345,-3.16145],[-79.02335,-3.16109]],[[-79.02335,-3.15642],[-79.02336,-3.15687]],[[-79.02336,-3.15687],[-79.02335,-3.15642]],[[-79.02336,-3.15687],[-79.02319,-3.15879]],[[-79.02319,-3.15879],[-79.02336,-3.15687]],[[-79.02335,-3.15023],[-79.02312,-3.15041]],[[-79.02312,-3.15041],[-79.02335,-3.15023]],[[-79.02324,-3.16014],[-79.02335,-3.16109]],[[-79.02335,-3.16109],[-79.02324,-3.16014]],[[-79.02329,-3.15614],[-79.02335,-3.15642]],[[-79.02335,-3.15642],[-79.02329,-3.15614]],[[-79.02312,-3.19066],[-79.02333,-3.19108]],[[-79.02333,-3.19108],[-79.02312,-3.19066]],[[-79.02323,-3.15601],[-79.02329,-3.15614]],[[-79.02329,-3.15614],[-79.02323,-3.15601]],[[-79.02328,-3.14271],[-79.02292,-3.14264]],[[-79.02292,-3.14264],[-79.02328,-3.14271]],[[-79.0212,-3.1383],[-79.02327,-3.14072]],[[-79.02327,-3.14072],[-79.0212,-3.1383]],[[-79.02317,-3.15939],[-79.02324,-3.16014]],[[-79.02324,-3.16014],[-79.02317,-3.15939]],[[-79.02302,-3.15572],[-79.02323,-3.15601]],[[-79.02323,-3.15601],[-79.02302,-3.15572]],[[-79.02319,-3.15879],[-79.02316,-3.15912]],[[-79.02316,-3.15912],[-79.02319,-3.15879]],[[-79.02316,-3.15912],[-79.02317,-3.15939]],[[-79.02317,-3.15939],[-79.02316,-3.15912]],[[-79.02224,-3.18924],[-79.02312,-3.19066]],[[-79.02312,-3.19066],[-79.02224,-3.18924]],[[-79.02312,-3.15041],[-79.02272,-3.15075]],[[-79.02272,-3.15075],[-79.02312,-3.15041]],[[-79.02283,-3.14461],[-79.02308,-3.14454]],[[-79.02308,-3.14454],[-79.02283,-3.14461]],[[-79.02103,-3.15353],[-79.02302,-3.15572]],[[-79.02302,-3.15572],[-79.02103,-3.15353]],[[-79.02292,-3.14264],[-79.02256,-3.14252]],[[-79.02256,-3.14252],[-79.02292,-3.14264]],[[-79.02261,-3.1446],[-79.02283,-3.14461]],[[-79.02283,-3.14461],[-79.02261,-3.1446]],[[-79.02272,-3.15075],[-79.02255,-3.15087]],[[-79.02255,-3.15087],[-79.02272,-3.15075]],[[-79.02239,-3.14454],[-79.02261,-3.1446]],[[-79.02261,-3.1446],[-79.02239,-3.14454]],[[-79.02256,-3.14252],[-79.02232,-3.14247]],[[-79.02232,-3.14247],[-79.02256,-3.14252]],[[-79.02255,-3.15087],[-79.02212,-3.15124]],[[-79.02212,-3.15124],[-79.02255,-3.15087]],[[-79.02246,-3.18754],[-79.02235,-3.18757]],[[-79.02235,-3.18757],[-79.02246,-3.18754]],[[-79.02225,-3.14444],[-79.02239,-3.14454]],[[-79.02239,-3.14454],[-79.02225,-3.14444]],[[-79.02235,-3.18757],[-79.02214,-3.18766]],[[-79.02214,-3.18766],[-79.02235,-3.18757]],[[-79.02232,-3.14247],[-79.02213,-3.14248]],[[-79.02213,-3.14248],[-79.02232,-3.14247]],[[-79.02161,-3.14374],[-79.02225,-3.14444]],[[-79.02225,-3.14444],[-79.02161,-3.14374]],[[-79.02189,-3.18869],[-79.02224,-3.18924]],[[-79.02224,-3.18924],[-79.02189,-3.18869]],[[-79.02214,-3.18766],[-79.02202,-3.18775]],[[-79.02202,-3.18775],[-79.02214,-3.18766]],[[-79.02213,-3.14248],[-79.02189,-3.14256]],[[-79.02189,-3.14256],[-79.02213,-3.14248]],[[-79.02212,-3.15124],[-79.02188,-3.15149]],[[-79.02188,-3.15149],[-79.02212,-3.15124]],[[-79.02202,-3.18775],[-79.02186,-3.18795]],[[-79.02186,-3.18795],[-79.02202,-3.18775]],[[-79.02189,-3.14256],[-79.02174,-3.14265]],[[-79.02174,-3.14265],[-79.02189,-3.14256]],[[-79.02185,-3.18853],[-79.02189,-3.18869]],[[-79.02189,-3.18869],[-79.02185,-3.18853]],[[-79.02188,-3.15149],[-79.02104,-3.15242]],[[-79.02104,-3.15242],[-79.02188,-3.15149]],[[-79.02186,-3.18795],[-79.02183,-3.18804]],[[-79.02183,-3.18804],[-79.02186,-3.18795]],[[-79.02182,-3.18841],[-79.02185,-3.18853]],[[-79.02185,-3.18853],[-79.02182,-3.18841]],[[-79.02183,-3.18804],[-79.0218,-3.18816]],[[-79.0218,-3.18816],[-79.02183,-3.18804]],[[-79.0218,-3.18826],[-79.02182,-3.18841]],[[-79.02182,-3.18841],[-79.0218,-3.18826]],[[-79.02181,-3.07273],[-79.01845,-3.07537]],[[-79.01845,-3.07537],[-79.02181,-3.07273]],[[-79.0218,-3.18816],[-79.0218,-3.18826]],[[-79.0218,-3.18826],[-79.0218,-3.18816]],[[-79.02174,-3.14265],[-79.0216,-3.14282]],[[-79.0216,-3.14282],[-79.02174,-3.14265]],[[-79.0215,-3.14352],[-79.02161,-3.14374]],[[-79.02161,-3.14374],[-79.0215,-3.14352]],[[-79.0216,-3.14282],[-79.02151,-3.14297]],[[-79.02151,-3.14297],[-79.0216,-3.14282]],[[-79.02151,-3.14297],[-79.02148,-3.1431]],[[-79.02148,-3.1431],[-79.02151,-3.14297]],[[-79.02146,-3.1433],[-79.0215,-3.14352]],[[-79.0215,-3.14352],[-79.02146,-3.1433]],[[-79.02148,-3.1431],[-79.02146,-3.1433]],[[-79.02146,-3.1433],[-79.02148,-3.1431]],[[-79.02092,-3.13812],[-79.0212,-3.1383]],[[-79.0212,-3.1383],[-79.02092,-3.13812]],[[-79.02104,-3.15242],[-79.02089,-3.15261]],[[-79.02089,-3.15261],[-79.02104,-3.15242]],[[-79.0209,-3.15337],[-79.02103,-3.15353]],[[-79.02103,-3.15353],[-79.0209,-3.15337]],[[-79.02068,-3.13802],[-79.02092,-3.13812]],[[-79.02092,-3.13812],[-79.02068,-3.13802]],[[-79.02084,-3.15326],[-79.0209,-3.15337]],[[-79.0209,-3.15337],[-79.02084,-3.15326]],[[-79.02089,-3.15261],[-79.02082,-3.15276]],[[-79.02082,-3.15276],[-79.02089,-3.15261]],[[-79.02079,-3.15313],[-79.02084,-3.15326]],[[-79.02084,-3.15326],[-79.02079,-3.15313]],[[-79.02082,-3.15276],[-79.02079,-3.15285]],[[-79.02079,-3.15285],[-79.02082,-3.15276]],[[-79.02078,-3.15302],[-79.02079,-3.15313]],[[-79.02079,-3.15313],[-79.02078,-3.15302]],[[-79.02079,-3.15285],[-79.02078,-3.15302]],[[-79.02078,-3.15302],[-79.02079,-3.15285]],[[-79.01885,-3.13743],[-79.02068,-3.13802]],[[-79.02068,-3.13802],[-79.01885,-3.13743]],[[-79.01866,-3.13736],[-79.01885,-3.13743]],[[-79.01885,-3.13743],[-79.01866,-3.13736]],[[-79.0185,-3.13727],[-79.01866,-3.13736]],[[-79.01866,-3.13736],[-79.0185,-3.13727]],[[-79.01834,-3.13712],[-79.0185,-3.13727]],[[-79.0185,-3.13727],[-79.01834,-3.13712]],[[-79.01845,-3.07537],[-79.01828,-3.07554]],[[-79.01828,-3.07554],[-79.01845,-3.07537]],[[-79.01819,-3.13689],[-79.01834,-3.13712]],[[-79.01834,-3.13712],[-79.01819,-3.13689]],[[-79.01828,-3.07554],[-79.01815,-3.07572]],[[-79.01815,-3.07572],[-79.01828,-3.07554]],[[-79.01803,-3.13655],[-79.01819,-3.13689]],[[-79.01819,-3.13689],[-79.01803,-3.13655]],[[-79.01815,-3.07572],[-79.01802,-3.07592]],[[-79.01802,-3.07592],[-79.01815,-3.07572]],[[-79.01702,-3.13436],[-79.01803,-3.13655]],[[-79.01803,-3.13655],[-79.01702,-3.13436]],[[-79.01802,-3.07592],[-79.01794,-3.07612]],[[-79.01794,-3.07612],[-79.01802,-3.07592]],[[-79.01794,-3.07612],[-79.01786,-3.07631]],[[-79.01786,-3.07631],[-79.01794,-3.07612]],[[-79.01786,-3.07631],[-79.01774,-3.07666]],[[-79.01774,-3.07666],[-79.01786,-3.07631]],[[-79.01774,-3.07666],[-79.01717,-3.0784]],[[-79.01717,-3.0784],[-79.01774,-3.07666]],[[-79.01717,-3.0784],[-79.01624,-3.08122]],[[-79.01624,-3.08122],[-79.01717,-3.0784]],[[-79.01687,-3.13417],[-79.01702,-3.13436]],[[-79.01702,-3.13436],[-79.01687,-3.13417]],[[-79.01674,-3.13406],[-79.01687,-3.13417]],[[-79.01687,-3.13417],[-79.01674,-3.13406]],[[-79.01662,-3.13398],[-79.01674,-3.13406]],[[-79.01674,-3.13406],[-79.01662,-3.13398]],[[-79.01637,-3.13386],[-79.01662,-3.13398]],[[-79.01662,-3.13398],[-79.01637,-3.13386]],[[-79.01482,-3.13336],[-79.01637,-3.13386]],[[-79.01637,-3.13386],[-79.01482,-3.13336]],[[-79.01624,-3.08122],[-79.01603,-3.08166]],[[-79.01603,-3.08166],[-79.01624,-3.08122]],[[-79.01603,-3.08166],[-79.01565,-3.08243]],[[-79.01565,-3.08243],[-79.01603,-3.08166]],[[-79.01565,-3.08243],[-79.01524,-3.08328]],[[-79.01524,-3.08328],[-79.01565,-3.08243]],[[-79.01524,-3.08328],[-79.01484,-3.08408]],[[-79.01484,-3.08408],[-79.01524,-3.08328]],[[-79.01484,-3.08408],[-79.01481,-3.08415]],[[-79.01481,-3.08415],[-79.01484,-3.08408]],[[-79.01465,-3.13326],[-79.01482,-3.13336]],[[-79.01482,-3.13336],[-79.01465,-3.13326]],[[-79.01481,-3.08415],[-79.01421,-3.08526]],[[-79.01421,-3.08526],[-79.01481,-3.08415]],[[-79.01455,-3.13314],[-79.01465,-3.13326]],[[-79.01465,-3.13326],[-79.01455,-3.13314]],[[-79.01446,-3.13298],[-79.01455,-3.13314]],[[-79.01455,-3.13314],[-79.01446,-3.13298]],[[-79.01439,-3.13274],[-79.01446,-3.13298]],[[-79.01446,-3.13298],[-79.01439,-3.13274]],[[-79.01383,-3.13074],[-79.01439,-3.13274]],[[-79.01439,-3.13274],[-79.01383,-3.13074]],[[-79.01418,-3.12165],[-79.01421,-3.12192]],[[-79.01421,-3.12192],[-79.01418,-3.12165]],[[-79.01421,-3.12192],[-79.0142,-3.12218]],[[-79.0142,-3.12218],[-79.01421,-3.12192]],[[-79.01421,-3.08526],[-79.01367,-3.08628]],[[-79.01367,-3.08628],[-79.01421,-3.08526]],[[-79.0142,-3.12218],[-79.0139,-3.12383]],[[-79.0139,-3.12383],[-79.0142,-3.12218]],[[-79.01407,-3.12138],[-79.01418,-3.12165]],[[-79.01418,-3.12165],[-79.01407,-3.12138]],[[-79.01391,-3.12107],[-79.01407,-3.12138]],[[-79.01407,-3.12138],[-79.01391,-3.12107]],[[-79.0139,-3.12463],[-79.014,-3.1259]],[[-79.014,-3.1259],[-79.0139,-3.12463]],[[-79.014,-3.1259],[-79.01392,-3.12741]],[[-79.01392,-3.12741],[-79.014,-3.1259]],[[-79.01392,-3.12741],[-79.01386,-3.12774]],[[-79.01386,-3.12774],[-79.01392,-3.12741]],[[-79.01364,-3.12063],[-79.01391,-3.12107]],[[-79.01391,-3.12107],[-79.01364,-3.12063]],[[-79.0139,-3.12383],[-79.01387,-3.12424]],[[-79.01387,-3.12424],[-79.0139,-3.12383]],[[-79.01387,-3.12424],[-79.0139,-3.12463]],[[-79.0139,-3.12463],[-79.01387,-3.12424]],[[-79.01386,-3.12774],[-79.01374,-3.12807]],[[-79.01374,-3.12807],[-79.01386,-3.12774]],[[-79.01372,-3.13045],[-79.01383,-3.13074]],[[-79.01383,-3.13074],[-79.01372,-3.13045]],[[-79.01374,-3.12807],[-79.01353,-3.12844]],[[-79.01353,-3.12844],[-79.01374,-3.12807]],[[-79.01328,-3.12959],[-79.01372,-3.13045]],[[-79.01372,-3.13045],[-79.01328,-3.12959]],[[-79.01367,-3.08628],[-79.01291,-3.08769]],[[-79.01291,-3.08769],[-79.01367,-3.08628]],[[-79.01348,-3.12027],[-79.01364,-3.12063]],[[-79.01364,-3.12063],[-79.01348,-3.12027]],[[-79.01353,-3.12844],[-79.01332,-3.12883]],[[-79.01332,-3.12883],[-79.01353,-3.12844]],[[-79.01328,-3.11965],[-79.01348,-3.12027]],[[-79.01348,-3.12027],[-79.01328,-3.11965]],[[-79.01332,-3.12883],[-79.01325,-3.12901]],[[-79.01325,-3.12901],[-79.01332,-3.12883]],[[-79.01327,-3.11959],[-79.01328,-3.11965]],[[-79.01328,-3.11965],[-79.01327,-3.11959]],[[-79.01321,-3.12935],[-79.01328,-3.12959]],[[-79.01328,-3.12959],[-79.01321,-3.12935]],[[-79.0132,-3.11944],[-79.01327,-3.11959]],[[-79.01327,-3.11959],[-79.0132,-3.11944]],[[-79.01325,-3.12901],[-79.01321,-3.12917]],[[-79.01321,-3.12917],[-79.01325,-3.12901]],[[-79.01321,-3.12917],[-79.01321,-3.12935]],[[-79.01321,-3.12935],[-79.01321,-3.12917]],[[-79.01316,-3.11938],[-79.0132,-3.11944]],[[-79.0132,-3.11944],[-79.01316,-3.11938]],[[-79.01312,-3.11931],[-79.01316,-3.11938]],[[-79.01316,-3.11938],[-79.01312,-3.11931]],[[-79.01295,-3.11912],[-79.01312,-3.11931]],[[-79.01312,-3.11931],[-79.01295,-3.11912]],[[-79.01282,-3.11902],[-79.01295,-3.11912]],[[-79.01295,-3.11912],[-79.01282,-3.11902]],[[-79.01291,-3.08769],[-79.01274,-3.08806]],[[-79.01274,-3.08806],[-79.01291,-3.08769]],[[-79.01228,-3.1187],[-79.01282,-3.11902]],[[-79.01282,-3.11902],[-79.01228,-3.1187]],[[-79.01274,-3.08806],[-79.0126,-3.08849]],[[-79.0126,-3.08849],[-79.01274,-3.08806]],[[-79.0126,-3.08849],[-79.01244,-3.08914]],[[-79.01244,-3.08914],[-79.0126,-3.08849]],[[-79.01244,-3.08914],[-79.01241,-3.08929]],[[-79.01241,-3.08929],[-79.01244,-3.08914]],[[-79.01241,-3.08929],[-79.01238,-3.08939]],[[-79.01238,-3.08939],[-79.01241,-3.08929]],[[-79.01238,-3.08939],[-79.01227,-3.08982]],[[-79.01227,-3.08982],[-79.01238,-3.08939]],[[-79.01212,-3.11853],[-79.01228,-3.1187]],[[-79.01228,-3.1187],[-79.01212,-3.11853]],[[-79.01227,-3.08982],[-79.0121,-3.09027]],[[-79.0121,-3.09027],[-79.01227,-3.08982]],[[-79.01206,-3.11319],[-79.01219,-3.11399]],[[-79.01219,-3.11399],[-79.01206,-3.11319]],[[-79.01219,-3.11399],[-79.01216,-3.11421]],[[-79.01216,-3.11421],[-79.01219,-3.11399]],[[-79.01216,-3.11421],[-79.01208,-3.11446]],[[-79.01208,-3.11446],[-79.01216,-3.11421]],[[-79.01204,-3.11841],[-79.01212,-3.11853]],[[-79.01212,-3.11853],[-79.01204,-3.11841]],[[-79.0121,-3.09027],[-79.01196,-3.09053]],[[-79.01196,-3.09053],[-79.0121,-3.09027]],[[-79.01208,-3.11446],[-79.0119,-3.11465]],[[-79.0119,-3.11465],[-79.01208,-3.11446]],[[-79.01192,-3.11262],[-79.01206,-3.11319]],[[-79.01206,-3.11319],[-79.01192,-3.11262]],[[-79.01195,-3.11823],[-79.01204,-3.11841]],[[-79.01204,-3.11841],[-79.01195,-3.11823]],[[-79.01196,-3.09053],[-79.0114,-3.09134]],[[-79.0114,-3.09134],[-79.01196,-3.09053]],[[-79.0117,-3.11698],[-79.01195,-3.11823]],[[-79.01195,-3.11823],[-79.0117,-3.11698]],[[-79.0117,-3.11223],[-79.01192,-3.11262]],[[-79.01192,-3.11262],[-79.0117,-3.11223]],[[-79.0119,-3.11465],[-79.01159,-3.11509]],[[-79.01159,-3.11509],[-79.0119,-3.11465]],[[-79.01132,-3.11168],[-79.0117,-3.11223]],[[-79.0117,-3.11223],[-79.01132,-3.11168]],[[-79.01141,-3.11591],[-79.0117,-3.11698]],[[-79.0117,-3.11698],[-79.01141,-3.11591]],[[-79.01161,-2.91995],[-79.01162,-2.92002]],[[-79.01161,-2.91995],[-79.01162,-2.92002]],[[-79.01162,-2.92002],[-79.01161,-2.92008]],[[-79.01162,-2.92002],[-79.01161,-2.92008]],[[-79.01161,-2.92008],[-79.01159,-2.92014]],[[-79.01161,-2.92008],[-79.01159,-2.92014]],[[-79.01158,-2.9199],[-79.01161,-2.91995]],[[-79.01158,-2.9199],[-79.01161,-2.91995]],[[-79.01159,-3.11509],[-79.01147,-3.11531]],[[-79.01147,-3.11531],[-79.01159,-3.11509]],[[-79.01159,-2.92014],[-79.01155,-2.92019]],[[-79.01159,-2.92014],[-79.01155,-2.92019]],[[-79.01153,-2.91985],[-79.01158,-2.9199]],[[-79.01153,-2.91985],[-79.01158,-2.9199]],[[-79.01155,-2.92019],[-79.0115,-2.92023]],[[-79.01155,-2.92019],[-79.0115,-2.92023]],[[-79.01148,-2.91982],[-79.01153,-2.91985]],[[-79.01148,-2.91982],[-79.01153,-2.91985]],[[-79.0115,-2.92023],[-79.01148,-2.92024]],[[-79.0115,-2.92023],[-79.01148,-2.92024]],[[-79.01148,-2.92024],[-79.01144,-2.92026]],[[-79.01148,-2.92024],[-79.01144,-2.92026]],[[-79.01142,-2.9198],[-79.01148,-2.91982]],[[-79.01142,-2.9198],[-79.01148,-2.91982]],[[-79.01147,-3.11531],[-79.01142,-3.11549]],[[-79.01142,-3.11549],[-79.01147,-3.11531]],[[-79.01144,-2.92026],[-79.01137,-2.92026]],[[-79.01144,-2.92026],[-79.01137,-2.92026]],[[-79.01142,-3.11549],[-79.0114,-3.11566]],[[-79.0114,-3.11566],[-79.01142,-3.11549]],[[-79.01135,-2.9198],[-79.01142,-2.9198]],[[-79.01135,-2.9198],[-79.01142,-2.9198]],[[-79.0114,-3.11566],[-79.01141,-3.11591]],[[-79.01141,-3.11591],[-79.0114,-3.11566]],[[-79.0114,-3.09134],[-79.01117,-3.09168]],[[-79.01117,-3.09168],[-79.0114,-3.09134]],[[-79.01137,-2.92026],[-79.0113,-2.92025]],[[-79.01137,-2.92026],[-79.0113,-2.92025]],[[-79.01129,-2.91982],[-79.01135,-2.9198]],[[-79.01129,-2.91982],[-79.01135,-2.9198]],[[-79.01113,-3.11136],[-79.01132,-3.11168]],[[-79.01132,-3.11168],[-79.01113,-3.11136]],[[-79.0113,-2.92025],[-79.01124,-2.92021]],[[-79.0113,-2.92025],[-79.01124,-2.92021]],[[-79.01124,-2.91985],[-79.01129,-2.91982]],[[-79.01124,-2.91985],[-79.01129,-2.91982]],[[-79.01124,-2.92021],[-79.01121,-2.92018]],[[-79.01124,-2.92021],[-79.01121,-2.92018]],[[-79.0112,-2.91989],[-79.01124,-2.91985]],[[-79.0112,-2.91989],[-79.01124,-2.91985]],[[-79.01121,-2.92018],[-79.0112,-2.92016]],[[-79.01121,-2.92018],[-79.0112,-2.92016]],[[-79.01117,-2.91994],[-79.0112,-2.91989]],[[-79.01117,-2.91994],[-79.0112,-2.91989]],[[-79.0112,-2.92016],[-79.01117,-2.92011]],[[-79.0112,-2.92016],[-79.01117,-2.92011]],[[-79.01116,-2.92],[-79.01117,-2.91994]],[[-79.01116,-2.92],[-79.01117,-2.91994]],[[-79.01117,-2.92011],[-79.01116,-2.92006]],[[-79.01117,-2.92011],[-79.01116,-2.92006]],[[-79.01117,-3.09168],[-79.01046,-3.0927]],[[-79.01046,-3.0927],[-79.01117,-3.09168]],[[-79.01116,-2.92006],[-79.01116,-2.92]],[[-79.01116,-2.92006],[-79.01116,-2.92]],[[-79.01107,-3.11115],[-79.01113,-3.11136]],[[-79.01113,-3.11136],[-79.01107,-3.11115]],[[-79.01108,-3.10937],[-79.01109,-3.10945]],[[-79.01109,-3.10945],[-79.01108,-3.10937]],[[-79.01109,-3.10945],[-79.01103,-3.11076]],[[-79.01103,-3.11076],[-79.01109,-3.10945]],[[-79.01103,-3.10912],[-79.01108,-3.10937]],[[-79.01108,-3.10937],[-79.01103,-3.10912]],[[-79.01103,-3.11097],[-79.01107,-3.11115]],[[-79.01107,-3.11115],[-79.01103,-3.11097]],[[-79.01103,-3.11076],[-79.01103,-3.11097]],[[-79.01103,-3.11097],[-79.01103,-3.11076]],[[-79.0106,-3.10764],[-79.01103,-3.10912]],[[-79.01103,-3.10912],[-79.0106,-3.10764]],[[-79.01036,-3.10677],[-79.0106,-3.10764]],[[-79.0106,-3.10764],[-79.01036,-3.10677]],[[-79.01046,-3.0927],[-79.01036,-3.09282]],[[-79.01036,-3.09282],[-79.01046,-3.0927]],[[-79.01036,-3.09282],[-79.01011,-3.09312]],[[-79.01011,-3.09312],[-79.01036,-3.09282]],[[-79.01025,-3.10646],[-79.01036,-3.10677]],[[-79.01036,-3.10677],[-79.01025,-3.10646]],[[-79.01015,-3.10625],[-79.01025,-3.10646]],[[-79.01025,-3.10646],[-79.01015,-3.10625]],[[-79.00998,-3.10602],[-79.01015,-3.10625]],[[-79.01015,-3.10625],[-79.00998,-3.10602]],[[-79.01011,-3.09312],[-79.01001,-3.09324]],[[-79.01001,-3.09324],[-79.01011,-3.09312]],[[-79.01001,-3.09324],[-79.00992,-3.09332]],[[-79.00992,-3.09332],[-79.01001,-3.09324]],[[-79.00952,-3.10547],[-79.00998,-3.10602]],[[-79.00998,-3.10602],[-79.00952,-3.10547]],[[-79.00992,-3.09332],[-79.00919,-3.09403]],[[-79.00919,-3.09403],[-79.00992,-3.09332]],[[-79.00924,-3.10508],[-79.00952,-3.10547]],[[-79.00952,-3.10547],[-79.00924,-3.10508]],[[-79.00911,-3.10483],[-79.00924,-3.10508]],[[-79.00924,-3.10508],[-79.00911,-3.10483]],[[-79.00919,-3.09403],[-79.0081,-3.09508]],[[-79.0081,-3.09508],[-79.00919,-3.09403]],[[-79.00869,-3.10354],[-79.00911,-3.10483]],[[-79.00911,-3.10483],[-79.00869,-3.10354]],[[-79.0087,-3.10122],[-79.00871,-3.10131]],[[-79.00871,-3.10131],[-79.0087,-3.10122]],[[-79.00871,-3.10131],[-79.00871,-3.10158]],[[-79.00871,-3.10158],[-79.00871,-3.10131]],[[-79.00871,-3.10158],[-79.00858,-3.10274]],[[-79.00858,-3.10274],[-79.00871,-3.10158]],[[-79.00867,-3.10108],[-79.0087,-3.10122]],[[-79.0087,-3.10122],[-79.00867,-3.10108]],[[-79.00864,-3.10331],[-79.00869,-3.10354]],[[-79.00869,-3.10354],[-79.00864,-3.10331]],[[-79.00779,-3.09809],[-79.00867,-3.10108]],[[-79.00867,-3.10108],[-79.00779,-3.09809]],[[-79.00859,-3.10302],[-79.00864,-3.10331]],[[-79.00864,-3.10331],[-79.00859,-3.10302]],[[-79.00858,-3.10274],[-79.00859,-3.10302]],[[-79.00859,-3.10302],[-79.00858,-3.10274]],[[-79.0081,-3.09508],[-79.00791,-3.09528]],[[-79.00791,-3.09528],[-79.0081,-3.09508]],[[-79.00791,-3.09528],[-79.00782,-3.09542]],[[-79.00782,-3.09542],[-79.00791,-3.09528]],[[-79.00782,-3.09542],[-79.00769,-3.09563]],[[-79.00769,-3.09563],[-79.00782,-3.09542]],[[-79.00769,-3.09774],[-79.00779,-3.09809]],[[-79.00779,-3.09809],[-79.00769,-3.09774]],[[-79.00754,-3.09714],[-79.00769,-3.09774]],[[-79.00769,-3.09774],[-79.00754,-3.09714]],[[-79.00769,-3.09563],[-79.00758,-3.09585]],[[-79.00758,-3.09585],[-79.00769,-3.09563]],[[-79.00758,-3.09585],[-79.00752,-3.09607]],[[-79.00752,-3.09607],[-79.00758,-3.09585]],[[-79.00749,-3.09689],[-79.00754,-3.09714]],[[-79.00754,-3.09714],[-79.00749,-3.09689]],[[-79.00752,-3.09607],[-79.00747,-3.09635]],[[-79.00747,-3.09635],[-79.00752,-3.09607]],[[-79.00746,-3.09662],[-79.00749,-3.09689]],[[-79.00749,-3.09689],[-79.00746,-3.09662]],[[-79.00747,-3.09635],[-79.00746,-3.09662]],[[-79.00746,-3.09662],[-79.00747,-3.09635]]]}},{"type":"Feature","properties":{"name":"Longitudinal de la Selva Norte","ref":"5N","route":"road"},"geometry":{"type":"MultiLineString","coordinates":[[[-79.11617,-4.97814],[-79.11424,-4.97866],[-79.11371,-4.97712],[-79.10973,-4.97909],[-79.10794,-4.97745],[-79.10406,-4.97868],[-79.10485,-4.98131],[-79.10327,-4.98035],[-79.10263,-4.98295],[-79.10121,-4.98311],[-79.09601,-4.98951],[-79.09644,-4.99065],[-79.09126,-4.99445],[-79.08912,-5.00326],[-79.08806,-5.00311],[-79.08818,-5.00744],[-79.08491,-5.01299],[-79.09039,-5.01656],[-79.08334,-5.02107],[-79.08199,-5.02517],[-79.07986,-5.02515],[-79.0807,-5.02996],[-79.08701,-5.03244],[-79.08819,-5.03138],[-79.08878,-5.03307],[-79.09044,-5.03268],[-79.09251,-5.03449],[-79.09011,-5.03548],[-79.09073,-5.03924],[-79.08801,-5.04189],[-79.09129,-5.04866],[-79.08652,-5.04915],[-79.08482,-5.05398],[-79.08709,-5.05458],[-79.08644,-5.0567],[-79.08791,-5.05792],[-79.08629,-5.05975],[-79.08552,-5.06386],[-79.08422,-5.06323],[-79.08584,-5.06525],[-79.08574,-5.06732],[-79.08151,-5.06823],[-79.08076,-5.07075],[-79.07785,-5.06842],[-79.076,-5.07412],[-79.07886,-5.07432],[-79.07768,-5.076],[-79.07835,-5.07696],[-79.07529,-5.0797],[-79.07648,-5.08042],[-79.07546,-5.08717],[-79.07429,-5.08702],[-79.07196,-5.08089],[-79.07221,-5.07705],[-79.07104,-5.07716],[-79.06887,-5.07874],[-79.07117,-5.07855],[-79.06979,-5.08096],[-79.07105,-5.0821],[-79.0701,-5.08412],[-79.07156,-5.08595],[-79.06784,-5.08697],[-79.06895,-5.08825],[-79.06728,-5.08871],[-79.06739,-5.09012],[-79.06427,-5.0889],[-79.06413,-5.09131],[-79.06148,-5.09054],[-79.06188,-5.09226],[-79.06051,-5.09285],[-79.06029,-5.09535],[-79.0489,-5.09779],[-79.04754,-5.09991],[-79.04606,-5.09823],[-79.04467,-5.09895],[-79.04559,-5.10043],[-79.04416,-5.10261],[-79.04544,-5.10398],[-79.04405,-5.10839],[-79.04515,-5.11121],[-79.04217,-5.11101],[-79.04064,-5.11557],[-79.03862,-5.11515],[-79.03933,-5.11947],[-79.03799,-5.12312],[-79.04082,-5.12231],[-79.04421,-5.12342],[-79.04583,-5.12549],[-79.04539,-5.1271],[-79.0492,-5.12607],[-79.04697,-5.13209],[-79.0447,-5.13104],[-79.03979,-5.13748],[-79.03853,-5.13687],[-79.03281,-5.1389],[-79.0312,-5.13805],[-79.03161,-5.13973],[-79.03035,-5.14131],[-79.03178,-5.14348],[-79.02859,-5.1436],[-79.02661,-5.14692],[-79.02555,-5.14478],[-79.02156,-5.14277],[-79.02023,-5.13776],[-79.01698,-5.13509],[-79.01331,-5.13926],[-79.01266,-5.14277],[-79.01044,-5.13856],[-79.00996,-5.1403],[-79.00854,-5.13834],[-79.00751,-5.14113],[-79.00914,-5.14189],[-79.00905,-5.14759],[-79.00784,-5.145],[-79.00473,-5.14635],[-78.99977,-5.14613],[-78.99884,-5.14275]],[[-78.99872,-5.1426],[-78.99884,-5.14275]],[[-78.99884,-5.14275],[-78.9987,-5.14274],[-78.99872,-5.1426]],[[-78.99872,-5.1426],[-78.99516,-5.13988],[-78.99293,-5.14062],[-78.98944,-5.13898],[-78.98749,-5.14132],[-78.98961,-5.13328],[-78.99469,-5.13091],[-78.99757,-5.12572],[-78.99603,-5.12749],[-78.99268,-5.12562],[-78.99064,-5.12917],[-78.98603,-5.12889],[-78.98451,-5.12758],[-78.97798,-5.13012],[-78.98,-5.12795],[-78.98009,-5.12571],[-78.978,-5.12681],[-78.97568,-5.12376],[-78.97213,-5.12598],[-78.97435,-5.1231],[-78.97666,-5.12238],[-78.97386,-5.11987],[-78.97241,-5.1138],[-78.96543,-5.12115],[-78.96589,-5.11777],[-78.96451,-5.11623],[-78.96652,-5.1143],[-78.96316,-5.11533],[-78.96034,-5.12297],[-78.95876,-5.12034],[-78.95838,-5.12283],[-78.95574,-5.12487],[-78.95494,-5.12141],[-78.94902,-5.11556],[-78.94667,-5.11505],[-78.94386,-5.11973],[-78.94271,-5.12768],[-78.93495,-5.13496],[-78.93401,-5.14004],[-78.93049,-5.14338],[-78.92551,-5.15148],[-78.92216,-5.15362],[-78.9217,-5.15864],[-78.91469,-5.16423],[-78.90869,-5.16632],[-78.90182,-5.17242],[-78.90241,-5.19834],[-78.89964,-5.20674],[-78.89537,-5.20922],[-78.8927,-5.2185],[-78.87496,-5.23096],[-78.8702,-5.23197],[-78.86559,-5.23526],[-78.85873,-5.23532],[-78.85475,-5.23994],[-78.84887,-5.24074],[-78.84642,-5.23915],[-78.84323,-5.24363],[-78.8393,-5.24332],[-78.83611,-5.24622],[-78.83166,-5.24709],[-78.83007,-5.24957],[-78.82744,-5.25059],[-78.82352,-5.25674],[-78.81491,-5.25773],[-78.81675,-5.26005],[-78.81691,-5.26388],[-78.81119,-5.27151],[-78.80941,-5.28148],[-78.81134,-5.28553],[-78.80751,-5.28985],[-78.81074,-5.29316],[-78.81434,-5.30149],[-78.81239,-5.30626],[-78.79954,-5.31464],[-78.79915,-5.32158],[-78.79754,-5.3247],[-78.79628,-5.34753],[-78.78859,-5.36654],[-78.78164,-5.37173],[-78.7793,-5.3718],[-78.7779,-5.37047],[-78.77226,-5.37656],[-78.77466,-5.384],[-78.77383,-5.38614],[-78.77922,-5.39177],[-78.78383,-5.4001],[-78.78569,-5.41316],[-78.7855,-5.4235],[-78.79051,-5.42287],[-78.80028,-5.42838],[-78.80228,-5.42786],[-78.80696,-5.43378],[-78.81192,-5.43599],[-78.81459,-5.43492],[-78.82975,-5.44303],[-78.83359,-5.44345],[-78.83365,-5.45004],[-78.82665,-5.46275],[-78.82154,-5.48622],[-78.82167,-5.49166],[-78.82541,-5.49799],[-78.8235,-5.51058],[-78.82469,-5.53851],[-78.82204,-5.54215],[-78.81312,-5.54267],[-78.80549,-5.56335],[-78.80642,-5.57586],[-78.78314,-5.59584],[-78.77527,-5.60849],[-78.76876,-5.62707],[-78.75207,-5.62991],[-78.74952,-5.63945],[-78.74344,-5.6507],[-78.74455,-5.65215],[-78.76085,-5.65868],[-78.77743,-5.67634],[-78.78013,-5.6772],[-78.79172,-5.68815],[-78.79907,-5.69239],[-78.80337,-5.69325],[-78.8063,-5.69627]],[[-78.8063,-5.69627],[-78.80649,-5.69664],[-78.80674,-5.69771],[-78.8066,-5.69901],[-78.8034,-5.7068]],[[-78.8034,-5.7068],[-78.80652,-5.69899],[-78.8063,-5.69627]],[[-78.80117,-5.71935],[-78.80441,-5.7145]],[[-78.8034,-5.7068],[-78.80285,-5.70945],[-78.80467,-5.71434],[-78.80117,-5.71935]],[[-78.6395,-5.73232],[-78.64973,-5.73905],[-78.65721,-5.7401],[-78.65761,-5.74268],[-78.66578,-5.74776],[-78.66781,-5.74737],[-78.67154,-5.74357],[-78.68119,-5.74449],[-78.68708,-5.74757],[-78.69096,-5.75408],[-78.69471,-5.75397],[-78.69475,-5.77197],[-78.69753,-5.77766],[-78.70283,-5.78322],[-78.70469,-5.78064],[-78.70844,-5.78005],[-78.71525,-5.78173],[-78.7236,-5.7872],[-78.7259,-5.7914],[-78.72351,-5.79856],[-78.7257,-5.8004],[-78.73275,-5.80024],[-78.73596,-5.80145],[-78.73598,-5.81713],[-78.74268,-5.81974],[-78.74893,-5.83385],[-78.75659,-5.83893],[-78.75598,-5.83297],[-78.75757,-5.82489],[-78.78261,-5.79514],[-78.78385,-5.78955],[-78.7831,-5.77572],[-78.7901,-5.76122],[-78.79496,-5.7579],[-78.79172,-5.75743],[-78.78713,-5.76095],[-78.78635,-5.75849],[-78.78722,-5.75533],[-78.79157,-5.75025],[-78.79061,-5.74846],[-78.79326,-5.73406],[-78.80117,-5.71935]]]}},{"type":"Feature","properties":{"name":"Loja-La Balsa","ref":"E682","route":"road"},"geometry":{"type":"MultiLineString","coordinates":[[[-79.19919,-4.03292],[-79.19578,-4.05233],[-79.19718,-4.06273],[-79.1964,-4.07887],[-79.19953,-4.07744],[-79.20324,-4.08157],[-79.20474,-4.08154],[-79.20554,-4.08489],[-79.20924,-4.08493],[-79.20954,-4.09224],[-79.21111,-4.09265],[-79.2067,-4.10426],[-79.20807,-4.10565],[-79.20444,-4.10836],[-79.20396,-4.11225],[-79.20519,-4.11444],[-79.20314,-4.11579],[-79.20168,-4.12252],[-79.20408,-4.13035],[-79.20742,-4.12946],[-79.20316,-4.13298],[-79.20282,-4.13913],[-79.20934,-4.14965],[-79.20849,-4.15071],[-79.20929,-4.15911],[-79.21353,-4.16643],[-79.21497,-4.17285],[-79.21405,-4.17842],[-79.21096,-4.18336],[-79.21166,-4.18988],[-79.215,-4.19307],[-79.21772,-4.19952],[-79.22378,-4.20364],[-79.23052,-4.21209],[-79.23344,-4.21141],[-79.2375,-4.21263],[-79.24239,-4.21181],[-79.24873,-4.21286],[-79.25849,-4.21813],[-79.25302,-4.22303],[-79.25079,-4.22051],[-79.24489,-4.21966],[-79.24226,-4.22065],[-79.24055,-4.22831],[-79.24287,-4.23112],[-79.2407,-4.23171],[-79.23804,-4.23034],[-79.23452,-4.23371],[-79.23161,-4.23232],[-79.22922,-4.23275],[-79.22304,-4.23892],[-79.2253,-4.23827],[-79.22171,-4.24372],[-79.22355,-4.2434],[-79.22266,-4.2468],[-79.22507,-4.24936],[-79.22316,-4.25891],[-79.2273,-4.27199],[-79.22451,-4.27499],[-79.22261,-4.2836],[-79.22628,-4.28385],[-79.22723,-4.28209],[-79.22766,-4.28323],[-79.22514,-4.28694],[-79.22115,-4.28925],[-79.22171,-4.29358],[-79.21914,-4.29584],[-79.21741,-4.30153],[-79.21302,-4.30416],[-79.21161,-4.30794],[-79.2097,-4.30811],[-79.21062,-4.31021],[-79.20976,-4.31334],[-79.20709,-4.30954],[-79.20865,-4.31631],[-79.21033,-4.31614],[-79.20846,-4.32124],[-79.20311,-4.32144],[-79.20304,-4.32286],[-79.20622,-4.32571],[-79.20233,-4.32757],[-79.19972,-4.3336],[-79.19777,-4.33392],[-79.19597,-4.33777],[-79.194,-4.33798],[-79.18691,-4.343],[-79.18218,-4.34357],[-79.19117,-4.34624],[-79.19145,-4.34749],[-79.18369,-4.35222],[-79.18132,-4.35125],[-79.18187,-4.35745],[-79.17458,-4.36287],[-79.17724,-4.36464],[-79.17637,-4.36727],[-79.17415,-4.36567],[-79.17507,-4.36893],[-79.17184,-4.37179],[-79.17417,-4.37244],[-79.17383,-4.37677],[-79.1724,-4.37539],[-79.17227,-4.37823],[-79.17135,-4.37452],[-79.16969,-4.37987],[-79.17203,-4.381],[-79.17214,-4.38634],[-79.16885,-4.38875],[-79.1677,-4.38797],[-79.16286,-4.39489],[-79.15925,-4.39164],[-79.15948,-4.39648],[-79.15706,-4.39847],[-79.16002,-4.39985],[-79.15577,-4.40037],[-79.15213,-4.40514],[-79.15296,-4.40644],[-79.15683,-4.40465],[-79.15879,-4.40655],[-79.15979,-4.40594],[-79.15967,-4.40894],[-79.15733,-4.4107],[-79.1622,-4.41293],[-79.16106,-4.41653],[-79.16414,-4.41514],[-79.15932,-4.42013],[-79.15499,-4.42075],[-79.15474,-4.42315],[-79.14986,-4.42199],[-79.14632,-4.4242],[-79.14918,-4.4247],[-79.14837,-4.42841],[-79.15001,-4.42949],[-79.14905,-4.43139],[-79.15007,-4.43224],[-79.14818,-4.43396],[-79.14923,-4.43529],[-79.14638,-4.4372],[-79.14858,-4.43909],[-79.14825,-4.44395],[-79.14689,-4.44411],[-79.14761,-4.44772],[-79.14914,-4.45108],[-79.15295,-4.45402],[-79.15032,-4.45554],[-79.14994,-4.45939],[-79.14816,-4.46026],[-79.14764,-4.46274],[-79.14921,-4.46457],[-79.14518,-4.46517],[-79.14491,-4.46694],[-79.14658,-4.4688],[-79.1444,-4.46944],[-79.14428,-4.47163],[-79.14827,-4.47256]],[[-79.19884,-4.03336],[-79.19894,-4.03277]],[[-79.148,-4.47329],[-79.14584,-4.47713],[-79.14743,-4.48062],[-79.14926,-4.48103],[-79.14813,-4.48254],[-79.14875,-4.4844],[-79.1442,-4.48829],[-79.14043,-4.48665],[-79.13846,-4.48734],[-79.13807,-4.49115],[-79.13637,-4.49063],[-79.13379,-4.49283],[-79.13436,-4.49826],[-79.13089,-4.49491],[-79.12526,-4.49287],[-79.12656,-4.4992],[-79.1252,-4.50456],[-79.12611,-4.50902],[-79.12356,-4.51013],[-79.12657,-4.51468],[-79.1266,-4.51679],[-79.12397,-4.51746],[-79.12592,-4.52176],[-79.1289,-4.52186],[-79.13153,-4.52475],[-79.13202,-4.52853],[-79.12971,-4.53342],[-79.13254,-4.53429],[-79.13156,-4.54134],[-79.1282,-4.54131],[-79.13251,-4.54349],[-79.13241,-4.54453],[-79.13052,-4.5448],[-79.13024,-4.54718],[-79.13709,-4.55765],[-79.13769,-4.5614],[-79.13491,-4.56957],[-79.13785,-4.57186],[-79.1335,-4.57483],[-79.13529,-4.57849],[-79.13119,-4.58432],[-79.13148,-4.58621],[-79.12817,-4.58695],[-79.12922,-4.59036],[-79.12668,-4.5941],[-79.12831,-4.59514],[-79.12537,-4.59657],[-79.12708,-4.6025],[-79.12908,-4.60349],[-79.12638,-4.60559],[-79.12808,-4.61085],[-79.12554,-4.61381],[-79.1304,-4.61757],[-79.12776,-4.62675],[-79.13151,-4.63343],[-79.13298,-4.63169],[-79.13735,-4.63201],[-79.13519,-4.63326],[-79.13586,-4.63964],[-79.13364,-4.64208],[-79.13714,-4.6445],[-79.13192,-4.64485],[-79.13186,-4.64513],[-79.1323,-4.64664],[-79.13369,-4.64803],[-79.13209,-4.65031],[-79.13023,-4.64948],[-79.12877,-4.65134],[-79.13122,-4.65362],[-79.13118,-4.65511],[-79.1326,-4.65525],[-79.13105,-4.65607],[-79.12879,-4.65521],[-79.13178,-4.66028],[-79.13076,-4.66561],[-79.13528,-4.66746],[-79.13189,-4.66885],[-79.12873,-4.67342],[-79.13077,-4.67738],[-79.12865,-4.6772],[-79.12797,-4.67876],[-79.13003,-4.68174],[-79.12898,-4.68447],[-79.13121,-4.68834]],[[-79.13191,-4.64529],[-79.1337,-4.64793]],[[-79.11592,-4.9775],[-79.11369,-4.97567],[-79.1147,-4.97512],[-79.1137,-4.97286],[-79.11479,-4.97166],[-79.11263,-4.97074],[-79.11521,-4.97011],[-79.11662,-4.97213],[-79.11582,-4.96947],[-79.11735,-4.96783],[-79.11627,-4.962],[-79.1195,-4.96104],[-79.11861,-4.95962],[-79.12027,-4.95639],[-79.11922,-4.9515],[-79.11704,-4.95114],[-79.11867,-4.94501],[-79.11628,-4.94541],[-79.11638,-4.93954],[-79.11235,-4.9361],[-79.10883,-4.93551],[-79.10599,-4.9367],[-79.10074,-4.93275],[-79.10295,-4.93313],[-79.10273,-4.93189],[-79.10465,-4.9305],[-79.10695,-4.93165],[-79.10751,-4.9295],[-79.11094,-4.93079],[-79.11298,-4.92783],[-79.10969,-4.92744],[-79.11131,-4.92154],[-79.10621,-4.91892],[-79.10674,-4.91707],[-79.10494,-4.91601],[-79.1052,-4.91142],[-79.10427,-4.9107],[-79.10671,-4.90883],[-79.10716,-4.90648],[-79.11079,-4.90554],[-79.10976,-4.90479],[-79.1108,-4.90054],[-79.1138,-4.89805],[-79.11198,-4.89826],[-79.11219,-4.89594],[-79.11074,-4.89504],[-79.11449,-4.89413],[-79.11435,-4.89008],[-79.11612,-4.89195],[-79.11642,-4.89083],[-79.12099,-4.89101],[-79.1229,-4.88961],[-79.12068,-4.8891],[-79.11988,-4.8875],[-79.12192,-4.8866],[-79.12749,-4.89333],[-79.12782,-4.89089],[-79.12928,-4.89084],[-79.13128,-4.88824],[-79.13342,-4.88161],[-79.13242,-4.88077],[-79.13354,-4.87926],[-79.13224,-4.87497],[-79.13516,-4.87383],[-79.13278,-4.8651]],[[-79.12702,-4.86381],[-79.12675,-4.86489],[-79.12911,-4.8632],[-79.12993,-4.86515],[-79.13271,-4.86495]],[[-79.12887,-4.70236],[-79.12748,-4.71751],[-79.13174,-4.72623],[-79.12937,-4.72558],[-79.12594,-4.72158],[-79.12545,-4.72441],[-79.1238,-4.72319],[-79.12259,-4.72374],[-79.1224,-4.72829],[-79.11959,-4.72781],[-79.11813,-4.72984],[-79.11811,-4.73485],[-79.11943,-4.73699],[-79.11789,-4.73969],[-79.12329,-4.74223],[-79.12362,-4.74498],[-79.11786,-4.74923],[-79.11751,-4.75188],[-79.11879,-4.75262],[-79.11751,-4.7536],[-79.11785,-4.7559],[-79.11671,-4.75616],[-79.11503,-4.75425],[-79.11223,-4.75711],[-79.10834,-4.75497],[-79.10762,-4.75606],[-79.10877,-4.75808],[-79.10452,-4.76168],[-79.10717,-4.76236],[-79.10787,-4.76521],[-79.10883,-4.76322],[-79.11088,-4.76357],[-79.11237,-4.76608],[-79.11094,-4.76852],[-79.11318,-4.76919],[-79.11324,-4.77133],[-79.11813,-4.76983],[-79.11598,-4.7737],[-79.11919,-4.77857],[-79.11264,-4.77718],[-79.1089,-4.77806],[-79.11209,-4.78386],[-79.11564,-4.78527],[-79.11292,-4.7861],[-79.11157,-4.78797],[-79.11668,-4.79364],[-79.11322,-4.79658],[-79.11358,-4.79876],[-79.11625,-4.80054],[-79.11682,-4.80365],[-79.11298,-4.80654],[-79.11294,-4.80935],[-79.10832,-4.81505],[-79.11004,-4.82046],[-79.1142,-4.82347],[-79.11231,-4.8247],[-79.11405,-4.82517],[-79.11649,-4.82362],[-79.11571,-4.82194],[-79.11754,-4.82311],[-79.11446,-4.82714],[-79.11179,-4.82746],[-79.1149,-4.82876],[-79.11788,-4.82781],[-79.11986,-4.82876],[-79.11923,-4.83023],[-79.12074,-4.82945],[-79.12109,-4.83218],[-79.11789,-4.83297],[-79.11879,-4.83609],[-79.118,-4.83914],[-79.12114,-4.8355],[-79.12416,-4.83576],[-79.12534,-4.83436],[-79.12244,-4.83909],[-79.12579,-4.84018],[-79.13009,-4.84553],[-79.12701,-4.84847],[-79.12888,-4.85095],[-79.12857,-4.85429],[-79.12647,-4.85465],[-79.12538,-4.85705],[-79.12741,-4.85952],[-79.12638,-4.86018],[-79.12687,-4.86369]],[[-79.1269,-4.86378],[-79.12691,-4.86363],[-79.12707,-4.86367],[-79.12702,-4.86381],[-79.12695,-4.86381],[-79.1269,-4.86378]]]}}]}